id,data_inversa,uf,br,municipio,causa_acidente,tipo_acidente,classificacao_acidente,fase_dia,condicao_metereologica,tipo_pista,uso_solo,tipo_veiculo,estado_fisico,idade,sexo
83123368,01/01/2014,RN,226,SANTA CRUZ,Outras,Capotamento,Ignorado           ,Pleno dia,Ceu Claro,Simples ,Rural ,Automóvel,Ignorado    ,-1.0,Masculino
83123368,01/01/2014,RN,226,SANTA CRUZ,Outras,Capotamento,Ignorado           ,Pleno dia,Ceu Claro,Simples ,Rural ,Automóvel,Ignorado    ,-1.0,Masculino
83123402,01/01/2014,RN,304,ITAJA,Outras,Saída de Pista,Com Vítimas Feridas,Pleno dia,Ceu Claro,Simples ,Urbano,Automóvel,Ferido Leve ,19.0,Masculino
83123402,01/01/2014,RN,304,ITAJA,Outras,Saída de Pista,Com Vítimas Feridas,Pleno dia,Ceu Claro,Simples ,Urbano,Automóvel,Ileso       ,0.0,Masculino
83123402,01/01/2014,RN,304,ITAJA,Outras,Saída de Pista,Com Vítimas Feridas,Pleno dia,Ceu Claro,Simples ,Urbano,Automóvel,Ileso       ,24.0,Masculino
83123402,01/01/2014,RN,304,ITAJA,Outras,Saída de Pista,Com Vítimas Feridas,Pleno dia,Ceu Claro,Simples ,Urbano,Automóvel,Ileso       ,32.0,Masculino
83123402,01/01/2014,RN,304,ITAJA,Outras,Saída de Pista,Com Vítimas Feridas,Pleno dia,Ceu Claro,Simples ,Urbano,Automóvel,Ferido Leve ,16.0,Feminino
83123411,01/01/2014,RN,101,EXTREMOZ,Ingestão de álcool,Atropelamento de pessoa,Com Vítimas Feridas,Pleno dia,Ceu Claro,Simples ,Rural ,Motocicletas,Ferido Grave,15.0,Masculino
83123411,01/01/2014,RN,101,EXTREMOZ,Ingestão de álcool,Atropelamento de pessoa,Com Vítimas Feridas,Pleno dia,Ceu Claro,Simples ,Rural ,(null),Ferido Grave,74.0,Masculino
83123460,01/01/2014,RN,427,CURRAIS NOVOS,Falta de atenção,Colisão traseira,Com Vítimas Feridas,Pleno dia,Ceu Claro,Simples ,Urbano,Automóvel,Ileso       ,31.0,Masculino
83123460,01/01/2014,RN,427,CURRAIS NOVOS,Falta de atenção,Colisão traseira,Com Vítimas Feridas,Pleno dia,Ceu Claro,Simples ,Urbano,Motocicletas,Ferido Leve ,37.0,Masculino
83123582,01/01/2014,RN,304,MOSSORO,Falta de atenção,Queda de motocicleta / bicicleta / veículo,Com Vítimas Feridas,Pleno dia,Sol,Simples ,Urbano,Ciclomotor,Ferido Leve ,35.0,Feminino
83123582,01/01/2014,RN,304,MOSSORO,Falta de atenção,Queda de motocicleta / bicicleta / veículo,Com Vítimas Feridas,Pleno dia,Sol,Simples ,Urbano,Ciclomotor,Ferido Leve ,17.0,Feminino
83123584,01/01/2014,RN,110,MOSSORO,Falta de atenção,Colisão traseira,Sem Vítimas        ,Pleno dia,Ceu Claro,Simples ,Urbano,Automóvel,Ileso       ,53.0,Masculino
83123584,01/01/2014,RN,110,MOSSORO,Falta de atenção,Colisão traseira,Sem Vítimas        ,Pleno dia,Ceu Claro,Simples ,Urbano,Automóvel,Ileso       ,30.0,Masculino
83123707,01/01/2014,RN,101,GOIANINHA,Falta de atenção,Colisão lateral,Sem Vítimas        ,Pleno dia,Ceu Claro,Dupla   ,Urbano,Ônibus,Ileso       ,18.0,Masculino
83123707,01/01/2014,RN,101,GOIANINHA,Falta de atenção,Colisão lateral,Sem Vítimas        ,Pleno dia,Ceu Claro,Dupla   ,Urbano,Automóvel,Ileso       ,31.0,Masculino
83123848,02/01/2014,RN,304,MOSSORO,Não guardar distância de segurança,Colisão traseira,Sem Vítimas        ,Pleno dia,Sol,Simples ,Urbano,Automóvel,Ileso       ,-1.0,Masculino
83123848,02/01/2014,RN,304,MOSSORO,Não guardar distância de segurança,Colisão traseira,Sem Vítimas        ,Pleno dia,Sol,Simples ,Urbano,Caminhão-Trator,Ileso       ,64.0,Masculino
83123954,02/01/2014,RN,226,SANTA CRUZ,Falta de atenção,Colisão Transversal,Com Vítimas Feridas,Pleno dia,Ceu Claro,Simples ,Rural ,Automóvel,Ileso       ,62.0,Masculino
83123954,02/01/2014,RN,226,SANTA CRUZ,Falta de atenção,Colisão Transversal,Com Vítimas Feridas,Pleno dia,Ceu Claro,Simples ,Rural ,Automóvel,Ileso       ,31.0,Masculino
83123954,02/01/2014,RN,226,SANTA CRUZ,Falta de atenção,Colisão Transversal,Com Vítimas Feridas,Pleno dia,Ceu Claro,Simples ,Rural ,Automóvel,Ileso       ,28.0,Feminino
83123954,02/01/2014,RN,226,SANTA CRUZ,Falta de atenção,Colisão Transversal,Com Vítimas Feridas,Pleno dia,Ceu Claro,Simples ,Rural ,Automóvel,Ferido Leve ,77.0,Masculino
83123954,02/01/2014,RN,226,SANTA CRUZ,Falta de atenção,Colisão Transversal,Com Vítimas Feridas,Pleno dia,Ceu Claro,Simples ,Rural ,Motocicletas,Ferido Grave,26.0,Masculino
83124141,02/01/2014,RN,304,MACAIBA,Falta de atenção,Colisão traseira,Sem Vítimas        ,Pleno dia,Ceu Claro,Simples ,Urbano,Automóvel,Ileso       ,33.0,Masculino
83124141,02/01/2014,RN,304,MACAIBA,Falta de atenção,Colisão traseira,Sem Vítimas        ,Pleno dia,Ceu Claro,Simples ,Urbano,Automóvel,Ileso       ,33.0,Masculino
83124141,02/01/2014,RN,304,MACAIBA,Falta de atenção,Colisão traseira,Sem Vítimas        ,Pleno dia,Ceu Claro,Simples ,Urbano,Automóvel,Ileso       ,33.0,Masculino
83124160,02/01/2014,RN,304,MOSSORO,Falta de atenção,Colisão traseira,Sem Vítimas        ,Anoitecer,Ceu Claro,Simples ,Urbano,Automóvel,Ileso       ,42.0,Masculino
83124160,02/01/2014,RN,304,MOSSORO,Falta de atenção,Colisão traseira,Sem Vítimas        ,Anoitecer,Ceu Claro,Simples ,Urbano,Automóvel,Ileso       ,23.0,Feminino
83124176,02/01/2014,RN,226,MACAIBA,Outras,Colisão Transversal,Sem Vítimas        ,Pleno dia,Sol,Simples ,Urbano,Automóvel,Ileso       ,59.0,Feminino
83124176,02/01/2014,RN,226,MACAIBA,Outras,Colisão Transversal,Sem Vítimas        ,Pleno dia,Sol,Simples ,Urbano,Automóvel,Ileso       ,43.0,Masculino
83124186,02/01/2014,RN,101,NATAL,Falta de atenção,Colisão traseira,Sem Vítimas        ,Plena noite,Ceu Claro,Múltipla,Urbano,Automóvel,Ileso       ,-1.0,Masculino
83124186,02/01/2014,RN,101,NATAL,Falta de atenção,Colisão traseira,Sem Vítimas        ,Plena noite,Ceu Claro,Múltipla,Urbano,Automóvel,Ileso       ,-1.0,Masculino
83124191,01/01/2014,RN,405,PAU DOS FERROS,Ingestão de álcool,Colisão lateral,Com Vítimas Feridas,Pleno dia,Ceu Claro,Simples ,Urbano,Automóvel,Ileso       ,22.0,Masculino
83124191,01/01/2014,RN,405,PAU DOS FERROS,Ingestão de álcool,Colisão lateral,Com Vítimas Feridas,Pleno dia,Ceu Claro,Simples ,Urbano,Automóvel,Ileso       ,24.0,Masculino
83124191,01/01/2014,RN,405,PAU DOS FERROS,Ingestão de álcool,Colisão lateral,Com Vítimas Feridas,Pleno dia,Ceu Claro,Simples ,Urbano,Motocicletas,Ferido Leve ,36.0,Masculino
83124191,01/01/2014,RN,405,PAU DOS FERROS,Ingestão de álcool,Colisão lateral,Com Vítimas Feridas,Pleno dia,Ceu Claro,Simples ,Urbano,Automóvel,Ileso       ,-1.0,Feminino
83124191,01/01/2014,RN,405,PAU DOS FERROS,Ingestão de álcool,Colisão lateral,Com Vítimas Feridas,Pleno dia,Ceu Claro,Simples ,Urbano,Automóvel,Ileso       ,31.0,Feminino
83124216,02/01/2014,RN,101,NATAL,Ingestão de álcool,Atropelamento de pessoa,Com Vítimas Feridas,Plena noite,Vento,Dupla   ,Urbano,Camioneta,Ileso       ,30.0,Masculino
83124216,02/01/2014,RN,101,NATAL,Ingestão de álcool,Atropelamento de pessoa,Com Vítimas Feridas,Plena noite,Vento,Dupla   ,Urbano,(null),Ferido Grave,-1.0,Masculino
83124376,03/01/2014,RN,101,PARNAMIRIM,Falta de atenção,Colisão lateral,Sem Vítimas        ,Pleno dia,Ceu Claro,Dupla   ,Urbano,Automóvel,Ileso       ,31.0,Masculino
83124376,03/01/2014,RN,101,PARNAMIRIM,Falta de atenção,Colisão lateral,Sem Vítimas        ,Pleno dia,Ceu Claro,Dupla   ,Urbano,Caminhão,Ileso       ,46.0,Masculino
83124516,03/01/2014,RN,304,MACAIBA,Não guardar distância de segurança,Colisão traseira,Sem Vítimas        ,Pleno dia,Sol,Simples ,Rural ,Automóvel,Ileso       ,24.0,Masculino
83124516,03/01/2014,RN,304,MACAIBA,Não guardar distância de segurança,Colisão traseira,Sem Vítimas        ,Pleno dia,Sol,Simples ,Rural ,Automóvel,Ileso       ,25.0,Masculino
83124591,03/01/2014,RN,101,PARNAMIRIM,Falta de atenção,Colisão lateral,Com Vítimas Feridas,Pleno dia,Ceu Claro,Dupla   ,Urbano,Automóvel,Ileso       ,64.0,Masculino
83124591,03/01/2014,RN,101,PARNAMIRIM,Falta de atenção,Colisão lateral,Com Vítimas Feridas,Pleno dia,Ceu Claro,Dupla   ,Urbano,Motocicletas,Ferido Leve ,30.0,Masculino
83124629,03/01/2014,RN,101,NATAL,Falta de atenção,Colisão traseira,Sem Vítimas        ,Pleno dia,Ceu Claro,Múltipla,Urbano,Automóvel,Ileso       ,32.0,Masculino
83124629,03/01/2014,RN,101,NATAL,Falta de atenção,Colisão traseira,Sem Vítimas        ,Pleno dia,Ceu Claro,Múltipla,Urbano,Automóvel,Ileso       ,37.0,Feminino
83124629,03/01/2014,RN,101,NATAL,Falta de atenção,Colisão traseira,Sem Vítimas        ,Pleno dia,Ceu Claro,Múltipla,Urbano,Automóvel,Ileso       ,29.0,Masculino
83124670,03/01/2014,RN,304,MACAIBA,Falta de atenção,Colisão traseira,Sem Vítimas        ,Plena noite,Nublado,Simples ,Urbano,Caminhonete,Ileso       ,37.0,Masculino
83124670,03/01/2014,RN,304,MACAIBA,Falta de atenção,Colisão traseira,Sem Vítimas        ,Plena noite,Nublado,Simples ,Urbano,Ônibus,Ileso       ,30.0,Masculino
83124727,03/01/2014,RN,304,MACAIBA,Falta de atenção,Colisão traseira,Sem Vítimas        ,Pleno dia,Sol,Simples ,Rural ,Automóvel,Ileso       ,51.0,Masculino
83124727,03/01/2014,RN,304,MACAIBA,Falta de atenção,Colisão traseira,Sem Vítimas        ,Pleno dia,Sol,Simples ,Rural ,Automóvel,Ileso       ,62.0,Masculino
83124727,03/01/2014,RN,304,MACAIBA,Falta de atenção,Colisão traseira,Sem Vítimas        ,Pleno dia,Sol,Simples ,Rural ,Automóvel,Ileso       ,46.0,Masculino
83124777,02/01/2014,RN,101,BAIA FORMOSA,Outras,Capotamento,Com Vítimas Feridas,Pleno dia,Ceu Claro,Dupla   ,Rural ,Automóvel,Ferido Leve ,23.0,Feminino
83124816,03/01/2014,RN,226,NATAL,Desobediência à sinalização,Colisão traseira,Sem Vítimas        ,Plena noite,Ceu Claro,Dupla   ,Urbano,Caminhonete,Ileso       ,29.0,Feminino
83124816,03/01/2014,RN,226,NATAL,Desobediência à sinalização,Colisão traseira,Sem Vítimas        ,Plena noite,Ceu Claro,Dupla   ,Urbano,Automóvel,Ileso       ,33.0,Masculino
83124892,04/01/2014,RN,304,MOSSORO,Animais na Pista,Saída de Pista,Sem Vítimas        ,Plena noite,Ceu Claro,Dupla   ,Urbano,Caminhão-Trator,Ileso       ,48.0,Masculino
83124962,04/01/2014,RN,304,MOSSORO,Falta de atenção,Colisão traseira,Com Vítimas Feridas,Pleno dia,Ceu Claro,Dupla   ,Urbano,Motocicletas,Ferido Leve ,33.0,Feminino
83124962,04/01/2014,RN,304,MOSSORO,Falta de atenção,Colisão traseira,Com Vítimas Feridas,Pleno dia,Ceu Claro,Dupla   ,Urbano,Automóvel,Ileso       ,50.0,Feminino
83124962,04/01/2014,RN,304,MOSSORO,Falta de atenção,Colisão traseira,Com Vítimas Feridas,Pleno dia,Ceu Claro,Dupla   ,Urbano,Motocicletas,Ileso       ,43.0,Masculino
83125168,04/01/2014,RN,101,NATAL,Falta de atenção,Colisão traseira,Sem Vítimas        ,Pleno dia,Ceu Claro,Dupla   ,Urbano,Caminhonete,Ileso       ,-1.0,Masculino
83125168,04/01/2014,RN,101,NATAL,Falta de atenção,Colisão traseira,Sem Vítimas        ,Pleno dia,Ceu Claro,Dupla   ,Urbano,Automóvel,Ileso       ,41.0,Masculino
83125168,04/01/2014,RN,101,NATAL,Falta de atenção,Colisão traseira,Sem Vítimas        ,Pleno dia,Ceu Claro,Dupla   ,Urbano,Caminhonete,Ileso       ,30.0,Masculino
83125168,04/01/2014,RN,101,NATAL,Falta de atenção,Colisão traseira,Sem Vítimas        ,Pleno dia,Ceu Claro,Dupla   ,Urbano,Automóvel,Ileso       ,-1.0,Feminino
83125168,04/01/2014,RN,101,NATAL,Falta de atenção,Colisão traseira,Sem Vítimas        ,Pleno dia,Ceu Claro,Dupla   ,Urbano,Automóvel,Ileso       ,-1.0,Feminino
83125168,04/01/2014,RN,101,NATAL,Falta de atenção,Colisão traseira,Sem Vítimas        ,Pleno dia,Ceu Claro,Dupla   ,Urbano,Caminhonete,Ileso       ,-1.0,Masculino
83125203,04/01/2014,RN,304,CAICARA DO RIO DO VENTO,Outras,Colisão lateral,Sem Vítimas        ,Pleno dia,Sol,Simples ,Rural ,Automóvel,Ileso       ,46.0,Masculino
83125203,04/01/2014,RN,304,CAICARA DO RIO DO VENTO,Outras,Colisão lateral,Sem Vítimas        ,Pleno dia,Sol,Simples ,Rural ,Automóvel,Ileso       ,84.0,Masculino
83125214,04/01/2014,RN,101,GOIANINHA,Outras,Saída de Pista,Sem Vítimas        ,Pleno dia,Chuva,Dupla   ,Urbano,Automóvel,Ileso       ,42.0,Masculino
83125229,04/01/2014,RN,101,NATAL,Falta de atenção,Colisão lateral,Sem Vítimas        ,Pleno dia,Ceu Claro,Dupla   ,Urbano,Caminhonete,Ileso       ,38.0,Masculino
83125229,04/01/2014,RN,101,NATAL,Falta de atenção,Colisão lateral,Sem Vítimas        ,Pleno dia,Ceu Claro,Dupla   ,Urbano,Caminhonete,Ileso       ,46.0,Masculino
83125322,04/01/2014,RN,304,ASSU,Desobediência à sinalização,Colisão Transversal,Com Vítimas Feridas,Pleno dia,Ceu Claro,Simples ,Rural ,Automóvel,Ferido Leve ,48.0,Masculino
83125322,04/01/2014,RN,304,ASSU,Desobediência à sinalização,Colisão Transversal,Com Vítimas Feridas,Pleno dia,Ceu Claro,Simples ,Rural ,Motocicletas,Ferido Grave,28.0,Masculino
83125334,04/01/2014,RN,110,MOSSORO,Falta de atenção,Atropelamento de pessoa,Com Vítimas Feridas,Plena noite,Ceu Claro,Dupla   ,Urbano,(null),Ferido Grave,59.0,Feminino
83125334,04/01/2014,RN,110,MOSSORO,Falta de atenção,Atropelamento de pessoa,Com Vítimas Feridas,Plena noite,Ceu Claro,Dupla   ,Urbano,Automóvel,Ignorado    ,-1.0,Inválido
83125369,05/01/2014,RN,101,SAO GONCALO DO AMARANTE,Desobediência à sinalização,Colisão Transversal,Com Vítimas Feridas,Pleno dia,Ceu Claro,Dupla   ,Urbano,Automóvel,Ileso       ,35.0,Masculino
83125369,05/01/2014,RN,101,SAO GONCALO DO AMARANTE,Desobediência à sinalização,Colisão Transversal,Com Vítimas Feridas,Pleno dia,Ceu Claro,Dupla   ,Urbano,Motocicletas,Ferido Grave,23.0,Masculino
83125412,01/01/2014,RN,405,RAFAEL FERNANDES,Outras,Colisão frontal,Com Vítimas Feridas,Anoitecer,Nublado,Simples ,Rural ,Automóvel,Ileso       ,35.0,Masculino
83125412,01/01/2014,RN,405,RAFAEL FERNANDES,Outras,Colisão frontal,Com Vítimas Feridas,Anoitecer,Nublado,Simples ,Rural ,Motocicletas,Ferido Grave,19.0,Masculino
83125412,01/01/2014,RN,405,RAFAEL FERNANDES,Outras,Colisão frontal,Com Vítimas Feridas,Anoitecer,Nublado,Simples ,Rural ,(null),Ileso       ,-1.0,Masculino
83125472,01/01/2014,RN,101,CANGUARETAMA,Desobediência à sinalização,Colisão traseira,Com Vítimas Feridas,Anoitecer,Ceu Claro,Dupla   ,Urbano,Automóvel,Ferido Leve ,79.0,Masculino
83125472,01/01/2014,RN,101,CANGUARETAMA,Desobediência à sinalização,Colisão traseira,Com Vítimas Feridas,Anoitecer,Ceu Claro,Dupla   ,Urbano,Automóvel,Ileso       ,29.0,Masculino
83125494,05/01/2014,RN,101,PARNAMIRIM,Falta de atenção,Colisão lateral,Sem Vítimas        ,Pleno dia,Nublado,Dupla   ,Urbano,Ônibus,Ileso       ,48.0,Masculino
83125494,05/01/2014,RN,101,PARNAMIRIM,Falta de atenção,Colisão lateral,Sem Vítimas        ,Pleno dia,Nublado,Dupla   ,Urbano,Ônibus,Ileso       ,43.0,Masculino
83125547,05/01/2014,RN,304,ANGICOS,Animais na Pista,Colisão lateral,Sem Vítimas        ,Pleno dia,Ceu Claro,Simples ,Rural ,Caminhão,Ileso       ,42.0,Masculino
83125547,05/01/2014,RN,304,ANGICOS,Animais na Pista,Colisão lateral,Sem Vítimas        ,Pleno dia,Ceu Claro,Simples ,Rural ,Automóvel,Ileso       ,52.0,Masculino
83125548,01/01/2014,RN,405,LUIS GOMES,Outras,Colisão com objeto fixo,Com Vítimas Fatais ,Plena noite,Ceu Claro,Simples ,Rural ,Automóvel,Morto       ,29.0,Masculino
83125583,01/01/2014,RN,427,CAICO,Outras,Atropelamento de pessoa,Com Vítimas Feridas,Plena noite,Ceu Claro,Simples ,Urbano,Automóvel,Ignorado    ,-1.0,Inválido
83125583,01/01/2014,RN,427,CAICO,Outras,Atropelamento de pessoa,Com Vítimas Feridas,Plena noite,Ceu Claro,Simples ,Urbano,(null),Ferido Grave,28.0,Masculino
83125677,05/01/2014,RN,101,PARNAMIRIM,Falta de atenção,Colisão traseira,Sem Vítimas        ,Anoitecer,Ceu Claro,Dupla   ,Urbano,Automóvel,Ileso       ,42.0,Masculino
83125677,05/01/2014,RN,101,PARNAMIRIM,Falta de atenção,Colisão traseira,Sem Vítimas        ,Anoitecer,Ceu Claro,Dupla   ,Urbano,Automóvel,Ileso       ,41.0,Masculino
83125677,05/01/2014,RN,101,PARNAMIRIM,Falta de atenção,Colisão traseira,Sem Vítimas        ,Anoitecer,Ceu Claro,Dupla   ,Urbano,Caminhonete,Ileso       ,39.0,Masculino
83125940,03/01/2014,RN,101,NATAL,Não guardar distância de segurança,Colisão traseira,Sem Vítimas        ,Pleno dia,Ceu Claro,Dupla   ,Urbano,Automóvel,Ileso       ,18.0,Masculino
83125940,03/01/2014,RN,101,NATAL,Não guardar distância de segurança,Colisão traseira,Sem Vítimas        ,Pleno dia,Ceu Claro,Dupla   ,Urbano,Ônibus,Ileso       ,35.0,Masculino
83126049,06/01/2014,RN,304,MOSSORO,Falta de atenção,Colisão com bicicleta,Com Vítimas Feridas,Pleno dia,Ceu Claro,Dupla   ,Urbano,Automóvel,Ileso       ,41.0,Masculino
83126049,06/01/2014,RN,304,MOSSORO,Falta de atenção,Colisão com bicicleta,Com Vítimas Feridas,Pleno dia,Ceu Claro,Dupla   ,Urbano,Bicicleta,Ferido Leve ,35.0,Feminino
83126063,06/01/2014,RN,427,CAICO,Falta de atenção,Atropelamento de pessoa,Com Vítimas Feridas,Pleno dia,Ceu Claro,Simples ,Urbano,Motocicletas,Ileso       ,-1.0,Masculino
83126063,06/01/2014,RN,427,CAICO,Falta de atenção,Atropelamento de pessoa,Com Vítimas Feridas,Pleno dia,Ceu Claro,Simples ,Urbano,(null),Ferido Grave,68.0,Masculino
83126108,06/01/2014,RN,101,PARNAMIRIM,Não guardar distância de segurança,Colisão traseira,Sem Vítimas        ,Pleno dia,Ceu Claro,Dupla   ,Urbano,Automóvel,Ileso       ,47.0,Feminino
83126108,06/01/2014,RN,101,PARNAMIRIM,Não guardar distância de segurança,Colisão traseira,Sem Vítimas        ,Pleno dia,Ceu Claro,Dupla   ,Urbano,Automóvel,Ileso       ,39.0,Feminino
83126108,06/01/2014,RN,101,PARNAMIRIM,Não guardar distância de segurança,Colisão traseira,Sem Vítimas        ,Pleno dia,Ceu Claro,Dupla   ,Urbano,Automóvel,Ignorado    ,-1.0,Inválido
83126112,06/01/2014,RN,304,MACAIBA,Falta de atenção,Colisão traseira,Sem Vítimas        ,Pleno dia,Sol,Simples ,Urbano,Automóvel,Ileso       ,32.0,Masculino
83126112,06/01/2014,RN,304,MACAIBA,Falta de atenção,Colisão traseira,Sem Vítimas        ,Pleno dia,Sol,Simples ,Urbano,Automóvel,Ileso       ,22.0,Masculino
83126112,06/01/2014,RN,304,MACAIBA,Falta de atenção,Colisão traseira,Sem Vítimas        ,Pleno dia,Sol,Simples ,Urbano,Automóvel,Ileso       ,27.0,Masculino
83126112,06/01/2014,RN,304,MACAIBA,Falta de atenção,Colisão traseira,Sem Vítimas        ,Pleno dia,Sol,Simples ,Urbano,Automóvel,Ileso       ,37.0,Masculino
83126112,06/01/2014,RN,304,MACAIBA,Falta de atenção,Colisão traseira,Sem Vítimas        ,Pleno dia,Sol,Simples ,Urbano,Automóvel,Ileso       ,62.0,Masculino
83126112,06/01/2014,RN,304,MACAIBA,Falta de atenção,Colisão traseira,Sem Vítimas        ,Pleno dia,Sol,Simples ,Urbano,Automóvel,Ileso       ,48.0,Masculino
83126265,06/01/2014,RN,101,CEARA-MIRIM,Falta de atenção,Colisão traseira,Sem Vítimas        ,Anoitecer,Ignorada,Simples ,Rural ,Automóvel,Ileso       ,35.0,Masculino
83126265,06/01/2014,RN,101,CEARA-MIRIM,Falta de atenção,Colisão traseira,Sem Vítimas        ,Anoitecer,Ignorada,Simples ,Rural ,Automóvel,Ileso       ,41.0,Masculino
83126265,06/01/2014,RN,101,CEARA-MIRIM,Falta de atenção,Colisão traseira,Sem Vítimas        ,Anoitecer,Ignorada,Simples ,Rural ,Automóvel,Ileso       ,35.0,Masculino
83126270,06/01/2014,RN,101,CEARA-MIRIM,Não guardar distância de segurança,Colisão traseira,Sem Vítimas        ,Pleno dia,Sol,Simples ,Rural ,Automóvel,Ileso       ,35.0,Masculino
83126270,06/01/2014,RN,101,CEARA-MIRIM,Não guardar distância de segurança,Colisão traseira,Sem Vítimas        ,Pleno dia,Sol,Simples ,Rural ,Utilitário,Ileso       ,41.0,Masculino
83126301,03/01/2014,RN,304,MOSSORO,Desobediência à sinalização,Colisão Transversal,Com Vítimas Fatais ,Pleno dia,Ceu Claro,Dupla   ,Urbano,Motoneta,Morto       ,29.0,Masculino
83126301,03/01/2014,RN,304,MOSSORO,Desobediência à sinalização,Colisão Transversal,Com Vítimas Fatais ,Pleno dia,Ceu Claro,Dupla   ,Urbano,Ônibus,Ileso       ,40.0,Masculino
83126322,06/01/2014,RN,101,PARNAMIRIM,Falta de atenção,Colisão traseira,Sem Vítimas        ,Plena noite,Ceu Claro,Múltipla,Urbano,Utilitário,Ileso       ,-1.0,Masculino
83126322,06/01/2014,RN,101,PARNAMIRIM,Falta de atenção,Colisão traseira,Sem Vítimas        ,Plena noite,Ceu Claro,Múltipla,Urbano,Automóvel,Ileso       ,-1.0,Feminino
83126322,06/01/2014,RN,101,PARNAMIRIM,Falta de atenção,Colisão traseira,Sem Vítimas        ,Plena noite,Ceu Claro,Múltipla,Urbano,Automóvel,Ileso       ,-1.0,Masculino
83126338,06/01/2014,RN,101,SAO GONCALO DO AMARANTE,Falta de atenção,Colisão lateral,Sem Vítimas        ,Pleno dia,Ceu Claro,Dupla   ,Urbano,Automóvel,Ileso       ,43.0,Masculino
83126338,06/01/2014,RN,101,SAO GONCALO DO AMARANTE,Falta de atenção,Colisão lateral,Sem Vítimas        ,Pleno dia,Ceu Claro,Dupla   ,Urbano,Automóvel,Ileso       ,39.0,Feminino
83126345,06/01/2014,RN,101,SAO GONCALO DO AMARANTE,Defeito mecânico em veículo,Colisão com objeto móvel,Sem Vítimas        ,Plena noite,Ceu Claro,Dupla   ,Urbano,Microônibus,Ileso       ,27.0,Masculino
83126345,06/01/2014,RN,101,SAO GONCALO DO AMARANTE,Defeito mecânico em veículo,Colisão com objeto móvel,Sem Vítimas        ,Plena noite,Ceu Claro,Dupla   ,Urbano,Automóvel,Ileso       ,33.0,Masculino
83126346,06/01/2014,RN,226,CURRAIS NOVOS,Falta de atenção,Colisão Transversal,Com Vítimas Feridas,Pleno dia,Sol,Simples ,Urbano,Caminhão,Ileso       ,61.0,Masculino
83126346,06/01/2014,RN,226,CURRAIS NOVOS,Falta de atenção,Colisão Transversal,Com Vítimas Feridas,Pleno dia,Sol,Simples ,Urbano,Ciclomotor,Ferido Leve ,76.0,Masculino
83126464,01/01/2014,RN,226,CAMPO GRANDE,Animais na Pista,Atropelamento de animal,Com Vítimas Fatais ,Plena noite,Ceu Claro,Simples ,Rural ,Motocicletas,Morto       ,37.0,Masculino
83126465,07/01/2014,RN,406,JOAO CAMARA,Não guardar distância de segurança,Colisão traseira,Com Vítimas Feridas,Pleno dia,Sol,Simples ,Rural ,Motocicletas,Ferido Leve ,46.0,Masculino
83126465,07/01/2014,RN,406,JOAO CAMARA,Não guardar distância de segurança,Colisão traseira,Com Vítimas Feridas,Pleno dia,Sol,Simples ,Rural ,Caminhão-Trator,Ileso       ,45.0,Masculino
83126465,07/01/2014,RN,406,JOAO CAMARA,Não guardar distância de segurança,Colisão traseira,Com Vítimas Feridas,Pleno dia,Sol,Simples ,Rural ,Automóvel,Ileso       ,20.0,Masculino
83126491,07/01/2014,RN,101,SAO JOSE DE MIPIBU,Falta de atenção,Colisão traseira,Sem Vítimas        ,Pleno dia,Chuva,Dupla   ,Rural ,Automóvel,Ileso       ,27.0,Feminino
83126491,07/01/2014,RN,101,SAO JOSE DE MIPIBU,Falta de atenção,Colisão traseira,Sem Vítimas        ,Pleno dia,Chuva,Dupla   ,Rural ,Automóvel,Ileso       ,28.0,Feminino
83126560,07/01/2014,RN,406,CEARA-MIRIM,Falta de atenção,Colisão Transversal,Com Vítimas Feridas,Pleno dia,Ceu Claro,Simples ,Rural ,Motocicletas,Ferido Grave,25.0,Masculino
83126560,07/01/2014,RN,406,CEARA-MIRIM,Falta de atenção,Colisão Transversal,Com Vítimas Feridas,Pleno dia,Ceu Claro,Simples ,Rural ,Motoneta,Ferido Leve ,19.0,Masculino
83126592,07/01/2014,RN,101,NATAL,Não guardar distância de segurança,Colisão traseira,Sem Vítimas        ,Pleno dia,Nublado,Dupla   ,Urbano,Automóvel,Ileso       ,38.0,Masculino
83126592,07/01/2014,RN,101,NATAL,Não guardar distância de segurança,Colisão traseira,Sem Vítimas        ,Pleno dia,Nublado,Dupla   ,Urbano,Automóvel,Ileso       ,29.0,Masculino
83126704,07/01/2014,RN,101,NATAL,Falta de atenção,Colisão traseira,Sem Vítimas        ,Pleno dia,Sol,Dupla   ,Urbano,Caminhonete,Ileso       ,54.0,Masculino
83126704,07/01/2014,RN,101,NATAL,Falta de atenção,Colisão traseira,Sem Vítimas        ,Pleno dia,Sol,Dupla   ,Urbano,Automóvel,Ileso       ,28.0,Masculino
83126704,07/01/2014,RN,101,NATAL,Falta de atenção,Colisão traseira,Sem Vítimas        ,Pleno dia,Sol,Dupla   ,Urbano,Automóvel,Ignorado    ,-1.0,Inválido
83126742,06/01/2014,RN,304,MOSSORO,Falta de atenção,Colisão traseira,Sem Vítimas        ,Pleno dia,Sol,Múltipla,Urbano,Automóvel,Ileso       ,24.0,Masculino