id,data_inversa,uf,br,municipio,causa_acidente,tipo_acidente,classificacao_acidente,fase_dia,condicao_metereologica,tipo_pista,uso_solo,tipo_veiculo,estado_fisico,idade,sexo
83142934,09/02/2014,RN,101,PARNAMIRIM,Outras,Capotamento,Com Vítimas Feridas,Pleno dia,Ceu Claro,Múltipla,Urbano,Automóvel,Ileso       ,50.0,Feminino
83142934,09/02/2014,RN,101,PARNAMIRIM,Outras,Capotamento,Com Vítimas Feridas,Pleno dia,Ceu Claro,Múltipla,Urbano,Automóvel,Ferido Leve ,78.0,Masculino
83142960,09/02/2014,RN,101,PARNAMIRIM,Ingestão de álcool,Colisão traseira,Com Vítimas Feridas,Plena noite,Ceu Claro,Dupla   ,Urbano,Automóvel,Ileso       ,24.0,Masculino
83142960,09/02/2014,RN,101,PARNAMIRIM,Ingestão de álcool,Colisão traseira,Com Vítimas Feridas,Plena noite,Ceu Claro,Dupla   ,Urbano,Automóvel,Ileso       ,48.0,Feminino
83142960,09/02/2014,RN,101,PARNAMIRIM,Ingestão de álcool,Colisão traseira,Com Vítimas Feridas,Plena noite,Ceu Claro,Dupla   ,Urbano,Motocicletas,Ileso       ,29.0,Masculino
83142960,09/02/2014,RN,101,PARNAMIRIM,Ingestão de álcool,Colisão traseira,Com Vítimas Feridas,Plena noite,Ceu Claro,Dupla   ,Urbano,Automóvel,Ileso       ,22.0,Masculino
83142960,09/02/2014,RN,101,PARNAMIRIM,Ingestão de álcool,Colisão traseira,Com Vítimas Feridas,Plena noite,Ceu Claro,Dupla   ,Urbano,Motocicletas,Ferido Leve ,26.0,Feminino
83142980,09/02/2014,RN,101,SAO GONCALO DO AMARANTE,Não guardar distância de segurança,Colisão traseira,Sem Vítimas        ,Plena noite,Vento,Dupla   ,Urbano,Automóvel,Ileso       ,33.0,Masculino
83142980,09/02/2014,RN,101,SAO GONCALO DO AMARANTE,Não guardar distância de segurança,Colisão traseira,Sem Vítimas        ,Plena noite,Vento,Dupla   ,Urbano,Ônibus,Ileso       ,34.0,Masculino
83142983,09/02/2014,RN,405,TABOLEIRO GRANDE,Outras,Saída de Pista,Com Vítimas Fatais ,Pleno dia,Nublado,Simples ,Rural ,Motocicletas,Morto       ,28.0,Masculino
83142983,09/02/2014,RN,405,TABOLEIRO GRANDE,Outras,Saída de Pista,Com Vítimas Fatais ,Pleno dia,Nublado,Simples ,Rural ,Motocicletas,Ferido Grave,37.0,Masculino
83142997,09/02/2014,RN,101,CEARA-MIRIM,Desobediência à sinalização,Colisão lateral,Sem Vítimas        ,Pleno dia,Ceu Claro,Simples ,Rural ,Automóvel,Ileso       ,22.0,Masculino
83142997,09/02/2014,RN,101,CEARA-MIRIM,Desobediência à sinalização,Colisão lateral,Sem Vítimas        ,Pleno dia,Ceu Claro,Simples ,Rural ,Automóvel,Ileso       ,28.0,Masculino
83143181,08/02/2014,RN,101,NATAL,Falta de atenção,Colisão traseira,Com Vítimas Feridas,Pleno dia,Ceu Claro,Dupla   ,Urbano,Automóvel,Ileso       ,47.0,Feminino
83143181,08/02/2014,RN,101,NATAL,Falta de atenção,Colisão traseira,Com Vítimas Feridas,Pleno dia,Ceu Claro,Dupla   ,Urbano,Motocicletas,Ferido Leve ,40.0,Masculino
83143181,08/02/2014,RN,101,NATAL,Falta de atenção,Colisão traseira,Com Vítimas Feridas,Pleno dia,Ceu Claro,Dupla   ,Urbano,Motocicletas,Ferido Grave,37.0,Feminino
83143181,08/02/2014,RN,101,NATAL,Falta de atenção,Colisão traseira,Com Vítimas Feridas,Pleno dia,Ceu Claro,Dupla   ,Urbano,Automóvel,Ileso       ,26.0,Masculino
83143183,10/02/2014,RN,101,NATAL,Falta de atenção,Colisão lateral,Sem Vítimas        ,Pleno dia,Ceu Claro,Dupla   ,Urbano,Automóvel,Ileso       ,37.0,Masculino
83143183,10/02/2014,RN,101,NATAL,Falta de atenção,Colisão lateral,Sem Vítimas        ,Pleno dia,Ceu Claro,Dupla   ,Urbano,Ciclomotor,Ignorado    ,-1.0,Masculino
83143293,04/02/2014,RN,427,ACARI,Dormindo,Capotamento,Com Vítimas Feridas,Pleno dia,Ceu Claro,Simples ,Rural ,Automóvel,Ferido Leve ,25.0,Masculino
83143337,10/02/2014,RN,226,MACAIBA,Falta de atenção,Colisão traseira,Sem Vítimas        ,Pleno dia,Sol,Simples ,Urbano,Automóvel,Ileso       ,59.0,Feminino
83143337,10/02/2014,RN,226,MACAIBA,Falta de atenção,Colisão traseira,Sem Vítimas        ,Pleno dia,Sol,Simples ,Urbano,Motocicletas,Ileso       ,20.0,Masculino
83143342,07/02/2014,RN,101,PARNAMIRIM,Outras,Colisão Transversal,Sem Vítimas        ,Pleno dia,Ceu Claro,Dupla   ,Urbano,Motocicletas,Ileso       ,33.0,Masculino
83143342,07/02/2014,RN,101,PARNAMIRIM,Outras,Colisão Transversal,Sem Vítimas        ,Pleno dia,Ceu Claro,Dupla   ,Urbano,Automóvel,Ileso       ,27.0,Masculino
83143418,10/02/2014,RN,101,NATAL,Falta de atenção,Colisão lateral,Com Vítimas Feridas,Anoitecer,Ceu Claro,Dupla   ,Urbano,Automóvel,Ignorado    ,-1.0,Inválido
83143418,10/02/2014,RN,101,NATAL,Falta de atenção,Colisão lateral,Com Vítimas Feridas,Anoitecer,Ceu Claro,Dupla   ,Urbano,Motocicletas,Ferido Leve ,30.0,Masculino
83143418,10/02/2014,RN,101,NATAL,Falta de atenção,Colisão lateral,Com Vítimas Feridas,Anoitecer,Ceu Claro,Dupla   ,Urbano,Motocicletas,Ferido Grave,31.0,Feminino
83143453,10/02/2014,RN,405,ITAU,Não guardar distância de segurança,Colisão traseira,Sem Vítimas        ,Pleno dia,Sol,Simples ,Urbano,Caminhonete,Ileso       ,36.0,Masculino
83143453,10/02/2014,RN,405,ITAU,Não guardar distância de segurança,Colisão traseira,Sem Vítimas        ,Pleno dia,Sol,Simples ,Urbano,Caminhão-Tanque,Ileso       ,28.0,Masculino
83143526,10/02/2014,RN,101,PARNAMIRIM,Outras,Colisão Transversal,Com Vítimas Feridas,Plena noite,Ignorada,Múltipla,Urbano,Automóvel,Ileso       ,38.0,Masculino
83143526,10/02/2014,RN,101,PARNAMIRIM,Outras,Colisão Transversal,Com Vítimas Feridas,Plena noite,Ignorada,Múltipla,Urbano,Motocicletas,Ferido Leve ,22.0,Masculino
83143526,10/02/2014,RN,101,PARNAMIRIM,Outras,Colisão Transversal,Com Vítimas Feridas,Plena noite,Ignorada,Múltipla,Urbano,Motocicletas,Ferido Leve ,34.0,Feminino
83143572,06/02/2014,RN,101,PARNAMIRIM,Outras,Colisão Transversal,Com Vítimas Feridas,Pleno dia,Ceu Claro,Múltipla,Urbano,Motocicletas,Ferido Leve ,45.0,Masculino
83143572,06/02/2014,RN,101,PARNAMIRIM,Outras,Colisão Transversal,Com Vítimas Feridas,Pleno dia,Ceu Claro,Múltipla,Urbano,Ciclomotor,Ileso       ,32.0,Masculino
83143586,10/02/2014,RN,427,CAICO,Ingestão de álcool,Colisão traseira,Com Vítimas Feridas,Plena noite,Ceu Claro,Simples ,Urbano,Ciclomotor,Ileso       ,46.0,Masculino
83143586,10/02/2014,RN,427,CAICO,Ingestão de álcool,Colisão traseira,Com Vítimas Feridas,Plena noite,Ceu Claro,Simples ,Urbano,Motocicletas,Ileso       ,34.0,Masculino
83143586,10/02/2014,RN,427,CAICO,Ingestão de álcool,Colisão traseira,Com Vítimas Feridas,Plena noite,Ceu Claro,Simples ,Urbano,Ciclomotor,Ferido Leve ,3.0,Masculino
83143645,07/02/2014,RN,101,NATAL,Falta de atenção,Colisão traseira,Sem Vítimas        ,Plena noite,Ceu Claro,Múltipla,Urbano,Automóvel,Ileso       ,32.0,Feminino
83143645,07/02/2014,RN,101,NATAL,Falta de atenção,Colisão traseira,Sem Vítimas        ,Plena noite,Ceu Claro,Múltipla,Urbano,Automóvel,Ileso       ,24.0,Masculino
83143732,11/02/2014,RN,101,NATAL,Falta de atenção,Queda de motocicleta / bicicleta / veículo,Com Vítimas Fatais ,Pleno dia,Chuva,Múltipla,Urbano,Caminhão,Ileso       ,37.0,Masculino
83143732,11/02/2014,RN,101,NATAL,Falta de atenção,Queda de motocicleta / bicicleta / veículo,Com Vítimas Fatais ,Pleno dia,Chuva,Múltipla,Urbano,Ciclomotor,Morto       ,31.0,Masculino
83143745,08/02/2014,RN,101,NATAL,Falta de atenção,Colisão traseira,Com Vítimas Feridas,Pleno dia,Ceu Claro,Dupla   ,Urbano,Motocicletas,Ferido Leve ,25.0,Masculino
83143745,08/02/2014,RN,101,NATAL,Falta de atenção,Colisão traseira,Com Vítimas Feridas,Pleno dia,Ceu Claro,Dupla   ,Urbano,Automóvel,Ileso       ,-1.0,Feminino
83143745,08/02/2014,RN,101,NATAL,Falta de atenção,Colisão traseira,Com Vítimas Feridas,Pleno dia,Ceu Claro,Dupla   ,Urbano,Motocicletas,Ferido Leve ,19.0,Feminino
83143767,11/02/2014,RN,101,NATAL,Falta de atenção,Colisão lateral,Com Vítimas Feridas,Pleno dia,Nublado,Dupla   ,Urbano,Automóvel,Ignorado    ,-1.0,Inválido
83143767,11/02/2014,RN,101,NATAL,Falta de atenção,Colisão lateral,Com Vítimas Feridas,Pleno dia,Nublado,Dupla   ,Urbano,Motocicletas,Ferido Leve ,53.0,Masculino
83143769,06/02/2014,RN,101,NATAL,Falta de atenção,Colisão lateral,Sem Vítimas        ,Pleno dia,Sol,Múltipla,Urbano,Automóvel,Ileso       ,27.0,Masculino
83143769,06/02/2014,RN,101,NATAL,Falta de atenção,Colisão lateral,Sem Vítimas        ,Pleno dia,Sol,Múltipla,Urbano,Caminhão,Ileso       ,30.0,Masculino
83143825,09/02/2014,RN,304,MOSSORO,Outras,Colisão frontal,Com Vítimas Feridas,Plena noite,Ceu Claro,Dupla   ,Urbano,Automóvel,Ignorado    ,-1.0,Masculino
83143825,09/02/2014,RN,304,MOSSORO,Outras,Colisão frontal,Com Vítimas Feridas,Plena noite,Ceu Claro,Dupla   ,Urbano,Automóvel,Ferido Leve ,18.0,Feminino
83143825,09/02/2014,RN,304,MOSSORO,Outras,Colisão frontal,Com Vítimas Feridas,Plena noite,Ceu Claro,Dupla   ,Urbano,Automóvel,Ileso       ,19.0,Feminino
83143825,09/02/2014,RN,304,MOSSORO,Outras,Colisão frontal,Com Vítimas Feridas,Plena noite,Ceu Claro,Dupla   ,Urbano,Carroça,Ferido Grave,72.0,Masculino
83143848,08/02/2014,RN,406,MACAU,Defeito mecânico em veículo,Colisão traseira,Com Vítimas Feridas,Plena noite,Ceu Claro,Simples ,Urbano,Motocicletas,Ferido Grave,-1.0,Masculino
83143848,08/02/2014,RN,406,MACAU,Defeito mecânico em veículo,Colisão traseira,Com Vítimas Feridas,Plena noite,Ceu Claro,Simples ,Urbano,Automóvel,Ileso       ,26.0,Masculino
83143857,08/01/2014,RN,304,MACAIBA,Não guardar distância de segurança,Colisão traseira,Sem Vítimas        ,Pleno dia,Ceu Claro,Simples ,Urbano,Automóvel,Ileso       ,42.0,Masculino
83143857,08/01/2014,RN,304,MACAIBA,Não guardar distância de segurança,Colisão traseira,Sem Vítimas        ,Pleno dia,Ceu Claro,Simples ,Urbano,Caminhonete,Ileso       ,56.0,Masculino
83143857,08/01/2014,RN,304,MACAIBA,Não guardar distância de segurança,Colisão traseira,Sem Vítimas        ,Pleno dia,Ceu Claro,Simples ,Urbano,Caminhão-Trator,Ileso       ,24.0,Masculino
83143875,09/02/2014,RN,101,SAO JOSE DE MIPIBU,Dormindo,Colisão com objeto fixo,Sem Vítimas        ,Pleno dia,Nublado,Dupla   ,Rural ,Automóvel,Ileso       ,48.0,Masculino
83143946,11/02/2014,RN,101,PARNAMIRIM,Outras,Colisão traseira,Sem Vítimas        ,Pleno dia,Sol,Dupla   ,Urbano,Microônibus,Ileso       ,42.0,Masculino
83143946,11/02/2014,RN,101,PARNAMIRIM,Outras,Colisão traseira,Sem Vítimas        ,Pleno dia,Sol,Dupla   ,Urbano,Caminhão,Ileso       ,30.0,Masculino
83144016,08/02/2014,RN,304,SAO PEDRO,Outras,Colisão com objeto fixo,Sem Vítimas        ,Pleno dia,Sol,Simples ,Rural ,Automóvel,Ileso       ,53.0,Masculino
83144109,11/02/2014,RN,304,MOSSORO,Falta de atenção,Colisão lateral,Sem Vítimas        ,Plena noite,Nublado,Simples ,Urbano,Automóvel,Ileso       ,32.0,Masculino
83144109,11/02/2014,RN,304,MOSSORO,Falta de atenção,Colisão lateral,Sem Vítimas        ,Plena noite,Nublado,Simples ,Urbano,Caminhão,Ileso       ,68.0,Masculino
83144171,11/02/2014,RN,304,MOSSORO,Falta de atenção,Colisão lateral,Sem Vítimas        ,Plena noite,Ceu Claro,Dupla   ,Urbano,Caminhão,Ignorado    ,-1.0,Inválido
83144171,11/02/2014,RN,304,MOSSORO,Falta de atenção,Colisão lateral,Sem Vítimas        ,Plena noite,Ceu Claro,Dupla   ,Urbano,Automóvel,Ileso       ,-1.0,Feminino
83144171,11/02/2014,RN,304,MOSSORO,Falta de atenção,Colisão lateral,Sem Vítimas        ,Plena noite,Ceu Claro,Dupla   ,Urbano,Automóvel,Ileso       ,28.0,Feminino
83144319,12/02/2014,RN,304,MOSSORO,Falta de atenção,Colisão lateral,Com Vítimas Feridas,Pleno dia,Ceu Claro,Dupla   ,Urbano,Automóvel,Ileso       ,53.0,Masculino
83144319,12/02/2014,RN,304,MOSSORO,Falta de atenção,Colisão lateral,Com Vítimas Feridas,Pleno dia,Ceu Claro,Dupla   ,Urbano,Motoneta,Ferido Grave,35.0,Masculino
83144354,08/02/2014,RN,101,SAO JOSE DE MIPIBU,Animais na Pista,Saída de Pista,Sem Vítimas        ,Plena noite,Ceu Claro,Simples ,Rural ,Automóvel,Ileso       ,35.0,Masculino
83144376,08/02/2014,RN,304,MOSSORO,Ingestão de álcool,Colisão traseira,Com Vítimas Feridas,Plena noite,Ceu Claro,Simples ,Rural ,Caminhonete,Ileso       ,37.0,Masculino
83144376,08/02/2014,RN,304,MOSSORO,Ingestão de álcool,Colisão traseira,Com Vítimas Feridas,Plena noite,Ceu Claro,Simples ,Rural ,Ciclomotor,Ferido Grave,32.0,Masculino
83144376,08/02/2014,RN,304,MOSSORO,Ingestão de álcool,Colisão traseira,Com Vítimas Feridas,Plena noite,Ceu Claro,Simples ,Rural ,Ciclomotor,Ferido Grave,31.0,Feminino
83144436,12/02/2014,RN,101,NATAL,Desobediência à sinalização,Colisão traseira,Sem Vítimas        ,Pleno dia,Ceu Claro,Dupla   ,Urbano,Caminhonete,Ileso       ,57.0,Masculino
83144436,12/02/2014,RN,101,NATAL,Desobediência à sinalização,Colisão traseira,Sem Vítimas        ,Pleno dia,Ceu Claro,Dupla   ,Urbano,Automóvel,Ileso       ,62.0,Masculino
83144452,09/02/2014,RN,101,SAO JOSE DE MIPIBU,Falta de atenção,Colisão traseira,Sem Vítimas        ,Pleno dia,Ceu Claro,Dupla   ,Urbano,Automóvel,Ileso       ,-1.0,Masculino
83144452,09/02/2014,RN,101,SAO JOSE DE MIPIBU,Falta de atenção,Colisão traseira,Sem Vítimas        ,Pleno dia,Ceu Claro,Dupla   ,Urbano,Automóvel,Ileso       ,-1.0,Masculino
83144483,09/02/2014,RN,101,SAO JOSE DE MIPIBU,Ingestão de álcool,Capotamento,Sem Vítimas        ,Pleno dia,Ceu Claro,Dupla   ,Rural ,Automóvel,Ileso       ,-1.0,Masculino
83144594,12/02/2014,RN,304,MOSSORO,Desobediência à sinalização,Colisão lateral,Sem Vítimas        ,Plena noite,Nublado,Dupla   ,Urbano,Automóvel,Ileso       ,26.0,Masculino
83144594,12/02/2014,RN,304,MOSSORO,Desobediência à sinalização,Colisão lateral,Sem Vítimas        ,Plena noite,Nublado,Dupla   ,Urbano,Automóvel,Ileso       ,24.0,Masculino
83144669,09/02/2014,RN,304,MOSSORO,Falta de atenção,Colisão Transversal,Sem Vítimas        ,Pleno dia,Ceu Claro,Dupla   ,Urbano,Automóvel,Ileso       ,45.0,Masculino
83144669,09/02/2014,RN,304,MOSSORO,Falta de atenção,Colisão Transversal,Sem Vítimas        ,Pleno dia,Ceu Claro,Dupla   ,Urbano,Ciclomotor,Ignorado    ,-1.0,Masculino
83144669,09/02/2014,RN,304,MOSSORO,Falta de atenção,Colisão Transversal,Sem Vítimas        ,Pleno dia,Ceu Claro,Dupla   ,Urbano,Ciclomotor,Ignorado    ,-1.0,Masculino
83144678,13/02/2014,RN,101,PARNAMIRIM,Falta de atenção,Colisão lateral,Com Vítimas Feridas,Pleno dia,Sol,Dupla   ,Urbano,Motocicletas,Ferido Leve ,28.0,Masculino
83144678,13/02/2014,RN,101,PARNAMIRIM,Falta de atenção,Colisão lateral,Com Vítimas Feridas,Pleno dia,Sol,Dupla   ,Urbano,Motocicletas,Ferido Leve ,40.0,Masculino
83144939,13/02/2014,RN,101,SAO JOSE DE MIPIBU,Falta de atenção,Colisão lateral,Com Vítimas Feridas,Pleno dia,Ceu Claro,Dupla   ,Rural ,Motocicletas,Ferido Leve ,25.0,Masculino
83144939,13/02/2014,RN,101,SAO JOSE DE MIPIBU,Falta de atenção,Colisão lateral,Com Vítimas Feridas,Pleno dia,Ceu Claro,Dupla   ,Rural ,Motocicletas,Ferido Leve ,25.0,Masculino
83144939,13/02/2014,RN,101,SAO JOSE DE MIPIBU,Falta de atenção,Colisão lateral,Com Vítimas Feridas,Pleno dia,Ceu Claro,Dupla   ,Rural ,Não identificado,Ignorado    ,-1.0,Inválido
83144973,13/02/2014,RN,110,AREIA BRANCA,Falta de atenção,Colisão traseira,Sem Vítimas        ,Pleno dia,Sol,Simples ,Rural ,Ônibus,Ileso       ,32.0,Masculino
83144973,13/02/2014,RN,110,AREIA BRANCA,Falta de atenção,Colisão traseira,Sem Vítimas        ,Pleno dia,Sol,Simples ,Rural ,Automóvel,Ileso       ,36.0,Masculino
83144973,13/02/2014,RN,110,AREIA BRANCA,Falta de atenção,Colisão traseira,Sem Vítimas        ,Pleno dia,Sol,Simples ,Rural ,Automóvel,Ileso       ,46.0,Masculino
83144973,13/02/2014,RN,110,AREIA BRANCA,Falta de atenção,Colisão traseira,Sem Vítimas        ,Pleno dia,Sol,Simples ,Rural ,Microônibus,Ileso       ,43.0,Masculino
83144973,13/02/2014,RN,110,AREIA BRANCA,Falta de atenção,Colisão traseira,Sem Vítimas        ,Pleno dia,Sol,Simples ,Rural ,Caminhão-Trator,Ileso       ,25.0,Masculino
83145129,13/02/2014,RN,101,PARNAMIRIM,Falta de atenção,Colisão traseira,Sem Vítimas        ,Plena noite,Ceu Claro,Dupla   ,Urbano,Automóvel,Ileso       ,19.0,Masculino
83145129,13/02/2014,RN,101,PARNAMIRIM,Falta de atenção,Colisão traseira,Sem Vítimas        ,Plena noite,Ceu Claro,Dupla   ,Urbano,Automóvel,Ileso       ,28.0,Feminino
83145226,10/02/2014,RN,226,CURRAIS NOVOS,Ingestão de álcool,Colisão lateral,Sem Vítimas        ,Plena noite,Ceu Claro,Simples ,Rural ,Automóvel,Ileso       ,59.0,Masculino
83145226,10/02/2014,RN,226,CURRAIS NOVOS,Ingestão de álcool,Colisão lateral,Sem Vítimas        ,Plena noite,Ceu Claro,Simples ,Rural ,Automóvel,Ileso       ,43.0,Feminino
83145226,10/02/2014,RN,226,CURRAIS NOVOS,Ingestão de álcool,Colisão lateral,Sem Vítimas        ,Plena noite,Ceu Claro,Simples ,Rural ,Automóvel,Ileso       ,-1.0,Masculino
83145236,14/02/2014,RN,406,SAO GONCALO DO AMARANTE,Defeito mecânico em veículo,Colisão lateral,Com Vítimas Feridas,Pleno dia,Sol,Simples ,Rural ,Motocicletas,Ferido Leve ,37.0,Masculino
83145236,14/02/2014,RN,406,SAO GONCALO DO AMARANTE,Defeito mecânico em veículo,Colisão lateral,Com Vítimas Feridas,Pleno dia,Sol,Simples ,Rural ,Motocicletas,Ferido Grave,39.0,Feminino
83145236,14/02/2014,RN,406,SAO GONCALO DO AMARANTE,Defeito mecânico em veículo,Colisão lateral,Com Vítimas Feridas,Pleno dia,Sol,Simples ,Rural ,Automóvel,Ileso       ,25.0,Masculino
83145310,14/02/2014,RN,427,JARDIM DO SERIDO,Outras,Tombamento,Sem Vítimas        ,Amanhecer,Chuva,Simples ,Rural ,Automóvel,Ileso       ,-1.0,Masculino
83145475,14/02/2014,RN,101,PARNAMIRIM,Não guardar distância de segurança,Colisão traseira,Sem Vítimas        ,Pleno dia,Ceu Claro,Dupla   ,Urbano,Automóvel,Ileso       ,-1.0,Feminino
83145475,14/02/2014,RN,101,PARNAMIRIM,Não guardar distância de segurança,Colisão traseira,Sem Vítimas        ,Pleno dia,Ceu Claro,Dupla   ,Urbano,Utilitário,Ileso       ,-1.0,Masculino
83145518,14/02/2014,RN,101,NATAL,Falta de atenção,Colisão lateral,Sem Vítimas        ,Pleno dia,Ceu Claro,Dupla   ,Urbano,Automóvel,Ileso       ,35.0,Feminino
83145518,14/02/2014,RN,101,NATAL,Falta de atenção,Colisão lateral,Sem Vítimas        ,Pleno dia,Ceu Claro,Dupla   ,Urbano,Caminhão,Ignorado    ,-1.0,Masculino
83145655,14/02/2014,RN,101,CANGUARETAMA,Falta de atenção,Colisão lateral,Sem Vítimas        ,Plena noite,Ceu Claro,Dupla   ,Rural ,Automóvel,Ileso       ,39.0,Masculino
83145655,14/02/2014,RN,101,CANGUARETAMA,Falta de atenção,Colisão lateral,Sem Vítimas        ,Plena noite,Ceu Claro,Dupla   ,Rural ,Automóvel,Ileso       ,32.0,Feminino
83145758,11/02/2014,RN,101,PARNAMIRIM,Não guardar distância de segurança,Colisão traseira,Sem Vítimas        ,Pleno dia,Ceu Claro,Múltipla,Urbano,Automóvel,Ileso       ,34.0,Masculino
83145758,11/02/2014,RN,101,PARNAMIRIM,Não guardar distância de segurança,Colisão traseira,Sem Vítimas        ,Pleno dia,Ceu Claro,Múltipla,Urbano,Camioneta,Ileso       ,37.0,Masculino
83145777,15/02/2014,RN,304,ASSU,Ingestão de álcool,Colisão Transversal,Sem Vítimas        ,Plena noite,Ceu Claro,Simples ,Urbano,Automóvel,Ileso       ,23.0,Masculino
83145777,15/02/2014,RN,304,ASSU,Ingestão de álcool,Colisão Transversal,Sem Vítimas        ,Plena noite,Ceu Claro,Simples ,Urbano,Camioneta,Ileso       ,65.0,Masculino
83145777,15/02/2014,RN,304,ASSU,Ingestão de álcool,Colisão Transversal,Sem Vítimas        ,Plena noite,Ceu Claro,Simples ,Urbano,Caminhão-Trator,Ileso       ,61.0,Masculino
83145816,15/02/2014,RN,101,GOIANINHA,Animais na Pista,Atropelamento de animal,Com Vítimas Feridas,Pleno dia,Sol,Dupla   ,Urbano,Motocicletas,Ferido Leve ,28.0,Masculino
83145836,15/02/2014,RN,101,SAO GONCALO DO AMARANTE,Desobediência à sinalização,Colisão lateral,Com Vítimas Feridas,Pleno dia,Ceu Claro,Dupla   ,Urbano,Camioneta,Ileso       ,43.0,Masculino
83145836,15/02/2014,RN,101,SAO GONCALO DO AMARANTE,Desobediência à sinalização,Colisão lateral,Com Vítimas Feridas,Pleno dia,Ceu Claro,Dupla   ,Urbano,Motoneta,Ferido Leve ,24.0,Masculino
83145841,11/02/2014,RN,101,PARNAMIRIM,Falta de atenção,Colisão traseira,Sem Vítimas        ,Pleno dia,Ceu Claro,Simples ,Urbano,Automóvel,Ileso       ,42.0,Masculino
83145841,11/02/2014,RN,101,PARNAMIRIM,Falta de atenção,Colisão traseira,Sem Vítimas        ,Pleno dia,Ceu Claro,Simples ,Urbano,Automóvel,Ileso       ,28.0,Masculino
83145842,15/02/2014,RN,101,PARNAMIRIM,Outras,Colisão traseira,Com Vítimas Feridas,Pleno dia,Ceu Claro,Dupla   ,Urbano,Motocicletas,Ferido Grave,55.0,Masculino
83145842,15/02/2014,RN,101,PARNAMIRIM,Outras,Colisão traseira,Com Vítimas Feridas,Pleno dia,Ceu Claro,Dupla   ,Urbano,Automóvel,Ileso       ,24.0,Masculino
83146007,12/02/2014,RN,101,NATAL,Defeito mecânico em veículo,Colisão com objeto móvel,Com Vítimas Feridas,Plena noite,Ceu Claro,Dupla   ,Urbano,Caminhão,Ignorado    ,-1.0,Masculino
83146007,12/02/2014,RN,101,NATAL,Defeito mecânico em veículo,Colisão com objeto móvel,Com Vítimas Feridas,Plena noite,Ceu Claro,Dupla   ,Urbano,Bicicleta,Ferido Leve ,-1.0,Masculino
83146078,15/02/2014,RN,226,MACAIBA,Ultrapassagem indevida,Colisão lateral,Com Vítimas Feridas,Pleno dia,Ceu Claro,Simples ,Urbano,Caminhão,Ileso       ,52.0,Masculino
83146078,15/02/2014,RN,226,MACAIBA,Ultrapassagem indevida,Colisão lateral,Com Vítimas Feridas,Pleno dia,Ceu Claro,Simples ,Urbano,Motoneta,Ferido Grave,41.0,Masculino
83146098,15/02/2014,RN,226,BOM JESUS,Ingestão de álcool,Colisão traseira,Sem Vítimas        ,Anoitecer,Ceu Claro,Simples ,Rural ,Automóvel,Ileso       ,65.0,Masculino
83146098,15/02/2014,RN,226,BOM JESUS,Ingestão de álcool,Colisão traseira,Sem Vítimas        ,Anoitecer,Ceu Claro,Simples ,Rural ,Automóvel,Ileso       ,-1.0,Masculino
83146103,15/02/2014,RN,226,NATAL,Falta de atenção,Colisão lateral,Com Vítimas Feridas,Plena noite,Ceu Claro,Dupla   ,Urbano,Automóvel,Ileso       ,32.0,Masculino
83146103,15/02/2014,RN,226,NATAL,Falta de atenção,Colisão lateral,Com Vítimas Feridas,Plena noite,Ceu Claro,Dupla   ,Urbano,Automóvel,Ferido Leve ,40.0,Feminino
83146103,15/02/2014,RN,226,NATAL,Falta de atenção,Colisão lateral,Com Vítimas Feridas,Plena noite,Ceu Claro,Dupla   ,Urbano,Automóvel,Ileso       ,61.0,Masculino
83146162,15/02/2014,RN,101,SAO GONCALO DO AMARANTE,Falta de atenção,Colisão Transversal,Com Vítimas Feridas,Pleno dia,Nublado,Dupla   ,Urbano,Camioneta,Ileso       ,27.0,Masculino
83146162,15/02/2014,RN,101,SAO GONCALO DO AMARANTE,Falta de atenção,Colisão Transversal,Com Vítimas Feridas,Pleno dia,Nublado,Dupla   ,Urbano,Motoneta,Ferido Leve ,71.0,Masculino
83146283,08/02/2014,RN,101,CANGUARETAMA,Outras,Saída de Pista,Sem Vítimas        ,Pleno dia,Nublado,Dupla   ,Rural ,Automóvel,Ileso       ,59.0,Masculino
83146296,08/02/2014,RN,101,PARNAMIRIM,Ingestão de álcool,Colisão traseira,Sem Vítimas        ,Plena noite,Ceu Claro,Dupla   ,Urbano,Motocicletas,Ileso       ,30.0,Masculino
83146296,08/02/2014,RN,101,PARNAMIRIM,Ingestão de álcool,Colisão traseira,Sem Vítimas        ,Plena noite,Ceu Claro,Dupla   ,Urbano,Caminhonete,Ileso       ,25.0,Masculino
83146310,12/02/2014,RN,226,NATAL,Desobediência à sinalização,Colisão lateral,Sem Vítimas        ,Pleno dia,Sol,Simples ,Rural ,Ônibus,Ileso       ,28.0,Masculino
83146310,12/02/2014,RN,226,NATAL,Desobediência à sinalização,Colisão lateral,Sem Vítimas        ,Pleno dia,Sol,Simples ,Rural ,Automóvel,Ileso       ,-1.0,Masculino
83146454,12/02/2014,RN,101,NATAL,Falta de atenção,Capotamento,Com Vítimas Feridas,Pleno dia,Ceu Claro,Simples ,Rural ,Automóvel,Ileso       ,38.0,Masculino
83146454,12/02/2014,RN,101,NATAL,Falta de atenção,Capotamento,Com Vítimas Feridas,Pleno dia,Ceu Claro,Simples ,Rural ,Automóvel,Ferido Leve ,-1.0,Masculino
83146454,12/02/2014,RN,101,NATAL,Falta de atenção,Capotamento,Com Vítimas Feridas,Pleno dia,Ceu Claro,Simples ,Rural ,Motocicletas,Ignorado    ,-1.0,Masculino