id,data_inversa,uf,br,municipio,causa_acidente,tipo_acidente,classificacao_acidente,fase_dia,condicao_metereologica,tipo_pista,uso_solo,tipo_veiculo,estado_fisico,idade,sexo
83146505,15/02/2014,RN,304,MOSSORO,Falta de atenção,Colisão traseira,Sem Vítimas        ,Pleno dia,Nublado,Dupla   ,Urbano,Automóvel,Ileso       ,23.0,Feminino
83146505,15/02/2014,RN,304,MOSSORO,Falta de atenção,Colisão traseira,Sem Vítimas        ,Pleno dia,Nublado,Dupla   ,Urbano,Automóvel,Ileso       ,67.0,Feminino
83146572,16/02/2014,RN,101,GOIANINHA,Desobediência à sinalização,Capotamento,Com Vítimas Feridas,Anoitecer,Ceu Claro,Dupla   ,Rural ,Utilitário,Ferido Grave,-1.0,Feminino
83146572,16/02/2014,RN,101,GOIANINHA,Desobediência à sinalização,Capotamento,Com Vítimas Feridas,Anoitecer,Ceu Claro,Dupla   ,Rural ,Utilitário,Ferido Leve ,-1.0,Feminino
83146572,16/02/2014,RN,101,GOIANINHA,Desobediência à sinalização,Capotamento,Com Vítimas Feridas,Anoitecer,Ceu Claro,Dupla   ,Rural ,Utilitário,Ferido Leve ,-1.0,Feminino
83146572,16/02/2014,RN,101,GOIANINHA,Desobediência à sinalização,Capotamento,Com Vítimas Feridas,Anoitecer,Ceu Claro,Dupla   ,Rural ,Utilitário,Ferido Grave,-1.0,Feminino
83146572,16/02/2014,RN,101,GOIANINHA,Desobediência à sinalização,Capotamento,Com Vítimas Feridas,Anoitecer,Ceu Claro,Dupla   ,Rural ,Utilitário,Ferido Leve ,-1.0,Feminino
83146577,16/02/2014,RN,101,PARNAMIRIM,Não guardar distância de segurança,Colisão traseira,Com Vítimas Feridas,Anoitecer,Nublado,Dupla   ,Urbano,Automóvel,Ileso       ,21.0,Feminino
83146577,16/02/2014,RN,101,PARNAMIRIM,Não guardar distância de segurança,Colisão traseira,Com Vítimas Feridas,Anoitecer,Nublado,Dupla   ,Urbano,Motocicletas,Ferido Grave,40.0,Masculino
83146598,16/02/2014,RN,304,ASSU,Animais na Pista,Atropelamento de animal,Com Vítimas Feridas,Plena noite,Ceu Claro,Simples ,Rural ,Motocicletas,Ferido Leve ,27.0,Masculino
83146633,17/02/2014,RN,110,AREIA BRANCA,Dormindo,Saída de Pista,Ignorado           ,Plena noite,Ceu Claro,Simples ,Rural ,Automóvel,Ignorado    ,-1.0,Masculino
83146724,17/02/2014,RN,304,MACAIBA,Falta de atenção,Colisão traseira,Sem Vítimas        ,Pleno dia,Ceu Claro,Múltipla,Urbano,Automóvel,Ileso       ,36.0,Masculino
83146724,17/02/2014,RN,304,MACAIBA,Falta de atenção,Colisão traseira,Sem Vítimas        ,Pleno dia,Ceu Claro,Múltipla,Urbano,Automóvel,Ileso       ,29.0,Masculino
83146724,17/02/2014,RN,304,MACAIBA,Falta de atenção,Colisão traseira,Sem Vítimas        ,Pleno dia,Ceu Claro,Múltipla,Urbano,Automóvel,Ileso       ,48.0,Masculino
83146741,17/02/2014,RN,101,PARNAMIRIM,Não guardar distância de segurança,Colisão lateral,Sem Vítimas        ,Pleno dia,Sol,Dupla   ,Urbano,Ônibus,Ileso       ,32.0,Masculino
83146741,17/02/2014,RN,101,PARNAMIRIM,Não guardar distância de segurança,Colisão lateral,Sem Vítimas        ,Pleno dia,Sol,Dupla   ,Urbano,Automóvel,Ileso       ,49.0,Feminino
83146898,17/02/2014,RN,101,PARNAMIRIM,Não guardar distância de segurança,Colisão lateral,Sem Vítimas        ,Pleno dia,Nublado,Dupla   ,Urbano,Automóvel,Ileso       ,24.0,Feminino
83146898,17/02/2014,RN,101,PARNAMIRIM,Não guardar distância de segurança,Colisão lateral,Sem Vítimas        ,Pleno dia,Nublado,Dupla   ,Urbano,Automóvel,Ileso       ,28.0,Feminino
83146898,17/02/2014,RN,101,PARNAMIRIM,Não guardar distância de segurança,Colisão lateral,Sem Vítimas        ,Pleno dia,Nublado,Dupla   ,Urbano,Não identificado,Ignorado    ,-1.0,Inválido
83146904,17/02/2014,RN,101,SAO JOSE DE MIPIBU,Desobediência à sinalização,Capotamento,Com Vítimas Feridas,Pleno dia,Ceu Claro,Dupla   ,Rural ,Automóvel,Ferido Grave,65.0,Masculino
83146920,13/02/2014,RN,101,PARNAMIRIM,Não guardar distância de segurança,Colisão traseira,Sem Vítimas        ,Plena noite,Ceu Claro,Dupla   ,Rural ,Automóvel,Ileso       ,43.0,Masculino
83146920,13/02/2014,RN,101,PARNAMIRIM,Não guardar distância de segurança,Colisão traseira,Sem Vítimas        ,Plena noite,Ceu Claro,Dupla   ,Rural ,Automóvel,Ileso       ,42.0,Feminino
83146969,17/02/2014,RN,101,NATAL,Outras,Colisão lateral,Com Vítimas Feridas,Pleno dia,Ceu Claro,Dupla   ,Urbano,Automóvel,Ileso       ,33.0,Masculino
83146969,17/02/2014,RN,101,NATAL,Outras,Colisão lateral,Com Vítimas Feridas,Pleno dia,Ceu Claro,Dupla   ,Urbano,Motocicletas,Ferido Leve ,21.0,Masculino
83147005,17/02/2014,RN,304,MOSSORO,Falta de atenção,Colisão com objeto fixo,Com Vítimas Feridas,Pleno dia,Nublado,Dupla   ,Urbano,Ciclomotor,Ferido Leve ,19.0,Feminino
83147005,17/02/2014,RN,304,MOSSORO,Falta de atenção,Colisão com objeto fixo,Com Vítimas Feridas,Pleno dia,Nublado,Dupla   ,Urbano,Ciclomotor,Ferido Leve ,50.0,Feminino
83147048,17/02/2014,RN,101,SAO GONCALO DO AMARANTE,Outras,Colisão lateral,Sem Vítimas        ,Pleno dia,Ceu Claro,Dupla   ,Urbano,Caminhão,Ileso       ,44.0,Masculino
83147048,17/02/2014,RN,101,SAO GONCALO DO AMARANTE,Outras,Colisão lateral,Sem Vítimas        ,Pleno dia,Ceu Claro,Dupla   ,Urbano,Automóvel,Ileso       ,33.0,Masculino
83147072,17/02/2014,RN,101,NATAL,Não guardar distância de segurança,Colisão lateral,Sem Vítimas        ,Pleno dia,Sol,Dupla   ,Urbano,Automóvel,Ileso       ,41.0,Masculino
83147072,17/02/2014,RN,101,NATAL,Não guardar distância de segurança,Colisão lateral,Sem Vítimas        ,Pleno dia,Sol,Dupla   ,Urbano,Automóvel,Ileso       ,46.0,Masculino
83147100,15/02/2014,RN,101,NATAL,Outras,Colisão lateral,Com Vítimas Feridas,Pleno dia,Ceu Claro,Dupla   ,Urbano,Motocicletas,Ferido Leve ,25.0,Masculino
83147100,15/02/2014,RN,101,NATAL,Outras,Colisão lateral,Com Vítimas Feridas,Pleno dia,Ceu Claro,Dupla   ,Urbano,Automóvel,Ignorado    ,-1.0,Inválido
83147253,17/02/2014,RN,101,PARNAMIRIM,Não guardar distância de segurança,Colisão traseira,Com Vítimas Feridas,Pleno dia,Sol,Dupla   ,Urbano,Ônibus,Ileso       ,39.0,Masculino
83147253,17/02/2014,RN,101,PARNAMIRIM,Não guardar distância de segurança,Colisão traseira,Com Vítimas Feridas,Pleno dia,Sol,Dupla   ,Urbano,Motocicletas,Ferido Leve ,19.0,Masculino
83147278,17/02/2014,RN,101,PARNAMIRIM,Desobediência à sinalização,Colisão lateral,Sem Vítimas        ,Pleno dia,Ceu Claro,Dupla   ,Urbano,Caminhão,Ileso       ,52.0,Masculino
83147278,17/02/2014,RN,101,PARNAMIRIM,Desobediência à sinalização,Colisão lateral,Sem Vítimas        ,Pleno dia,Ceu Claro,Dupla   ,Urbano,Automóvel,Ileso       ,29.0,Masculino
83147305,15/02/2014,RN,226,NATAL,Falta de atenção,Colisão Transversal,Com Vítimas Feridas,Anoitecer,Ceu Claro,Simples ,Urbano,Automóvel,Ileso       ,47.0,Masculino
83147305,15/02/2014,RN,226,NATAL,Falta de atenção,Colisão Transversal,Com Vítimas Feridas,Anoitecer,Ceu Claro,Simples ,Urbano,Motocicletas,Ferido Leve ,32.0,Masculino
83147315,14/02/2014,RN,226,SANTA CRUZ,Outras,Colisão frontal,Com Vítimas Feridas,Plena noite,Ceu Claro,Simples ,Urbano,Motocicletas,Ferido Grave,30.0,Masculino
83147315,14/02/2014,RN,226,SANTA CRUZ,Outras,Colisão frontal,Com Vítimas Feridas,Plena noite,Ceu Claro,Simples ,Urbano,Caminhão-Trator,Ileso       ,44.0,Masculino
83147525,18/02/2014,RN,101,NATAL,Desobediência à sinalização,Colisão Transversal,Sem Vítimas        ,Pleno dia,Chuva,Múltipla,Urbano,Automóvel,Ileso       ,33.0,Masculino
83147525,18/02/2014,RN,101,NATAL,Desobediência à sinalização,Colisão Transversal,Sem Vítimas        ,Pleno dia,Chuva,Múltipla,Urbano,Automóvel,Ileso       ,34.0,Masculino
83147539,18/02/2014,RN,304,MACAIBA,Defeito na via,Saída de Pista,Sem Vítimas        ,Pleno dia,Ceu Claro,Simples ,Rural ,Automóvel,Ileso       ,34.0,Feminino
83147543,18/02/2014,RN,304,MACAIBA,Outras,Colisão com objeto fixo,Sem Vítimas        ,Pleno dia,Nublado,Dupla   ,Rural ,Automóvel,Ileso       ,33.0,Masculino
83147548,18/02/2014,RN,101,CANGUARETAMA,Velocidade incompatível,Capotamento,Sem Vítimas        ,Pleno dia,Chuva,Dupla   ,Rural ,Caminhonete,Ileso       ,51.0,Masculino
83147549,18/02/2014,RN,101,CANGUARETAMA,Outras,Colisão com objeto fixo,Sem Vítimas        ,Pleno dia,Nublado,Dupla   ,Rural ,Automóvel,Ileso       ,28.0,Masculino
83147630,18/02/2014,RN,101,SAO GONCALO DO AMARANTE,Outras,Colisão lateral,Sem Vítimas        ,Plena noite,Chuva,Dupla   ,Urbano,Ônibus,Ileso       ,55.0,Masculino
83147630,18/02/2014,RN,101,SAO GONCALO DO AMARANTE,Outras,Colisão lateral,Sem Vítimas        ,Plena noite,Chuva,Dupla   ,Urbano,Automóvel,Ileso       ,36.0,Masculino
83147686,18/02/2014,RN,101,PARNAMIRIM,Outras,Atropelamento de pessoa,Com Vítimas Fatais ,Plena noite,Chuva,Múltipla,Urbano,Automóvel,Ileso       ,31.0,Masculino
83147686,18/02/2014,RN,101,PARNAMIRIM,Outras,Atropelamento de pessoa,Com Vítimas Fatais ,Plena noite,Chuva,Múltipla,Urbano,(null),Morto       ,-1.0,Masculino
83147705,18/02/2014,RN,101,SAO JOSE DE MIPIBU,Desobediência à sinalização,Colisão Transversal,Sem Vítimas        ,Plena noite,Nublado,Dupla   ,Urbano,Automóvel,Ileso       ,28.0,Masculino
83147705,18/02/2014,RN,101,SAO JOSE DE MIPIBU,Desobediência à sinalização,Colisão Transversal,Sem Vítimas        ,Plena noite,Nublado,Dupla   ,Urbano,Caminhonete,Ileso       ,24.0,Masculino
83147816,16/02/2014,RN,101,PARNAMIRIM,Ingestão de álcool,Colisão traseira,Sem Vítimas        ,Plena noite,Ceu Claro,Múltipla,Urbano,Automóvel,Ileso       ,29.0,Masculino
83147816,16/02/2014,RN,101,PARNAMIRIM,Ingestão de álcool,Colisão traseira,Sem Vítimas        ,Plena noite,Ceu Claro,Múltipla,Urbano,Automóvel,Ileso       ,33.0,Masculino
83147819,18/02/2014,RN,304,IPANGUACU,Outras,Saída de Pista,Com Vítimas Feridas,Pleno dia,Ceu Claro,Simples ,Rural ,Caminhonete,Ferido Leve ,36.0,Feminino
83147841,19/02/2014,RN,304,MACAIBA,Outras,Saída de Pista,Sem Vítimas        ,Plena noite,Nublado,Simples ,Rural ,Automóvel,Ileso       ,35.0,Masculino
83147869,19/02/2014,RN,101,SAO GONCALO DO AMARANTE,Desobediência à sinalização,Colisão lateral,Com Vítimas Feridas,Pleno dia,Ceu Claro,Dupla   ,Urbano,Motocicletas,Ileso       ,34.0,Masculino
83147869,19/02/2014,RN,101,SAO GONCALO DO AMARANTE,Desobediência à sinalização,Colisão lateral,Com Vítimas Feridas,Pleno dia,Ceu Claro,Dupla   ,Urbano,Motocicletas,Ferido Grave,20.0,Masculino
83147869,19/02/2014,RN,101,SAO GONCALO DO AMARANTE,Desobediência à sinalização,Colisão lateral,Com Vítimas Feridas,Pleno dia,Ceu Claro,Dupla   ,Urbano,Automóvel,Ileso       ,65.0,Masculino
83147901,17/02/2014,RN,110,MOSSORO,Ingestão de álcool,Colisão frontal,Com Vítimas Feridas,Plena noite,Ceu Claro,Simples ,Urbano,Motocicletas,Ferido Grave,19.0,Masculino
83147901,17/02/2014,RN,110,MOSSORO,Ingestão de álcool,Colisão frontal,Com Vítimas Feridas,Plena noite,Ceu Claro,Simples ,Urbano,Automóvel,Ileso       ,35.0,Masculino
83147901,17/02/2014,RN,110,MOSSORO,Ingestão de álcool,Colisão frontal,Com Vítimas Feridas,Plena noite,Ceu Claro,Simples ,Urbano,Motocicletas,Ferido Leve ,21.0,Masculino
83147945,19/02/2014,RN,101,NATAL,Não guardar distância de segurança,Colisão traseira,Sem Vítimas        ,Pleno dia,Nublado,Dupla   ,Urbano,Automóvel,Ileso       ,36.0,Feminino
83147945,19/02/2014,RN,101,NATAL,Não guardar distância de segurança,Colisão traseira,Sem Vítimas        ,Pleno dia,Nublado,Dupla   ,Urbano,Automóvel,Ileso       ,31.0,Masculino
83147945,19/02/2014,RN,101,NATAL,Não guardar distância de segurança,Colisão traseira,Sem Vítimas        ,Pleno dia,Nublado,Dupla   ,Urbano,Automóvel,Ileso       ,22.0,Masculino
83147969,16/02/2014,RN,304,MOSSORO,Outras,Colisão com objeto fixo,Com Vítimas Feridas,Amanhecer,Ceu Claro,Dupla   ,Urbano,Motocicletas,Ferido Leve ,16.0,Masculino
83147969,16/02/2014,RN,304,MOSSORO,Outras,Colisão com objeto fixo,Com Vítimas Feridas,Amanhecer,Ceu Claro,Dupla   ,Urbano,Motocicletas,Ferido Leve ,-1.0,Masculino
83148077,13/02/2014,RN,110,AREIA BRANCA,Outras,Colisão Transversal,Com Vítimas Feridas,Plena noite,Chuva,Simples ,Urbano,Caminhão,Ileso       ,40.0,Masculino
83148077,13/02/2014,RN,110,AREIA BRANCA,Outras,Colisão Transversal,Com Vítimas Feridas,Plena noite,Chuva,Simples ,Urbano,Motoneta,Ferido Grave,18.0,Masculino
83148135,20/02/2014,RN,101,SAO JOSE DE MIPIBU,Defeito mecânico em veículo,Capotamento,Sem Vítimas        ,Pleno dia,Nublado,Dupla   ,Urbano,Automóvel,Ileso       ,26.0,Feminino
83148155,20/02/2014,RN,226,SANTA CRUZ,Defeito mecânico em veículo,Tombamento,Com Vítimas Feridas,Pleno dia,Ceu Claro,Simples ,Rural ,Motocicletas,Ferido Leve ,53.0,Masculino
83148156,16/02/2014,RN,101,NATAL,Falta de atenção,Colisão lateral,Com Vítimas Feridas,Plena noite,Ceu Claro,Simples ,Urbano,Microônibus,Ferido Grave,-1.0,Masculino
83148156,16/02/2014,RN,101,NATAL,Falta de atenção,Colisão lateral,Com Vítimas Feridas,Plena noite,Ceu Claro,Simples ,Urbano,Ônibus,Ignorado    ,-1.0,Masculino
83148305,04/02/2014,RN,101,NATAL,Falta de atenção,Colisão traseira,Com Vítimas Feridas,Plena noite,Ceu Claro,Dupla   ,Urbano,Automóvel,Ferido Leve ,34.0,Feminino
83148305,04/02/2014,RN,101,NATAL,Falta de atenção,Colisão traseira,Com Vítimas Feridas,Plena noite,Ceu Claro,Dupla   ,Urbano,Caminhonete,Ileso       ,30.0,Masculino
83148433,18/02/2014,RN,304,LAJES,Dormindo,Capotamento,Com Vítimas Feridas,Pleno dia,Ceu Claro,Simples ,Rural ,Automóvel,Ferido Leve ,28.0,Masculino
83148439,13/02/2014,RN,101,PARNAMIRIM,Outras,Colisão traseira,Com Vítimas Feridas,Anoitecer,Ceu Claro,Dupla   ,Urbano,Motocicletas,Ferido Leve ,44.0,Masculino
83148439,13/02/2014,RN,101,PARNAMIRIM,Outras,Colisão traseira,Com Vítimas Feridas,Anoitecer,Ceu Claro,Dupla   ,Urbano,Automóvel,Ileso       ,38.0,Masculino
83148543,21/02/2014,RN,226,NATAL,Não guardar distância de segurança,Colisão traseira,Sem Vítimas        ,Amanhecer,Chuva,Simples ,Urbano,Camioneta,Ileso       ,45.0,Masculino
83148543,21/02/2014,RN,226,NATAL,Não guardar distância de segurança,Colisão traseira,Sem Vítimas        ,Amanhecer,Chuva,Simples ,Urbano,Caminhão,Ignorado    ,-1.0,Inválido
83148569,21/02/2014,RN,101,PARNAMIRIM,Falta de atenção,Colisão lateral,Sem Vítimas        ,Pleno dia,Nublado,Múltipla,Urbano,Ônibus,Ileso       ,42.0,Masculino
83148569,21/02/2014,RN,101,PARNAMIRIM,Falta de atenção,Colisão lateral,Sem Vítimas        ,Pleno dia,Nublado,Múltipla,Urbano,Automóvel,Ileso       ,51.0,Masculino
83148607,21/02/2014,RN,304,RIACHUELO,Falta de atenção,Colisão traseira,Sem Vítimas        ,Pleno dia,Ceu Claro,Simples ,Rural ,Automóvel,Ileso       ,29.0,Masculino
83148607,21/02/2014,RN,304,RIACHUELO,Falta de atenção,Colisão traseira,Sem Vítimas        ,Pleno dia,Ceu Claro,Simples ,Rural ,Microônibus,Ileso       ,48.0,Masculino
83148607,21/02/2014,RN,304,RIACHUELO,Falta de atenção,Colisão traseira,Sem Vítimas        ,Pleno dia,Ceu Claro,Simples ,Rural ,Caminhão-Trator,Ileso       ,-1.0,Masculino
83148618,21/02/2014,RN,405,MOSSORO,Desobediência à sinalização,Colisão com bicicleta,Com Vítimas Feridas,Pleno dia,Nublado,Simples ,Urbano,Bicicleta,Ferido Grave,17.0,Masculino
83148618,21/02/2014,RN,405,MOSSORO,Desobediência à sinalização,Colisão com bicicleta,Com Vítimas Feridas,Pleno dia,Nublado,Simples ,Urbano,Ciclomotor,Ferido Grave,25.0,Masculino
83148622,21/02/2014,RN,101,NATAL,Não guardar distância de segurança,Colisão traseira,Sem Vítimas        ,Pleno dia,Ceu Claro,Dupla   ,Urbano,Automóvel,Ileso       ,46.0,Feminino
83148622,21/02/2014,RN,101,NATAL,Não guardar distância de segurança,Colisão traseira,Sem Vítimas        ,Pleno dia,Ceu Claro,Dupla   ,Urbano,Automóvel,Ileso       ,28.0,Masculino
83148667,22/02/2014,RN,304,MACAIBA,Ingestão de álcool,Colisão traseira,Com Vítimas Feridas,Plena noite,Ceu Claro,Dupla   ,Urbano,Motocicletas,Ferido Grave,30.0,Masculino
83148667,22/02/2014,RN,304,MACAIBA,Ingestão de álcool,Colisão traseira,Com Vítimas Feridas,Plena noite,Ceu Claro,Dupla   ,Urbano,Caminhão,Ileso       ,-1.0,Inválido
83148737,19/02/2014,RN,101,PARNAMIRIM,Outras,Colisão Transversal,Sem Vítimas        ,Pleno dia,Ceu Claro,Dupla   ,Urbano,Caminhonete,Ileso       ,60.0,Masculino
83148737,19/02/2014,RN,101,PARNAMIRIM,Outras,Colisão Transversal,Sem Vítimas        ,Pleno dia,Ceu Claro,Dupla   ,Urbano,Automóvel,Ileso       ,53.0,Masculino
83148835,19/02/2014,RN,101,NATAL,Ingestão de álcool,Colisão Transversal,Sem Vítimas        ,Plena noite,Ceu Claro,Múltipla,Urbano,Automóvel,Ignorado    ,-1.0,Inválido
83148835,19/02/2014,RN,101,NATAL,Ingestão de álcool,Colisão Transversal,Sem Vítimas        ,Plena noite,Ceu Claro,Múltipla,Urbano,Automóvel,Ileso       ,-1.0,Masculino
83148893,22/02/2014,RN,101,NATAL,Outras,Colisão Transversal,Sem Vítimas        ,Pleno dia,Ceu Claro,Dupla   ,Urbano,Automóvel,Ileso       ,29.0,Masculino
83148893,22/02/2014,RN,101,NATAL,Outras,Colisão Transversal,Sem Vítimas        ,Pleno dia,Ceu Claro,Dupla   ,Urbano,Automóvel,Ileso       ,78.0,Masculino
83148906,22/02/2014,RN,101,PARNAMIRIM,Desobediência à sinalização,Colisão Transversal,Sem Vítimas        ,Pleno dia,Ceu Claro,Dupla   ,Urbano,Camioneta,Ileso       ,47.0,Feminino
83148906,22/02/2014,RN,101,PARNAMIRIM,Desobediência à sinalização,Colisão Transversal,Sem Vítimas        ,Pleno dia,Ceu Claro,Dupla   ,Urbano,Automóvel,Ileso       ,31.0,Masculino
83148933,22/02/2014,RN,226,CURRAIS NOVOS,Falta de atenção,Colisão traseira,Com Vítimas Feridas,Pleno dia,Ceu Claro,Dupla   ,Urbano,Automóvel,Ignorado    ,-1.0,Inválido
83148933,22/02/2014,RN,226,CURRAIS NOVOS,Falta de atenção,Colisão traseira,Com Vítimas Feridas,Pleno dia,Ceu Claro,Dupla   ,Urbano,Motocicletas,Ferido Grave,24.0,Masculino
83148935,19/02/2014,RN,101,PARNAMIRIM,Falta de atenção,Colisão lateral,Com Vítimas Feridas,Pleno dia,Ceu Claro,Dupla   ,Urbano,Automóvel,Ileso       ,45.0,Masculino
83148935,19/02/2014,RN,101,PARNAMIRIM,Falta de atenção,Colisão lateral,Com Vítimas Feridas,Pleno dia,Ceu Claro,Dupla   ,Urbano,Motocicletas,Ferido Leve ,36.0,Masculino
83148968,22/02/2014,RN,110,MOSSORO,Ingestão de álcool,Saída de Pista,Com Vítimas Feridas,Pleno dia,Ceu Claro,Múltipla,Urbano,Ciclomotor,Ferido Grave,-1.0,Masculino
83148968,22/02/2014,RN,110,MOSSORO,Ingestão de álcool,Saída de Pista,Com Vítimas Feridas,Pleno dia,Ceu Claro,Múltipla,Urbano,Ciclomotor,Ferido Leve ,34.0,Feminino
83148974,22/02/2014,RN,226,TANGARA,Falta de atenção,Capotamento,Com Vítimas Feridas,Pleno dia,Ceu Claro,Simples ,Urbano,Automóvel,Ferido Grave,36.0,Masculino
83148992,22/02/2014,RN,304,MOSSORO,Outras,Colisão traseira,Com Vítimas Feridas,Plena noite,Ceu Claro,Simples ,Rural ,Ciclomotor,Ferido Leve ,-1.0,Masculino
83148992,22/02/2014,RN,304,MOSSORO,Outras,Colisão traseira,Com Vítimas Feridas,Plena noite,Ceu Claro,Simples ,Rural ,Não identificado,Ileso       ,-1.0,Inválido
83148999,22/02/2014,RN,427,CAICO,Falta de atenção,Colisão Transversal,Sem Vítimas        ,Pleno dia,Sol,Simples ,Urbano,Motocicletas,Ileso       ,51.0,Masculino
83148999,22/02/2014,RN,427,CAICO,Falta de atenção,Colisão Transversal,Sem Vítimas        ,Pleno dia,Sol,Simples ,Urbano,Automóvel,Ileso       ,55.0,Masculino
83149155,23/02/2014,RN,101,SAO JOSE DE MIPIBU,Falta de atenção,Tombamento,Sem Vítimas        ,Amanhecer,Ceu Claro,Dupla   ,Rural ,Caminhão,Ileso       ,38.0,Masculino
83149271,16/02/2014,RN,304,MACAIBA,Animais na Pista,Atropelamento de animal,Com Vítimas Feridas,Plena noite,Ceu Claro,Simples ,Rural ,Automóvel,Ferido Leve ,76.0,Masculino
83149317,19/02/2014,RN,304,MOSSORO,Outras,Colisão com objeto fixo,Com Vítimas Feridas,Plena noite,Ceu Claro,Dupla   ,Urbano,Caminhonete,Ileso       ,34.0,Masculino
83149317,19/02/2014,RN,304,MOSSORO,Outras,Colisão com objeto fixo,Com Vítimas Feridas,Plena noite,Ceu Claro,Dupla   ,Urbano,Caminhonete,Ferido Leve ,50.0,Masculino
83149384,20/02/2014,RN,304,MOSSORO,Outras,Colisão lateral,Sem Vítimas        ,Pleno dia,Ceu Claro,Simples ,Rural ,Caminhão,Ignorado    ,-1.0,Inválido
83149384,20/02/2014,RN,304,MOSSORO,Outras,Colisão lateral,Sem Vítimas        ,Pleno dia,Ceu Claro,Simples ,Rural ,Automóvel,Ileso       ,39.0,Masculino
83149434,16/02/2014,RN,101,NATAL,Outras,Colisão lateral,Sem Vítimas        ,Plena noite,Ceu Claro,Múltipla,Urbano,Automóvel,Ileso       ,51.0,Masculino
83149434,16/02/2014,RN,101,NATAL,Outras,Colisão lateral,Sem Vítimas        ,Plena noite,Ceu Claro,Múltipla,Urbano,Automóvel,Ileso       ,25.0,Feminino
83149449,23/02/2014,RN,304,RIACHUELO,Outras,Saída de Pista,Com Vítimas Feridas,Anoitecer,Ceu Claro,Simples ,Rural ,Caminhão-Trator,Ferido Leve ,40.0,Masculino
83149449,23/02/2014,RN,304,RIACHUELO,Outras,Saída de Pista,Com Vítimas Feridas,Anoitecer,Ceu Claro,Simples ,Rural ,Caminhão-Trator,Ferido Grave,-1.0,Feminino
83149494,23/02/2014,RN,101,NATAL,Não guardar distância de segurança,Colisão traseira,Sem Vítimas        ,Pleno dia,Ceu Claro,Dupla   ,Urbano,Caminhonete,Ileso       ,39.0,Masculino
83149494,23/02/2014,RN,101,NATAL,Não guardar distância de segurança,Colisão traseira,Sem Vítimas        ,Pleno dia,Ceu Claro,Dupla   ,Urbano,Automóvel,Ileso       ,32.0,Masculino
83149506,22/02/2014,RN,405,SAO FRANCISCO DO OESTE,Outras,Queda de motocicleta / bicicleta / veículo,Com Vítimas Feridas,Plena noite,Ceu Claro,Simples ,Rural ,Motocicletas,Ferido Leve ,30.0,Masculino
83149506,22/02/2014,RN,405,SAO FRANCISCO DO OESTE,Outras,Queda de motocicleta / bicicleta / veículo,Com Vítimas Feridas,Plena noite,Ceu Claro,Simples ,Rural ,Motocicletas,Ferido Leve ,34.0,Masculino
83149556,14/02/2014,RN,304,MACAIBA,Outras,Capotamento,Sem Vítimas        ,Plena noite,Ceu Claro,Simples ,Rural ,Automóvel,Ileso       ,35.0,Masculino
83149604,20/02/2014,RN,101,PARNAMIRIM,Defeito mecânico em veículo,Saída de Pista,Com Vítimas Feridas,Pleno dia,Ceu Claro,Dupla   ,Rural ,Motoneta,Ferido Leve ,33.0,Masculino
83149604,20/02/2014,RN,101,PARNAMIRIM,Defeito mecânico em veículo,Saída de Pista,Com Vítimas Feridas,Pleno dia,Ceu Claro,Dupla   ,Rural ,Motoneta,Ferido Leve ,-1.0,Feminino
83149618,16/02/2014,RN,304,MACAIBA,Ingestão de álcool,Colisão Transversal,Sem Vítimas        ,Anoitecer,Ceu Claro,Simples ,Urbano,Automóvel,Ileso       ,56.0,Masculino
83149618,16/02/2014,RN,304,MACAIBA,Ingestão de álcool,Colisão Transversal,Sem Vítimas        ,Anoitecer,Ceu Claro,Simples ,Urbano,Automóvel,Ileso       ,43.0,Masculino
83149649,19/02/2014,RN,101,PARNAMIRIM,Outras,Colisão lateral,Sem Vítimas        ,Pleno dia,Ceu Claro,Dupla   ,Urbano,Automóvel,Ileso       ,34.0,Feminino
83149649,19/02/2014,RN,101,PARNAMIRIM,Outras,Colisão lateral,Sem Vítimas        ,Pleno dia,Ceu Claro,Dupla   ,Urbano,Caminhão,Ileso       ,-1.0,Masculino
83149695,20/02/2014,RN,101,NATAL,Falta de atenção,Atropelamento de pessoa,Com Vítimas Fatais ,Plena noite,Nublado,Dupla   ,Urbano,Automóvel,Ileso       ,60.0,Masculino
83149695,20/02/2014,RN,101,NATAL,Falta de atenção,Atropelamento de pessoa,Com Vítimas Fatais ,Plena noite,Nublado,Dupla   ,Urbano,(null),Morto       ,31.0,Feminino
83149724,24/02/2014,RN,101,SAO GONCALO DO AMARANTE,Não guardar distância de segurança,Colisão traseira,Sem Vítimas        ,Pleno dia,Sol,Dupla   ,Urbano,Automóvel,Ileso       ,76.0,Masculino
83149724,24/02/2014,RN,101,SAO GONCALO DO AMARANTE,Não guardar distância de segurança,Colisão traseira,Sem Vítimas        ,Pleno dia,Sol,Dupla   ,Urbano,Caminhão,Ileso       ,29.0,Masculino
83149736,15/02/2014,RN,427,CAICO,Ingestão de álcool,Colisão Transversal,Sem Vítimas        ,Plena noite,Nublado,Dupla   ,Urbano,Automóvel,Ileso       ,60.0,Masculino
83149736,15/02/2014,RN,427,CAICO,Ingestão de álcool,Colisão Transversal,Sem Vítimas        ,Plena noite,Nublado,Dupla   ,Urbano,Motoneta,Ileso       ,20.0,Masculino