id,data_inversa,uf,br,municipio,causa_acidente,tipo_acidente,classificacao_acidente,fase_dia,condicao_metereologica,tipo_pista,uso_solo,tipo_veiculo,estado_fisico,idade,sexo
83149771,20/02/2014,RN,226,CURRAIS NOVOS,Ingestão de álcool,Colisão com objeto fixo,Com Vítimas Feridas,Plena noite,Ceu Claro,Dupla   ,Urbano,Motocicletas,Ferido Leve ,-1.0,Masculino
83149771,20/02/2014,RN,226,CURRAIS NOVOS,Ingestão de álcool,Colisão com objeto fixo,Com Vítimas Feridas,Plena noite,Ceu Claro,Dupla   ,Urbano,Automóvel,Ileso       ,70.0,Feminino
83149912,20/02/2014,RN,101,NATAL,Não guardar distância de segurança,Colisão lateral,Sem Vítimas        ,Plena noite,Ceu Claro,Dupla   ,Urbano,Automóvel,Ileso       ,32.0,Masculino
83149912,20/02/2014,RN,101,NATAL,Não guardar distância de segurança,Colisão lateral,Sem Vítimas        ,Plena noite,Ceu Claro,Dupla   ,Urbano,Ônibus,Ileso       ,24.0,Masculino
83149986,24/02/2014,RN,101,PARNAMIRIM,Falta de atenção,Colisão traseira,Com Vítimas Feridas,Pleno dia,Nublado,Dupla   ,Urbano,Ônibus,Ileso       ,36.0,Masculino
83149986,24/02/2014,RN,101,PARNAMIRIM,Falta de atenção,Colisão traseira,Com Vítimas Feridas,Pleno dia,Nublado,Dupla   ,Urbano,Automóvel,Ferido Leve ,29.0,Masculino
83150013,24/02/2014,RN,304,SANTA MARIA,Outras,Colisão lateral,Sem Vítimas        ,Pleno dia,Sol,Simples ,Rural ,Automóvel,Ileso       ,27.0,Masculino
83150013,24/02/2014,RN,304,SANTA MARIA,Outras,Colisão lateral,Sem Vítimas        ,Pleno dia,Sol,Simples ,Rural ,Caminhão,Ileso       ,41.0,Masculino
83150055,24/02/2014,RN,304,MOSSORO,Outras,Capotamento,Com Vítimas Feridas,Pleno dia,Chuva,Simples ,Rural ,Caminhonete,Ferido Leve ,37.0,Feminino
83150074,24/02/2014,RN,304,MOSSORO,Defeito mecânico em veículo,Capotamento,Com Vítimas Feridas,Pleno dia,Nublado,Simples ,Rural ,Automóvel,Ferido Leve ,25.0,Masculino
83150074,24/02/2014,RN,304,MOSSORO,Defeito mecânico em veículo,Capotamento,Com Vítimas Feridas,Pleno dia,Nublado,Simples ,Rural ,Automóvel,Ileso       ,37.0,Masculino
83150074,24/02/2014,RN,304,MOSSORO,Defeito mecânico em veículo,Capotamento,Com Vítimas Feridas,Pleno dia,Nublado,Simples ,Rural ,Automóvel,Ileso       ,24.0,Feminino
83150074,24/02/2014,RN,304,MOSSORO,Defeito mecânico em veículo,Capotamento,Com Vítimas Feridas,Pleno dia,Nublado,Simples ,Rural ,Automóvel,Ferido Leve ,34.0,Feminino
83150096,24/02/2014,RN,101,NATAL,Falta de atenção,Colisão lateral,Sem Vítimas        ,Pleno dia,Ceu Claro,Dupla   ,Urbano,Ônibus,Ileso       ,47.0,Masculino
83150096,24/02/2014,RN,101,NATAL,Falta de atenção,Colisão lateral,Sem Vítimas        ,Pleno dia,Ceu Claro,Dupla   ,Urbano,Automóvel,Ileso       ,22.0,Masculino
83150155,21/02/2014,RN,101,NATAL,Não guardar distância de segurança,Colisão traseira,Sem Vítimas        ,Plena noite,Ceu Claro,Múltipla,Urbano,Automóvel,Ileso       ,54.0,Masculino
83150155,21/02/2014,RN,101,NATAL,Não guardar distância de segurança,Colisão traseira,Sem Vítimas        ,Plena noite,Ceu Claro,Múltipla,Urbano,Camioneta,Ileso       ,38.0,Masculino
83150155,21/02/2014,RN,101,NATAL,Não guardar distância de segurança,Colisão traseira,Sem Vítimas        ,Plena noite,Ceu Claro,Múltipla,Urbano,Automóvel,Ileso       ,20.0,Masculino
83150313,25/02/2014,RN,101,NATAL,Desobediência à sinalização,Colisão traseira,Com Vítimas Feridas,Pleno dia,Ceu Claro,Dupla   ,Urbano,Automóvel,Ileso       ,-1.0,Masculino
83150313,25/02/2014,RN,101,NATAL,Desobediência à sinalização,Colisão traseira,Com Vítimas Feridas,Pleno dia,Ceu Claro,Dupla   ,Urbano,Motocicletas,Ferido Leve ,33.0,Masculino
83150425,25/02/2014,RN,101,NATAL,Não guardar distância de segurança,Colisão traseira,Com Vítimas Feridas,Pleno dia,Sol,Dupla   ,Urbano,Automóvel,Ileso       ,35.0,Feminino
83150425,25/02/2014,RN,101,NATAL,Não guardar distância de segurança,Colisão traseira,Com Vítimas Feridas,Pleno dia,Sol,Dupla   ,Urbano,Motocicletas,Ferido Leve ,26.0,Masculino
83150515,25/02/2014,RN,101,NATAL,Não guardar distância de segurança,Colisão traseira,Sem Vítimas        ,Plena noite,Ceu Claro,Dupla   ,Urbano,Caminhonete,Ileso       ,33.0,Masculino
83150515,25/02/2014,RN,101,NATAL,Não guardar distância de segurança,Colisão traseira,Sem Vítimas        ,Plena noite,Ceu Claro,Dupla   ,Urbano,Automóvel,Ileso       ,34.0,Masculino
83150555,23/02/2014,RN,304,MACAIBA,Animais na Pista,Capotamento,Com Vítimas Feridas,Plena noite,Ceu Claro,Dupla   ,Urbano,Automóvel,Ferido Leve ,52.0,Masculino
83150555,23/02/2014,RN,304,MACAIBA,Animais na Pista,Capotamento,Com Vítimas Feridas,Plena noite,Ceu Claro,Dupla   ,Urbano,Automóvel,Ferido Grave,26.0,Feminino
83150555,23/02/2014,RN,304,MACAIBA,Animais na Pista,Capotamento,Com Vítimas Feridas,Plena noite,Ceu Claro,Dupla   ,Urbano,Automóvel,Ferido Leve ,20.0,Feminino
83150555,23/02/2014,RN,304,MACAIBA,Animais na Pista,Capotamento,Com Vítimas Feridas,Plena noite,Ceu Claro,Dupla   ,Urbano,Automóvel,Ferido Leve ,24.0,Feminino
83150600,26/02/2014,RN,101,GOIANINHA,Animais na Pista,Atropelamento de animal,Sem Vítimas        ,Plena noite,Ceu Claro,Dupla   ,Rural ,Caminhonete,Ileso       ,53.0,Masculino
83150669,23/02/2014,RN,405,PAU DOS FERROS,Desobediência à sinalização,Colisão Transversal,Com Vítimas Feridas,Plena noite,Ceu Claro,Simples ,Urbano,Automóvel,Ignorado    ,-1.0,Inválido
83150669,23/02/2014,RN,405,PAU DOS FERROS,Desobediência à sinalização,Colisão Transversal,Com Vítimas Feridas,Plena noite,Ceu Claro,Simples ,Urbano,Motocicletas,Ferido Grave,-1.0,Masculino
83150738,26/02/2014,RN,101,PARNAMIRIM,Falta de atenção,Colisão traseira,Com Vítimas Feridas,Pleno dia,Sol,Dupla   ,Urbano,Automóvel,Ferido Leve ,40.0,Feminino
83150738,26/02/2014,RN,101,PARNAMIRIM,Falta de atenção,Colisão traseira,Com Vítimas Feridas,Pleno dia,Sol,Dupla   ,Urbano,Automóvel,Ileso       ,46.0,Masculino
83150790,22/02/2014,RN,304,MACAIBA,Falta de atenção,Colisão traseira,Sem Vítimas        ,Pleno dia,Ceu Claro,Simples ,Urbano,Automóvel,Ileso       ,33.0,Masculino
83150790,22/02/2014,RN,304,MACAIBA,Falta de atenção,Colisão traseira,Sem Vítimas        ,Pleno dia,Ceu Claro,Simples ,Urbano,Caminhonete,Ileso       ,25.0,Masculino
83150813,26/02/2014,RN,101,NATAL,Falta de atenção,Colisão lateral,Sem Vítimas        ,Pleno dia,Ceu Claro,Múltipla,Urbano,Automóvel,Ileso       ,55.0,Feminino
83150813,26/02/2014,RN,101,NATAL,Falta de atenção,Colisão lateral,Sem Vítimas        ,Pleno dia,Ceu Claro,Múltipla,Urbano,Caminhão,Ileso       ,36.0,Masculino
83150824,26/02/2014,RN,101,SAO GONCALO DO AMARANTE,Falta de atenção,Colisão lateral,Sem Vítimas        ,Pleno dia,Sol,Dupla   ,Urbano,Caminhão-Trator,Ileso       ,41.0,Masculino
83150824,26/02/2014,RN,101,SAO GONCALO DO AMARANTE,Falta de atenção,Colisão lateral,Sem Vítimas        ,Pleno dia,Sol,Dupla   ,Urbano,Automóvel,Ignorado    ,-1.0,Masculino
83150831,22/02/2014,RN,101,NATAL,Desobediência à sinalização,Colisão lateral,Sem Vítimas        ,Pleno dia,Ceu Claro,Múltipla,Urbano,Automóvel,Ileso       ,-1.0,Masculino
83150831,22/02/2014,RN,101,NATAL,Desobediência à sinalização,Colisão lateral,Sem Vítimas        ,Pleno dia,Ceu Claro,Múltipla,Urbano,Ônibus,Ileso       ,33.0,Masculino
83150923,10/02/2014,RN,304,PARNAMIRIM,Outras,Incêndio,Com Vítimas Feridas,Pleno dia,Ceu Claro,Simples ,Urbano,Automóvel,Ferido Grave,23.0,Masculino
83151027,26/02/2014,RN,406,MACAU,Outras,Colisão Transversal,Com Vítimas Feridas,Anoitecer,Ceu Claro,Simples ,Rural ,Automóvel,Ferido Leve ,46.0,Masculino
83151027,26/02/2014,RN,406,MACAU,Outras,Colisão Transversal,Com Vítimas Feridas,Anoitecer,Ceu Claro,Simples ,Rural ,Automóvel,Ferido Leve ,43.0,Masculino
83151173,24/02/2014,RN,110,MOSSORO,Defeito mecânico em veículo,Queda de motocicleta / bicicleta / veículo,Com Vítimas Feridas,Pleno dia,Nublado,Simples ,Urbano,Motoneta,Ferido Leve ,50.0,Masculino
83151229,20/02/2014,RN,101,NATAL,Não guardar distância de segurança,Colisão traseira,Sem Vítimas        ,Plena noite,Ceu Claro,Dupla   ,Urbano,Automóvel,Ileso       ,26.0,Masculino
83151229,20/02/2014,RN,101,NATAL,Não guardar distância de segurança,Colisão traseira,Sem Vítimas        ,Plena noite,Ceu Claro,Dupla   ,Urbano,Automóvel,Ileso       ,39.0,Masculino
83151236,25/02/2014,RN,101,PARNAMIRIM,Não guardar distância de segurança,Colisão traseira,Com Vítimas Feridas,Pleno dia,Ceu Claro,Dupla   ,Urbano,Automóvel,Ileso       ,40.0,Masculino
83151236,25/02/2014,RN,101,PARNAMIRIM,Não guardar distância de segurança,Colisão traseira,Com Vítimas Feridas,Pleno dia,Ceu Claro,Dupla   ,Urbano,Motocicletas,Ferido Leve ,25.0,Masculino
83151266,16/02/2014,RN,101,NATAL,Outras,Colisão com objeto fixo,Com Vítimas Fatais ,Plena noite,Chuva,Múltipla,Urbano,Motocicletas,Morto       ,24.0,Masculino
83151266,16/02/2014,RN,101,NATAL,Outras,Colisão com objeto fixo,Com Vítimas Fatais ,Plena noite,Chuva,Múltipla,Urbano,Motocicletas,Ferido Grave,28.0,Feminino
83151321,27/02/2014,RN,101,NATAL,Desobediência à sinalização,Colisão Transversal,Sem Vítimas        ,Amanhecer,Sol,Simples ,Urbano,Ônibus,Ileso       ,44.0,Masculino
83151321,27/02/2014,RN,101,NATAL,Desobediência à sinalização,Colisão Transversal,Sem Vítimas        ,Amanhecer,Sol,Simples ,Urbano,Caminhonete,Ileso       ,32.0,Masculino
83151361,23/02/2014,RN,304,PARNAMIRIM,Ingestão de álcool,Queda de motocicleta / bicicleta / veículo,Com Vítimas Feridas,Plena noite,Ceu Claro,Dupla   ,Urbano,Motocicletas,Ferido Grave,-1.0,Masculino
83151364,23/02/2014,RN,427,CAICO,Falta de atenção,Colisão traseira,Com Vítimas Feridas,Plena noite,Ceu Claro,Simples ,Urbano,Ciclomotor,Ferido Leve ,-1.0,Masculino
83151364,23/02/2014,RN,427,CAICO,Falta de atenção,Colisão traseira,Com Vítimas Feridas,Plena noite,Ceu Claro,Simples ,Urbano,Automóvel,Ileso       ,28.0,Masculino
83151390,27/02/2014,RN,101,SAO GONCALO DO AMARANTE,Falta de atenção,Colisão Transversal,Sem Vítimas        ,Pleno dia,Ceu Claro,Dupla   ,Urbano,Automóvel,Ileso       ,33.0,Masculino
83151390,27/02/2014,RN,101,SAO GONCALO DO AMARANTE,Falta de atenção,Colisão Transversal,Sem Vítimas        ,Pleno dia,Ceu Claro,Dupla   ,Urbano,Ônibus,Ileso       ,26.0,Masculino
83151600,27/02/2014,RN,110,MOSSORO,Ingestão de álcool,Colisão com bicicleta,Com Vítimas Feridas,Plena noite,Ceu Claro,Simples ,Urbano,Ônibus,Ileso       ,34.0,Masculino
83151600,27/02/2014,RN,110,MOSSORO,Ingestão de álcool,Colisão com bicicleta,Com Vítimas Feridas,Plena noite,Ceu Claro,Simples ,Urbano,Não identificado,Ferido Leve ,38.0,Masculino
83151670,27/02/2014,RN,304,MACAIBA,Outras,Colisão Transversal,Sem Vítimas        ,Plena noite,Ceu Claro,Simples ,Rural ,Caminhonete,Ileso       ,77.0,Masculino
83151670,27/02/2014,RN,304,MACAIBA,Outras,Colisão Transversal,Sem Vítimas        ,Plena noite,Ceu Claro,Simples ,Rural ,Automóvel,Ileso       ,59.0,Masculino
83151778,13/02/2014,RN,101,PARNAMIRIM,Falta de atenção,Colisão traseira,Sem Vítimas        ,Anoitecer,Ceu Claro,Múltipla,Urbano,Automóvel,Ileso       ,40.0,Masculino
83151778,13/02/2014,RN,101,PARNAMIRIM,Falta de atenção,Colisão traseira,Sem Vítimas        ,Anoitecer,Ceu Claro,Múltipla,Urbano,Automóvel,Ileso       ,41.0,Masculino
83151884,21/02/2014,RN,101,NATAL,Falta de atenção,Colisão traseira,Sem Vítimas        ,Pleno dia,Ceu Claro,Simples ,Urbano,Ônibus,Ileso       ,-1.0,Masculino
83151884,21/02/2014,RN,101,NATAL,Falta de atenção,Colisão traseira,Sem Vítimas        ,Pleno dia,Ceu Claro,Simples ,Urbano,Automóvel,Ileso       ,-1.0,Feminino
83151886,21/02/2014,RN,101,NATAL,Falta de atenção,Colisão lateral,Com Vítimas Feridas,Plena noite,Ceu Claro,Múltipla,Urbano,Automóvel,Ileso       ,-1.0,Feminino
83151886,21/02/2014,RN,101,NATAL,Falta de atenção,Colisão lateral,Com Vítimas Feridas,Plena noite,Ceu Claro,Múltipla,Urbano,Ciclomotor,Ferido Leve ,-1.0,Masculino
83151932,28/02/2014,RN,101,PARNAMIRIM,Não guardar distância de segurança,Colisão traseira,Sem Vítimas        ,Pleno dia,Sol,Dupla   ,Urbano,Automóvel,Ileso       ,32.0,Feminino
83151932,28/02/2014,RN,101,PARNAMIRIM,Não guardar distância de segurança,Colisão traseira,Sem Vítimas        ,Pleno dia,Sol,Dupla   ,Urbano,Automóvel,Ileso       ,31.0,Feminino
83151932,28/02/2014,RN,101,PARNAMIRIM,Não guardar distância de segurança,Colisão traseira,Sem Vítimas        ,Pleno dia,Sol,Dupla   ,Urbano,Caminhonete,Ileso       ,35.0,Masculino
83151943,26/02/2014,RN,101,PARNAMIRIM,Não guardar distância de segurança,Colisão traseira,Sem Vítimas        ,Plena noite,Nublado,Múltipla,Urbano,Automóvel,Ileso       ,44.0,Masculino
83151943,26/02/2014,RN,101,PARNAMIRIM,Não guardar distância de segurança,Colisão traseira,Sem Vítimas        ,Plena noite,Nublado,Múltipla,Urbano,Automóvel,Ileso       ,21.0,Masculino
83152018,28/02/2014,RN,101,NATAL,Não guardar distância de segurança,Colisão traseira,Sem Vítimas        ,Pleno dia,Ceu Claro,Múltipla,Urbano,Motoneta,Ileso       ,39.0,Feminino
83152018,28/02/2014,RN,101,NATAL,Não guardar distância de segurança,Colisão traseira,Sem Vítimas        ,Pleno dia,Ceu Claro,Múltipla,Urbano,Automóvel,Ileso       ,-1.0,Masculino
83152044,27/02/2014,RN,427,CURRAIS NOVOS,Falta de atenção,Colisão traseira,Com Vítimas Feridas,Pleno dia,Ceu Claro,Simples ,Rural ,Motocicletas,Ferido Leve ,45.0,Masculino
83152044,27/02/2014,RN,427,CURRAIS NOVOS,Falta de atenção,Colisão traseira,Com Vítimas Feridas,Pleno dia,Ceu Claro,Simples ,Rural ,Ônibus,Ileso       ,36.0,Masculino
83152044,27/02/2014,RN,427,CURRAIS NOVOS,Falta de atenção,Colisão traseira,Com Vítimas Feridas,Pleno dia,Ceu Claro,Simples ,Rural ,Motocicletas,Ferido Leve ,-1.0,Feminino
83152100,28/02/2014,RN,101,PARNAMIRIM,Não guardar distância de segurança,Colisão traseira,Sem Vítimas        ,Pleno dia,Ceu Claro,Dupla   ,Urbano,Automóvel,Ileso       ,21.0,Masculino
83152100,28/02/2014,RN,101,PARNAMIRIM,Não guardar distância de segurança,Colisão traseira,Sem Vítimas        ,Pleno dia,Ceu Claro,Dupla   ,Urbano,Camioneta,Ileso       ,45.0,Masculino
83152109,28/02/2014,RN,101,PARNAMIRIM,Desobediência à sinalização,Colisão Transversal,Com Vítimas Feridas,Pleno dia,Ceu Claro,Dupla   ,Urbano,Motocicletas,Ferido Leve ,-1.0,Masculino
83152109,28/02/2014,RN,101,PARNAMIRIM,Desobediência à sinalização,Colisão Transversal,Com Vítimas Feridas,Pleno dia,Ceu Claro,Dupla   ,Urbano,Automóvel,Ileso       ,-1.0,Feminino
83152113,28/02/2014,RN,101,NATAL,Falta de atenção,Colisão lateral,Sem Vítimas        ,Pleno dia,Ceu Claro,Dupla   ,Urbano,Ônibus,Ileso       ,-1.0,Masculino
83152113,28/02/2014,RN,101,NATAL,Falta de atenção,Colisão lateral,Sem Vítimas        ,Pleno dia,Ceu Claro,Dupla   ,Urbano,Caminhonete,Ileso       ,-1.0,Masculino
83152119,28/02/2014,RN,101,PARNAMIRIM,Falta de atenção,Colisão traseira,Sem Vítimas        ,Pleno dia,Ceu Claro,Dupla   ,Urbano,Caminhonete,Ileso       ,63.0,Masculino
83152119,28/02/2014,RN,101,PARNAMIRIM,Falta de atenção,Colisão traseira,Sem Vítimas        ,Pleno dia,Ceu Claro,Dupla   ,Urbano,Automóvel,Ileso       ,32.0,Feminino
83152147,28/02/2014,RN,101,NATAL,Outras,Atropelamento de pessoa,Com Vítimas Feridas,Pleno dia,Ceu Claro,Dupla   ,Urbano,Caminhonete,Ileso       ,30.0,Masculino
83152147,28/02/2014,RN,101,NATAL,Outras,Atropelamento de pessoa,Com Vítimas Feridas,Pleno dia,Ceu Claro,Dupla   ,Urbano,(null),Ferido Grave,77.0,Feminino
83152196,28/02/2014,RN,101,NATAL,Não guardar distância de segurança,Colisão traseira,Sem Vítimas        ,Pleno dia,Sol,Dupla   ,Urbano,Automóvel,Ileso       ,38.0,Masculino
83152196,28/02/2014,RN,101,NATAL,Não guardar distância de segurança,Colisão traseira,Sem Vítimas        ,Pleno dia,Sol,Dupla   ,Urbano,Caminhão-Trator,Ileso       ,-1.0,Masculino
83152234,25/02/2014,RN,101,NATAL,Defeito na via,Saída de Pista,Sem Vítimas        ,Plena noite,Chuva,Dupla   ,Urbano,Automóvel,Ileso       ,65.0,Masculino
83152236,28/02/2014,RN,101,NATAL,Não guardar distância de segurança,Colisão lateral,Com Vítimas Feridas,Pleno dia,Ignorada,Dupla   ,Urbano,Ciclomotor,Ferido Leve ,49.0,Masculino
83152236,28/02/2014,RN,101,NATAL,Não guardar distância de segurança,Colisão lateral,Com Vítimas Feridas,Pleno dia,Ignorada,Dupla   ,Urbano,Automóvel,Ignorado    ,-1.0,Inválido
83152255,28/02/2014,RN,101,NATAL,Falta de atenção,Colisão Transversal,Sem Vítimas        ,Anoitecer,Ceu Claro,Múltipla,Urbano,Motocicletas,Ileso       ,34.0,Masculino
83152255,28/02/2014,RN,101,NATAL,Falta de atenção,Colisão Transversal,Sem Vítimas        ,Anoitecer,Ceu Claro,Múltipla,Urbano,Automóvel,Ileso       ,57.0,Masculino
83152255,28/02/2014,RN,101,NATAL,Falta de atenção,Colisão Transversal,Sem Vítimas        ,Anoitecer,Ceu Claro,Múltipla,Urbano,Utilitário,Ileso       ,43.0,Masculino
83152304,28/02/2014,RN,304,MACAIBA,Falta de atenção,Colisão traseira,Sem Vítimas        ,Pleno dia,Sol,Simples ,Urbano,Caminhão,Ileso       ,34.0,Masculino
83152304,28/02/2014,RN,304,MACAIBA,Falta de atenção,Colisão traseira,Sem Vítimas        ,Pleno dia,Sol,Simples ,Urbano,Camioneta,Ileso       ,40.0,Feminino
83152304,28/02/2014,RN,304,MACAIBA,Falta de atenção,Colisão traseira,Sem Vítimas        ,Pleno dia,Sol,Simples ,Urbano,Automóvel,Ileso       ,36.0,Masculino
83152390,28/02/2014,RN,101,NATAL,Não guardar distância de segurança,Colisão traseira,Sem Vítimas        ,Plena noite,Ceu Claro,Dupla   ,Urbano,Ônibus,Ileso       ,37.0,Masculino
83152390,28/02/2014,RN,101,NATAL,Não guardar distância de segurança,Colisão traseira,Sem Vítimas        ,Plena noite,Ceu Claro,Dupla   ,Urbano,Automóvel,Ileso       ,40.0,Masculino
83152407,28/02/2014,RN,226,CURRAIS NOVOS,Defeito mecânico em veículo,Saída de Pista,Sem Vítimas        ,Plena noite,Ceu Claro,Simples ,Rural ,Automóvel,Ileso       ,40.0,Feminino
83152593,01/03/2014,RN,226,SANTA CRUZ,Não guardar distância de segurança,Colisão traseira,Sem Vítimas        ,Pleno dia,Ceu Claro,Simples ,Rural ,Ônibus,Ileso       ,27.0,Masculino
83152593,01/03/2014,RN,226,SANTA CRUZ,Não guardar distância de segurança,Colisão traseira,Sem Vítimas        ,Pleno dia,Ceu Claro,Simples ,Rural ,Automóvel,Ileso       ,37.0,Masculino
83152593,01/03/2014,RN,226,SANTA CRUZ,Não guardar distância de segurança,Colisão traseira,Sem Vítimas        ,Pleno dia,Ceu Claro,Simples ,Rural ,Automóvel,Ignorado    ,-1.0,Inválido
83152609,01/03/2014,RN,101,EXTREMOZ,Outras,Colisão com objeto móvel,Com Vítimas Feridas,Pleno dia,Ceu Claro,Simples ,Rural ,Automóvel,Ileso       ,33.0,Masculino
83152609,01/03/2014,RN,101,EXTREMOZ,Outras,Colisão com objeto móvel,Com Vítimas Feridas,Pleno dia,Ceu Claro,Simples ,Rural ,Motocicletas,Ferido Grave,29.0,Masculino
83152636,01/03/2014,RN,304,MACAIBA,Não guardar distância de segurança,Colisão traseira,Sem Vítimas        ,Pleno dia,Sol,Dupla   ,Rural ,Automóvel,Ileso       ,63.0,Masculino
83152636,01/03/2014,RN,304,MACAIBA,Não guardar distância de segurança,Colisão traseira,Sem Vítimas        ,Pleno dia,Sol,Dupla   ,Rural ,Caminhão,Ileso       ,33.0,Masculino
83152849,01/03/2014,RN,304,MOSSORO,Falta de atenção,Colisão traseira,Sem Vítimas        ,Pleno dia,Ceu Claro,Dupla   ,Urbano,Caminhão-Tanque,Ileso       ,40.0,Masculino
83152849,01/03/2014,RN,304,MOSSORO,Falta de atenção,Colisão traseira,Sem Vítimas        ,Pleno dia,Ceu Claro,Dupla   ,Urbano,Automóvel,Ileso       ,39.0,Feminino
83152859,01/03/2014,RN,101,GOIANINHA,Outras,Colisão traseira,Sem Vítimas        ,Pleno dia,Ceu Claro,Dupla   ,Urbano,Automóvel,Ileso       ,45.0,Masculino
83152859,01/03/2014,RN,101,GOIANINHA,Outras,Colisão traseira,Sem Vítimas        ,Pleno dia,Ceu Claro,Dupla   ,Urbano,Caminhonete,Ileso       ,48.0,Feminino
83152859,01/03/2014,RN,101,GOIANINHA,Outras,Colisão traseira,Sem Vítimas        ,Pleno dia,Ceu Claro,Dupla   ,Urbano,Não identificado,Ignorado    ,-1.0,Inválido
83152881,06/02/2014,RN,304,MACAIBA,Outras,Tombamento,Sem Vítimas        ,Pleno dia,Sol,Simples ,Rural ,Caminhão,Ileso       ,53.0,Masculino
83152900,21/02/2014,RN,101,PARNAMIRIM,Ingestão de álcool,Colisão com objeto fixo,Sem Vítimas        ,Pleno dia,Ceu Claro,Múltipla,Urbano,Automóvel,Ileso       ,73.0,Masculino
83153077,25/02/2014,RN,101,PARNAMIRIM,Não guardar distância de segurança,Colisão traseira,Com Vítimas Feridas,Plena noite,Ceu Claro,Dupla   ,Urbano,Motocicletas,Ferido Grave,26.0,Masculino
83153077,25/02/2014,RN,101,PARNAMIRIM,Não guardar distância de segurança,Colisão traseira,Com Vítimas Feridas,Plena noite,Ceu Claro,Dupla   ,Urbano,Motoneta,Ferido Leve ,24.0,Masculino
83153118,25/02/2014,RN,101,NATAL,Falta de atenção,Colisão Transversal,Sem Vítimas        ,Pleno dia,Ceu Claro,Dupla   ,Urbano,Motocicletas,Ileso       ,52.0,Masculino
83153118,25/02/2014,RN,101,NATAL,Falta de atenção,Colisão Transversal,Sem Vítimas        ,Pleno dia,Ceu Claro,Dupla   ,Urbano,Automóvel,Ileso       ,29.0,Feminino
83153166,20/02/2014,RN,101,NATAL,Falta de atenção,Colisão traseira,Sem Vítimas        ,Plena noite,Ceu Claro,Múltipla,Urbano,Ônibus,Ileso       ,31.0,Masculino
83153166,20/02/2014,RN,101,NATAL,Falta de atenção,Colisão traseira,Sem Vítimas        ,Plena noite,Ceu Claro,Múltipla,Urbano,Automóvel,Ileso       ,53.0,Masculino
83153253,28/02/2014,RN,110,MOSSORO,Falta de atenção,Colisão lateral,Com Vítimas Feridas,Pleno dia,Sol,Simples ,Urbano,Ciclomotor,Ferido Leve ,38.0,Masculino
83153253,28/02/2014,RN,110,MOSSORO,Falta de atenção,Colisão lateral,Com Vítimas Feridas,Pleno dia,Sol,Simples ,Urbano,Automóvel,Ileso       ,70.0,Masculino
83153268,28/02/2014,RN,226,MACAIBA,Falta de atenção,Colisão Transversal,Com Vítimas Feridas,Pleno dia,Ceu Claro,Simples ,Urbano,Caminhão,Ignorado    ,-1.0,Masculino
83153268,28/02/2014,RN,226,MACAIBA,Falta de atenção,Colisão Transversal,Com Vítimas Feridas,Pleno dia,Ceu Claro,Simples ,Urbano,Motocicletas,Ferido Grave,36.0,Feminino
83153276,02/03/2014,RN,304,MOSSORO,Desobediência à sinalização,Colisão lateral,Sem Vítimas        ,Pleno dia,Ceu Claro,Dupla   ,Urbano,Automóvel,Ileso       ,26.0,Masculino
83153276,02/03/2014,RN,304,MOSSORO,Desobediência à sinalização,Colisão lateral,Sem Vítimas        ,Pleno dia,Ceu Claro,Dupla   ,Urbano,Automóvel,Ileso       ,29.0,Masculino
83153283,02/03/2014,RN,304,MOSSORO,Outras,Saída de Pista,Sem Vítimas        ,Pleno dia,Sol,Simples ,Urbano,Automóvel,Ileso       ,22.0,Feminino
83153301,02/03/2014,RN,101,EXTREMOZ,Não guardar distância de segurança,Colisão traseira,Sem Vítimas        ,Pleno dia,Ceu Claro,Simples ,Rural ,Automóvel,Ileso       ,43.0,Masculino
83153301,02/03/2014,RN,101,EXTREMOZ,Não guardar distância de segurança,Colisão traseira,Sem Vítimas        ,Pleno dia,Ceu Claro,Simples ,Rural ,Automóvel,Ileso       ,44.0,Feminino
83153404,02/03/2014,RN,406,SAO GONCALO DO AMARANTE,Não guardar distância de segurança,Colisão traseira,Sem Vítimas        ,Pleno dia,Ceu Claro,Simples ,Rural ,Camioneta,Ileso       ,66.0,Masculino
83153404,02/03/2014,RN,406,SAO GONCALO DO AMARANTE,Não guardar distância de segurança,Colisão traseira,Sem Vítimas        ,Pleno dia,Ceu Claro,Simples ,Rural ,Utilitário,Ileso       ,45.0,Masculino
83153409,20/02/2014,RN,101,PARNAMIRIM,Defeito mecânico em veículo,Queda de motocicleta / bicicleta / veículo,Com Vítimas Feridas,Anoitecer,Ceu Claro,Múltipla,Urbano,Motocicletas,Ferido Grave,49.0,Masculino
83153409,20/02/2014,RN,101,PARNAMIRIM,Defeito mecânico em veículo,Queda de motocicleta / bicicleta / veículo,Com Vítimas Feridas,Anoitecer,Ceu Claro,Múltipla,Urbano,Automóvel,Ileso       ,22.0,Masculino
83153414,28/02/2014,RN,101,PARNAMIRIM,Falta de atenção,Colisão lateral,Sem Vítimas        ,Plena noite,Vento,Dupla   ,Urbano,Caminhão-Trator,Ileso       ,61.0,Masculino