id,data_inversa,uf,br,municipio,causa_acidente,tipo_acidente,classificacao_acidente,fase_dia,condicao_metereologica,tipo_pista,uso_solo,tipo_veiculo,estado_fisico,idade,sexo
83166419,24/03/2014,RN,101,EXTREMOZ,Defeito mecânico em veículo,Capotamento,Com Vítimas Feridas,Plena noite,Ceu Claro,Simples ,Rural ,Motocicletas,Ferido Leve ,35.0,Masculino
83166443,28/03/2014,RN,304,MOSSORO,Animais na Pista,Saída de Pista,Sem Vítimas        ,Amanhecer,Ceu Claro,Simples ,Rural ,Caminhão,Ileso       ,48.0,Masculino
83166460,24/03/2014,RN,101,NATAL,Falta de atenção,Colisão traseira,Sem Vítimas        ,Pleno dia,Sol,Dupla   ,Urbano,Automóvel,Ileso       ,37.0,Feminino
83166460,24/03/2014,RN,101,NATAL,Falta de atenção,Colisão traseira,Sem Vítimas        ,Pleno dia,Sol,Dupla   ,Urbano,Caminhonete,Ileso       ,54.0,Masculino
83166517,28/03/2014,RN,101,SAO GONCALO DO AMARANTE,Falta de atenção,Colisão lateral,Sem Vítimas        ,Pleno dia,Chuva,Dupla   ,Urbano,Automóvel,Ileso       ,36.0,Masculino
83166517,28/03/2014,RN,101,SAO GONCALO DO AMARANTE,Falta de atenção,Colisão lateral,Sem Vítimas        ,Pleno dia,Chuva,Dupla   ,Urbano,Caminhão,Ileso       ,27.0,Masculino
83166521,28/03/2014,RN,101,NATAL,Falta de atenção,Colisão traseira,Sem Vítimas        ,Pleno dia,Sol,Dupla   ,Urbano,Automóvel,Ileso       ,19.0,Masculino
83166521,28/03/2014,RN,101,NATAL,Falta de atenção,Colisão traseira,Sem Vítimas        ,Pleno dia,Sol,Dupla   ,Urbano,Automóvel,Ileso       ,35.0,Masculino
83166524,27/03/2014,RN,101,NATAL,Falta de atenção,Colisão traseira,Sem Vítimas        ,Plena noite,Ceu Claro,Múltipla,Urbano,Automóvel,Ileso       ,34.0,Feminino
83166524,27/03/2014,RN,101,NATAL,Falta de atenção,Colisão traseira,Sem Vítimas        ,Plena noite,Ceu Claro,Múltipla,Urbano,Caminhão-Trator,Ileso       ,45.0,Masculino
83166554,24/03/2014,RN,101,NATAL,Defeito na via,Queda de motocicleta / bicicleta / veículo,Com Vítimas Feridas,Plena noite,Ceu Claro,Dupla   ,Urbano,Motocicletas,Ferido Leve ,45.0,Masculino
83166597,28/03/2014,RN,304,MOSSORO,Falta de atenção,Colisão lateral,Sem Vítimas        ,Pleno dia,Sol,Simples ,Urbano,Automóvel,Ileso       ,23.0,Masculino
83166597,28/03/2014,RN,304,MOSSORO,Falta de atenção,Colisão lateral,Sem Vítimas        ,Pleno dia,Sol,Simples ,Urbano,Caminhão-Trator,Ileso       ,49.0,Masculino
83166634,25/03/2014,RN,427,CAICO,Não guardar distância de segurança,Colisão traseira,Sem Vítimas        ,Pleno dia,Ceu Claro,Simples ,Rural ,Automóvel,Ileso       ,-1.0,Masculino
83166634,25/03/2014,RN,427,CAICO,Não guardar distância de segurança,Colisão traseira,Sem Vítimas        ,Pleno dia,Ceu Claro,Simples ,Rural ,Automóvel,Ileso       ,-1.0,Masculino
83166744,25/03/2014,RN,304,MOSSORO,Falta de atenção,Colisão traseira,Sem Vítimas        ,Plena noite,Ceu Claro,Dupla   ,Urbano,Automóvel,Ileso       ,30.0,Masculino
83166744,25/03/2014,RN,304,MOSSORO,Falta de atenção,Colisão traseira,Sem Vítimas        ,Plena noite,Ceu Claro,Dupla   ,Urbano,Automóvel,Ileso       ,30.0,Feminino
83166763,29/03/2014,RN,110,MOSSORO,Falta de atenção,Colisão Transversal,Com Vítimas Feridas,Pleno dia,Ceu Claro,Simples ,Urbano,Automóvel,Ileso       ,34.0,Masculino
83166763,29/03/2014,RN,110,MOSSORO,Falta de atenção,Colisão Transversal,Com Vítimas Feridas,Pleno dia,Ceu Claro,Simples ,Urbano,Ciclomotor,Ferido Grave,20.0,Masculino
83166770,29/03/2014,RN,304,MOSSORO,Velocidade incompatível,Saída de Pista,Sem Vítimas        ,Pleno dia,Chuva,Dupla   ,Urbano,Caminhão,Ileso       ,42.0,Masculino
83166798,29/03/2014,RN,110,MOSSORO,Não guardar distância de segurança,Colisão traseira,Sem Vítimas        ,Pleno dia,Chuva,Simples ,Urbano,Automóvel,Ileso       ,31.0,Masculino
83166798,29/03/2014,RN,110,MOSSORO,Não guardar distância de segurança,Colisão traseira,Sem Vítimas        ,Pleno dia,Chuva,Simples ,Urbano,Caminhão,Ileso       ,53.0,Masculino
83166832,29/03/2014,RN,101,NATAL,Não guardar distância de segurança,Colisão traseira,Sem Vítimas        ,Pleno dia,Ceu Claro,Múltipla,Urbano,Automóvel,Ileso       ,59.0,Masculino
83166832,29/03/2014,RN,101,NATAL,Não guardar distância de segurança,Colisão traseira,Sem Vítimas        ,Pleno dia,Ceu Claro,Múltipla,Urbano,Automóvel,Ileso       ,27.0,Masculino
83166848,29/03/2014,RN,304,MOSSORO,Falta de atenção,Colisão Transversal,Sem Vítimas        ,Pleno dia,Chuva,Simples ,Rural ,Microônibus,Ileso       ,31.0,Masculino
83166848,29/03/2014,RN,304,MOSSORO,Falta de atenção,Colisão Transversal,Sem Vítimas        ,Pleno dia,Chuva,Simples ,Rural ,Automóvel,Ileso       ,26.0,Masculino
83166848,29/03/2014,RN,304,MOSSORO,Falta de atenção,Colisão Transversal,Sem Vítimas        ,Pleno dia,Chuva,Simples ,Rural ,Automóvel,Ileso       ,-1.0,Inválido
83166925,29/03/2014,RN,101,PARNAMIRIM,Outras,Colisão traseira,Sem Vítimas        ,Pleno dia,Sol,Dupla   ,Urbano,Caminhão,Ileso       ,42.0,Masculino
83166925,29/03/2014,RN,101,PARNAMIRIM,Outras,Colisão traseira,Sem Vítimas        ,Pleno dia,Sol,Dupla   ,Urbano,Automóvel,Ileso       ,44.0,Masculino
83166925,29/03/2014,RN,101,PARNAMIRIM,Outras,Colisão traseira,Sem Vítimas        ,Pleno dia,Sol,Dupla   ,Urbano,Automóvel,Ileso       ,38.0,Masculino
83166926,29/03/2014,RN,304,MOSSORO,Outras,Colisão lateral,Sem Vítimas        ,Pleno dia,Nublado,Simples ,Urbano,Caminhão,Ileso       ,65.0,Masculino
83166926,29/03/2014,RN,304,MOSSORO,Outras,Colisão lateral,Sem Vítimas        ,Pleno dia,Nublado,Simples ,Urbano,Automóvel,Ileso       ,30.0,Masculino
83166928,29/03/2014,RN,101,PARNAMIRIM,Falta de atenção,Colisão lateral,Sem Vítimas        ,Pleno dia,Ceu Claro,Dupla   ,Urbano,Automóvel,Ileso       ,27.0,Feminino
83166928,29/03/2014,RN,101,PARNAMIRIM,Falta de atenção,Colisão lateral,Sem Vítimas        ,Pleno dia,Ceu Claro,Dupla   ,Urbano,Automóvel,Ileso       ,-1.0,Feminino
83166940,29/03/2014,RN,304,MACAIBA,Falta de atenção,Colisão traseira,Com Vítimas Feridas,Pleno dia,Sol,Simples ,Urbano,Automóvel,Ileso       ,55.0,Masculino
83166940,29/03/2014,RN,304,MACAIBA,Falta de atenção,Colisão traseira,Com Vítimas Feridas,Pleno dia,Sol,Simples ,Urbano,Motocicletas,Ferido Leve ,30.0,Masculino
83167009,29/03/2014,RN,304,SANTA MARIA,Falta de atenção,Colisão lateral,Sem Vítimas        ,Pleno dia,Sol,Dupla   ,Urbano,Automóvel,Ileso       ,27.0,Masculino
83167009,29/03/2014,RN,304,SANTA MARIA,Falta de atenção,Colisão lateral,Sem Vítimas        ,Pleno dia,Sol,Dupla   ,Urbano,Caminhão-Trator,Ileso       ,37.0,Masculino
83167019,23/03/2014,RN,406,MACAU,Desobediência à sinalização,Colisão Transversal,Sem Vítimas        ,Pleno dia,Ceu Claro,Simples ,Rural ,Automóvel,Ileso       ,35.0,Masculino
83167019,23/03/2014,RN,406,MACAU,Desobediência à sinalização,Colisão Transversal,Sem Vítimas        ,Pleno dia,Ceu Claro,Simples ,Rural ,Automóvel,Ileso       ,63.0,Masculino
83167050,28/03/2014,RN,304,ANGICOS,Desobediência à sinalização,Colisão frontal,Com Vítimas Fatais ,Plena noite,Ceu Claro,Simples ,Rural ,Caminhão,Ferido Leve ,34.0,Masculino
83167050,28/03/2014,RN,304,ANGICOS,Desobediência à sinalização,Colisão frontal,Com Vítimas Fatais ,Plena noite,Ceu Claro,Simples ,Rural ,Automóvel,Morto       ,35.0,Masculino
83167050,28/03/2014,RN,304,ANGICOS,Desobediência à sinalização,Colisão frontal,Com Vítimas Fatais ,Plena noite,Ceu Claro,Simples ,Rural ,Caminhão,Ileso       ,19.0,Masculino
83167054,29/03/2014,RN,226,SERRA CAIADA,Animais na Pista,Atropelamento de animal,Com Vítimas Feridas,Plena noite,Ceu Claro,Simples ,Rural ,Automóvel,Ferido Leve ,54.0,Masculino
83167054,29/03/2014,RN,226,SERRA CAIADA,Animais na Pista,Atropelamento de animal,Com Vítimas Feridas,Plena noite,Ceu Claro,Simples ,Rural ,Automóvel,Ferido Leve ,65.0,Masculino
83167095,29/03/2014,RN,110,MOSSORO,Outras,Colisão Transversal,Com Vítimas Feridas,Plena noite,Nublado,Simples ,Urbano,Motocicletas,Ferido Leve ,18.0,Masculino
83167095,29/03/2014,RN,110,MOSSORO,Outras,Colisão Transversal,Com Vítimas Feridas,Plena noite,Nublado,Simples ,Urbano,Motocicletas,Ferido Leve ,17.0,Masculino
83167095,29/03/2014,RN,110,MOSSORO,Outras,Colisão Transversal,Com Vítimas Feridas,Plena noite,Nublado,Simples ,Urbano,Automóvel,Ignorado    ,-1.0,Inválido
83167097,29/03/2014,RN,226,BOM JESUS,Ingestão de álcool,Colisão frontal,Com Vítimas Fatais ,Plena noite,Ceu Claro,Simples ,Rural ,Caminhão,Ileso       ,45.0,Masculino
83167097,29/03/2014,RN,226,BOM JESUS,Ingestão de álcool,Colisão frontal,Com Vítimas Fatais ,Plena noite,Ceu Claro,Simples ,Rural ,Automóvel,Ferido Grave,44.0,Feminino
83167097,29/03/2014,RN,226,BOM JESUS,Ingestão de álcool,Colisão frontal,Com Vítimas Fatais ,Plena noite,Ceu Claro,Simples ,Rural ,Automóvel,Ferido Grave,39.0,Masculino
83167097,29/03/2014,RN,226,BOM JESUS,Ingestão de álcool,Colisão frontal,Com Vítimas Fatais ,Plena noite,Ceu Claro,Simples ,Rural ,Automóvel,Ferido Grave,33.0,Masculino
83167097,29/03/2014,RN,226,BOM JESUS,Ingestão de álcool,Colisão frontal,Com Vítimas Fatais ,Plena noite,Ceu Claro,Simples ,Rural ,Automóvel,Morto       ,31.0,Masculino
83167135,30/03/2014,RN,304,MOSSORO,Ingestão de álcool,Colisão Transversal,Com Vítimas Feridas,Pleno dia,Sol,Dupla   ,Urbano,Automóvel,Ileso       ,36.0,Masculino
83167135,30/03/2014,RN,304,MOSSORO,Ingestão de álcool,Colisão Transversal,Com Vítimas Feridas,Pleno dia,Sol,Dupla   ,Urbano,Motocicletas,Ferido Leve ,29.0,Masculino
83167135,30/03/2014,RN,304,MOSSORO,Ingestão de álcool,Colisão Transversal,Com Vítimas Feridas,Pleno dia,Sol,Dupla   ,Urbano,Motocicletas,Ferido Leve ,19.0,Feminino
83167194,23/03/2014,RN,101,NATAL,Falta de atenção,Colisão traseira,Sem Vítimas        ,Pleno dia,Sol,Dupla   ,Urbano,Automóvel,Ileso       ,-1.0,Masculino
83167194,23/03/2014,RN,101,NATAL,Falta de atenção,Colisão traseira,Sem Vítimas        ,Pleno dia,Sol,Dupla   ,Urbano,Automóvel,Ileso       ,-1.0,Masculino
83167199,26/03/2014,RN,101,SAO JOSE DE MIPIBU,Não guardar distância de segurança,Colisão lateral,Sem Vítimas        ,Pleno dia,Ceu Claro,Dupla   ,Rural ,Automóvel,Ileso       ,27.0,Masculino
83167199,26/03/2014,RN,101,SAO JOSE DE MIPIBU,Não guardar distância de segurança,Colisão lateral,Sem Vítimas        ,Pleno dia,Ceu Claro,Dupla   ,Rural ,Automóvel,Ileso       ,48.0,Masculino
83167217,28/03/2014,RN,226,SANTA CRUZ,Velocidade incompatível,Capotamento,Sem Vítimas        ,Pleno dia,Ceu Claro,Simples ,Rural ,Automóvel,Ileso       ,70.0,Masculino
83167217,28/03/2014,RN,226,SANTA CRUZ,Velocidade incompatível,Capotamento,Sem Vítimas        ,Pleno dia,Ceu Claro,Simples ,Rural ,Automóvel,Ileso       ,60.0,Feminino
83167224,18/03/2014,RN,101,PARNAMIRIM,Ingestão de álcool,Atropelamento de pessoa,Com Vítimas Feridas,Plena noite,Ceu Claro,Múltipla,Urbano,Automóvel,Ileso       ,38.0,Masculino
83167224,18/03/2014,RN,101,PARNAMIRIM,Ingestão de álcool,Atropelamento de pessoa,Com Vítimas Feridas,Plena noite,Ceu Claro,Múltipla,Urbano,(null),Ferido Grave,-1.0,Feminino
83167243,25/03/2014,RN,304,CAICARA DO RIO DO VENTO,Outras,Saída de Pista,Com Vítimas Feridas,Plena noite,Ceu Claro,Simples ,Rural ,Caminhão-Trator,Ferido Leve ,69.0,Masculino
83167245,24/03/2014,RN,101,NATAL,Falta de atenção,Colisão lateral,Com Vítimas Feridas,Pleno dia,Ceu Claro,Dupla   ,Urbano,Automóvel,Ileso       ,54.0,Feminino
83167245,24/03/2014,RN,101,NATAL,Falta de atenção,Colisão lateral,Com Vítimas Feridas,Pleno dia,Ceu Claro,Dupla   ,Urbano,Motoneta,Ferido Leve ,30.0,Masculino
83167265,22/03/2014,RN,101,PARNAMIRIM,Dormindo,Atropelamento de pessoa,Com Vítimas Feridas,Pleno dia,Ceu Claro,Dupla   ,Urbano,Caminhonete,Ileso       ,37.0,Masculino
83167265,22/03/2014,RN,101,PARNAMIRIM,Dormindo,Atropelamento de pessoa,Com Vítimas Feridas,Pleno dia,Ceu Claro,Dupla   ,Urbano,(null),Ferido Grave,38.0,Masculino
83167265,22/03/2014,RN,101,PARNAMIRIM,Dormindo,Atropelamento de pessoa,Com Vítimas Feridas,Pleno dia,Ceu Claro,Dupla   ,Urbano,(null),Ferido Grave,25.0,Feminino
83167265,22/03/2014,RN,101,PARNAMIRIM,Dormindo,Atropelamento de pessoa,Com Vítimas Feridas,Pleno dia,Ceu Claro,Dupla   ,Urbano,(null),Ferido Grave,-1.0,Feminino
83167268,24/03/2014,RN,226,NATAL,Não guardar distância de segurança,Colisão traseira,Sem Vítimas        ,Pleno dia,Ceu Claro,Dupla   ,Urbano,Caminhonete,Ileso       ,41.0,Masculino
83167268,24/03/2014,RN,226,NATAL,Não guardar distância de segurança,Colisão traseira,Sem Vítimas        ,Pleno dia,Ceu Claro,Dupla   ,Urbano,Ônibus,Ileso       ,32.0,Masculino
83167289,22/03/2014,RN,101,NATAL,Outras,Saída de Pista,Sem Vítimas        ,Pleno dia,Sol,Múltipla,Urbano,Automóvel,Ileso       ,21.0,Masculino
83167291,30/03/2014,RN,110,MOSSORO,Outras,Colisão traseira,Com Vítimas Feridas,Pleno dia,Sol,Simples ,Urbano,Caminhão-Trator,Ileso       ,-1.0,Inválido
83167291,30/03/2014,RN,110,MOSSORO,Outras,Colisão traseira,Com Vítimas Feridas,Pleno dia,Sol,Simples ,Urbano,Ciclomotor,Ferido Grave,16.0,Masculino
83167291,30/03/2014,RN,110,MOSSORO,Outras,Colisão traseira,Com Vítimas Feridas,Pleno dia,Sol,Simples ,Urbano,Ciclomotor,Ferido Grave,13.0,Masculino
83167372,29/03/2014,RN,101,PARNAMIRIM,Desobediência à sinalização,Colisão Transversal,Com Vítimas Feridas,Pleno dia,Ceu Claro,Dupla   ,Urbano,Motocicletas,Ignorado    ,-1.0,Masculino
83167372,29/03/2014,RN,101,PARNAMIRIM,Desobediência à sinalização,Colisão Transversal,Com Vítimas Feridas,Pleno dia,Ceu Claro,Dupla   ,Urbano,Motocicletas,Ignorado    ,-1.0,Masculino
83167372,29/03/2014,RN,101,PARNAMIRIM,Desobediência à sinalização,Colisão Transversal,Com Vítimas Feridas,Pleno dia,Ceu Claro,Dupla   ,Urbano,Motocicletas,Ferido Leve ,22.0,Masculino
83167469,30/03/2014,RN,101,NATAL,Não guardar distância de segurança,Colisão traseira,Sem Vítimas        ,Pleno dia,Ceu Claro,Dupla   ,Urbano,Automóvel,Ileso       ,50.0,Masculino
83167469,30/03/2014,RN,101,NATAL,Não guardar distância de segurança,Colisão traseira,Sem Vítimas        ,Pleno dia,Ceu Claro,Dupla   ,Urbano,Automóvel,Ileso       ,31.0,Masculino
83167521,30/03/2014,RN,101,SAO JOSE DE MIPIBU,Outras,Queda de motocicleta / bicicleta / veículo,Com Vítimas Feridas,Pleno dia,Ceu Claro,Dupla   ,Urbano,Motocicletas,Ferido Leve ,44.0,Masculino
83167521,30/03/2014,RN,101,SAO JOSE DE MIPIBU,Outras,Queda de motocicleta / bicicleta / veículo,Com Vítimas Feridas,Pleno dia,Ceu Claro,Dupla   ,Urbano,Motocicletas,Ferido Leve ,42.0,Feminino
83167540,23/03/2014,RN,101,PARNAMIRIM,Falta de atenção,Colisão traseira,Sem Vítimas        ,Plena noite,Ceu Claro,Dupla   ,Rural ,Automóvel,Ileso       ,41.0,Masculino
83167540,23/03/2014,RN,101,PARNAMIRIM,Falta de atenção,Colisão traseira,Sem Vítimas        ,Plena noite,Ceu Claro,Dupla   ,Rural ,Caminhão,Ignorado    ,-1.0,Masculino
83167567,30/03/2014,RN,427,CURRAIS NOVOS,Falta de atenção,Colisão traseira,Com Vítimas Feridas,Pleno dia,Nublado,Simples ,Urbano,Motocicletas,Ferido Grave,22.0,Masculino
83167567,30/03/2014,RN,427,CURRAIS NOVOS,Falta de atenção,Colisão traseira,Com Vítimas Feridas,Pleno dia,Nublado,Simples ,Urbano,Motocicletas,Ferido Leve ,47.0,Masculino
83167600,30/03/2014,RN,101,NATAL,Não guardar distância de segurança,Colisão lateral,Sem Vítimas        ,Plena noite,Chuva,Dupla   ,Urbano,Automóvel,Ileso       ,26.0,Feminino
83167600,30/03/2014,RN,101,NATAL,Não guardar distância de segurança,Colisão lateral,Sem Vítimas        ,Plena noite,Chuva,Dupla   ,Urbano,Automóvel,Ileso       ,21.0,Masculino
83167690,30/03/2014,RN,304,MACAIBA,Falta de atenção,Tombamento,Com Vítimas Feridas,Pleno dia,Chuva,Dupla   ,Urbano,Caminhão,Ileso       ,47.0,Masculino
83167690,30/03/2014,RN,304,MACAIBA,Falta de atenção,Tombamento,Com Vítimas Feridas,Pleno dia,Chuva,Dupla   ,Urbano,Caminhão,Ferido Grave,-1.0,Masculino
83167753,31/03/2014,RN,101,PARNAMIRIM,Desobediência à sinalização,Colisão Transversal,Com Vítimas Feridas,Pleno dia,Nublado,Múltipla,Urbano,Motocicletas,Ferido Grave,-1.0,Masculino
83167753,31/03/2014,RN,101,PARNAMIRIM,Desobediência à sinalização,Colisão Transversal,Com Vítimas Feridas,Pleno dia,Nublado,Múltipla,Urbano,Motocicletas,Ferido Grave,34.0,Masculino
83167766,27/03/2014,RN,101,PARNAMIRIM,Ingestão de álcool,Atropelamento de pessoa,Com Vítimas Feridas,Plena noite,Ceu Claro,Dupla   ,Urbano,Motocicletas,Ferido Grave,29.0,Masculino
83167766,27/03/2014,RN,101,PARNAMIRIM,Ingestão de álcool,Atropelamento de pessoa,Com Vítimas Feridas,Plena noite,Ceu Claro,Dupla   ,Urbano,(null),Ferido Grave,30.0,Masculino
83167767,28/03/2014,RN,101,NATAL,Ingestão de álcool,Colisão com objeto fixo,Ignorado           ,Plena noite,Chuva,Múltipla,Urbano,Utilitário,Ignorado    ,-1.0,Masculino
83167877,27/03/2014,RN,101,PARNAMIRIM,Não guardar distância de segurança,Colisão lateral,Sem Vítimas        ,Pleno dia,Ceu Claro,Dupla   ,Urbano,Caminhão,Ileso       ,45.0,Masculino
83167877,27/03/2014,RN,101,PARNAMIRIM,Não guardar distância de segurança,Colisão lateral,Sem Vítimas        ,Pleno dia,Ceu Claro,Dupla   ,Urbano,Automóvel,Ileso       ,31.0,Masculino
83167886,31/03/2014,RN,406,GUAMARE,Outras,Atropelamento de pessoa,Com Vítimas Fatais ,Pleno dia,Ceu Claro,Simples ,Urbano,Automóvel,Ignorado    ,-1.0,Inválido
83167886,31/03/2014,RN,406,GUAMARE,Outras,Atropelamento de pessoa,Com Vítimas Fatais ,Pleno dia,Ceu Claro,Simples ,Urbano,(null),Morto       ,8.0,Feminino
83167987,31/03/2014,RN,101,NATAL,Outras,Colisão Transversal,Sem Vítimas        ,Pleno dia,Ceu Claro,Dupla   ,Urbano,Utilitário,Ileso       ,63.0,Masculino
83167987,31/03/2014,RN,101,NATAL,Outras,Colisão Transversal,Sem Vítimas        ,Pleno dia,Ceu Claro,Dupla   ,Urbano,Caminhonete,Ileso       ,55.0,Masculino
83168013,31/03/2014,RN,101,PARNAMIRIM,Desobediência à sinalização,Colisão Transversal,Com Vítimas Feridas,Pleno dia,Ceu Claro,Dupla   ,Urbano,Automóvel,Ileso       ,30.0,Masculino
83168013,31/03/2014,RN,101,PARNAMIRIM,Desobediência à sinalização,Colisão Transversal,Com Vítimas Feridas,Pleno dia,Ceu Claro,Dupla   ,Urbano,Motocicletas,Ferido Leve ,28.0,Masculino
83168048,31/03/2014,RN,101,SAO GONCALO DO AMARANTE,Falta de atenção,Colisão lateral,Sem Vítimas        ,Pleno dia,Nublado,Dupla   ,Urbano,Ônibus,Ileso       ,35.0,Masculino
83168048,31/03/2014,RN,101,SAO GONCALO DO AMARANTE,Falta de atenção,Colisão lateral,Sem Vítimas        ,Pleno dia,Nublado,Dupla   ,Urbano,Automóvel,Ileso       ,40.0,Masculino
83168149,28/03/2014,RN,304,ASSU,Outras,Colisão lateral,Ignorado           ,Pleno dia,Ceu Claro,Simples ,Urbano,Não identificado,Ignorado    ,-1.0,Inválido
83168149,28/03/2014,RN,304,ASSU,Outras,Colisão lateral,Ignorado           ,Pleno dia,Ceu Claro,Simples ,Urbano,Não identificado,Ignorado    ,-1.0,Inválido
83168227,01/04/2014,RN,101,NATAL,Falta de atenção,Colisão traseira,Sem Vítimas        ,Pleno dia,Ceu Claro,Dupla   ,Urbano,Automóvel,Ileso       ,25.0,Masculino
83168227,01/04/2014,RN,101,NATAL,Falta de atenção,Colisão traseira,Sem Vítimas        ,Pleno dia,Ceu Claro,Dupla   ,Urbano,Automóvel,Ileso       ,28.0,Masculino
83168227,01/04/2014,RN,101,NATAL,Falta de atenção,Colisão traseira,Sem Vítimas        ,Pleno dia,Ceu Claro,Dupla   ,Urbano,Caminhonete,Ileso       ,49.0,Masculino
83168263,26/03/2014,RN,427,CAICO,Outras,Incêndio,Sem Vítimas        ,Plena noite,Ceu Claro,Simples ,Rural ,Ônibus,Ileso       ,27.0,Masculino
83168263,26/03/2014,RN,427,CAICO,Outras,Incêndio,Sem Vítimas        ,Plena noite,Ceu Claro,Simples ,Rural ,Ônibus,Ileso       ,-1.0,Masculino
83168263,26/03/2014,RN,427,CAICO,Outras,Incêndio,Sem Vítimas        ,Plena noite,Ceu Claro,Simples ,Rural ,Ônibus,Ileso       ,-1.0,Masculino
83168277,30/03/2014,RN,110,CAMPO GRANDE,Outras,Colisão Transversal,Com Vítimas Feridas,Anoitecer,Chuva,Simples ,Urbano,Camioneta,Ileso       ,39.0,Masculino
83168277,30/03/2014,RN,110,CAMPO GRANDE,Outras,Colisão Transversal,Com Vítimas Feridas,Anoitecer,Chuva,Simples ,Urbano,Motocicletas,Ferido Grave,-1.0,Masculino
83168277,30/03/2014,RN,110,CAMPO GRANDE,Outras,Colisão Transversal,Com Vítimas Feridas,Anoitecer,Chuva,Simples ,Urbano,Camioneta,Ferido Leve ,25.0,Feminino
83168288,28/03/2014,RN,101,NATAL,Falta de atenção,Colisão traseira,Sem Vítimas        ,Pleno dia,Ceu Claro,Dupla   ,Urbano,Automóvel,Ileso       ,32.0,Masculino
83168288,28/03/2014,RN,101,NATAL,Falta de atenção,Colisão traseira,Sem Vítimas        ,Pleno dia,Ceu Claro,Dupla   ,Urbano,Utilitário,Ileso       ,55.0,Feminino
83168404,01/04/2014,RN,101,PARNAMIRIM,Não guardar distância de segurança,Colisão traseira,Sem Vítimas        ,Pleno dia,Sol,Dupla   ,Urbano,Automóvel,Ileso       ,53.0,Masculino
83168404,01/04/2014,RN,101,PARNAMIRIM,Não guardar distância de segurança,Colisão traseira,Sem Vítimas        ,Pleno dia,Sol,Dupla   ,Urbano,Automóvel,Ileso       ,55.0,Masculino
83168484,16/02/2014,RN,304,MACAIBA,Animais na Pista,Atropelamento de animal,Com Vítimas Feridas,Plena noite,Ceu Claro,Simples ,Rural ,Automóvel,Ileso       ,26.0,Masculino
83168484,16/02/2014,RN,304,MACAIBA,Animais na Pista,Atropelamento de animal,Com Vítimas Feridas,Plena noite,Ceu Claro,Simples ,Rural ,Automóvel,Ferido Leve ,50.0,Masculino
83168528,01/04/2014,RN,226,CURRAIS NOVOS,Defeito mecânico em veículo,Tombamento,Com Vítimas Feridas,Anoitecer,Ceu Claro,Simples ,Rural ,Motoneta,Ferido Leve ,22.0,Masculino
83168528,01/04/2014,RN,226,CURRAIS NOVOS,Defeito mecânico em veículo,Tombamento,Com Vítimas Feridas,Anoitecer,Ceu Claro,Simples ,Rural ,Motoneta,Ferido Leve ,22.0,Masculino
83168583,01/04/2014,RN,406,JANDAIRA,Dormindo,Colisão lateral,Sem Vítimas        ,Pleno dia,Sol,Simples ,Rural ,Automóvel,Ileso       ,24.0,Masculino
83168583,01/04/2014,RN,406,JANDAIRA,Dormindo,Colisão lateral,Sem Vítimas        ,Pleno dia,Sol,Simples ,Rural ,Caminhão-Trator,Ileso       ,44.0,Masculino
83168609,28/03/2014,RN,304,ITAJA,Animais na Pista,Atropelamento de animal,Sem Vítimas        ,Plena noite,Ignorada,Simples ,Rural ,Caminhão-Trator,Ileso       ,58.0,Masculino
83168617,29/03/2014,RN,110,MOSSORO,Outras,Queda de motocicleta / bicicleta / veículo,Com Vítimas Feridas,Plena noite,Nublado,Simples ,Rural ,Motoneta,Ferido Leve ,-1.0,Masculino
83168617,29/03/2014,RN,110,MOSSORO,Outras,Queda de motocicleta / bicicleta / veículo,Com Vítimas Feridas,Plena noite,Nublado,Simples ,Rural ,Motoneta,Ferido Leve ,-1.0,Masculino
83168621,25/03/2014,RN,427,JARDIM DO SERIDO,Outras,Colisão traseira,Com Vítimas Feridas,Plena noite,Ceu Claro,Simples ,Rural ,Motocicletas,Ferido Leve ,46.0,Masculino
83168621,25/03/2014,RN,427,JARDIM DO SERIDO,Outras,Colisão traseira,Com Vítimas Feridas,Plena noite,Ceu Claro,Simples ,Rural ,Automóvel,Ileso       ,28.0,Masculino
83168638,31/03/2014,RN,101,PARNAMIRIM,Falta de atenção,Colisão Transversal,Sem Vítimas        ,Pleno dia,Ceu Claro,Simples ,Urbano,Ônibus,Ileso       ,48.0,Masculino
83168638,31/03/2014,RN,101,PARNAMIRIM,Falta de atenção,Colisão Transversal,Sem Vítimas        ,Pleno dia,Ceu Claro,Simples ,Urbano,Automóvel,Ileso       ,73.0,Masculino
83168649,29/03/2014,RN,101,NATAL,Falta de atenção,Colisão traseira,Sem Vítimas        ,Plena noite,Ceu Claro,Dupla   ,Urbano,Automóvel,Ileso       ,46.0,Feminino
83168649,29/03/2014,RN,101,NATAL,Falta de atenção,Colisão traseira,Sem Vítimas        ,Plena noite,Ceu Claro,Dupla   ,Urbano,Automóvel,Ileso       ,30.0,Masculino
83168792,25/03/2014,RN,304,MOSSORO,Falta de atenção,Colisão traseira,Sem Vítimas        ,Plena noite,Ceu Claro,Dupla   ,Urbano,Automóvel,Ileso       ,28.0,Feminino