id,data_inversa,uf,br,municipio,causa_acidente,tipo_acidente,classificacao_acidente,fase_dia,condicao_metereologica,tipo_pista,uso_solo,tipo_veiculo,estado_fisico,idade,sexo
83168792,25/03/2014,RN,304,MOSSORO,Falta de atenção,Colisão traseira,Sem Vítimas        ,Plena noite,Ceu Claro,Dupla   ,Urbano,Automóvel,Ileso       ,25.0,Masculino
83168792,25/03/2014,RN,304,MOSSORO,Falta de atenção,Colisão traseira,Sem Vítimas        ,Plena noite,Ceu Claro,Dupla   ,Urbano,Automóvel,Ileso       ,25.0,Feminino
83168792,25/03/2014,RN,304,MOSSORO,Falta de atenção,Colisão traseira,Sem Vítimas        ,Plena noite,Ceu Claro,Dupla   ,Urbano,Automóvel,Ileso       ,30.0,Feminino
83168808,02/04/2014,RN,101,NATAL,Falta de atenção,Colisão traseira,Sem Vítimas        ,Pleno dia,Ceu Claro,Múltipla,Urbano,Automóvel,Ileso       ,27.0,Masculino
83168808,02/04/2014,RN,101,NATAL,Falta de atenção,Colisão traseira,Sem Vítimas        ,Pleno dia,Ceu Claro,Múltipla,Urbano,Automóvel,Ileso       ,42.0,Masculino
83168869,02/04/2014,RN,101,SAO GONCALO DO AMARANTE,Outras,Colisão lateral,Sem Vítimas        ,Pleno dia,Nublado,Dupla   ,Urbano,Automóvel,Ignorado    ,-1.0,Inválido
83168869,02/04/2014,RN,101,SAO GONCALO DO AMARANTE,Outras,Colisão lateral,Sem Vítimas        ,Pleno dia,Nublado,Dupla   ,Urbano,Caminhão,Ileso       ,43.0,Masculino
83168908,20/03/2014,RN,101,NATAL,Não guardar distância de segurança,Colisão traseira,Sem Vítimas        ,Pleno dia,Ceu Claro,Dupla   ,Urbano,Automóvel,Ileso       ,33.0,Feminino
83168908,20/03/2014,RN,101,NATAL,Não guardar distância de segurança,Colisão traseira,Sem Vítimas        ,Pleno dia,Ceu Claro,Dupla   ,Urbano,Ônibus,Ileso       ,24.0,Masculino
83168949,29/03/2014,RN,101,NATAL,Outras,Atropelamento de pessoa,Com Vítimas Feridas,Plena noite,Nublado,Dupla   ,Urbano,Motocicletas,Ferido Grave,55.0,Masculino
83168949,29/03/2014,RN,101,NATAL,Outras,Atropelamento de pessoa,Com Vítimas Feridas,Plena noite,Nublado,Dupla   ,Urbano,Automóvel,Ileso       ,37.0,Masculino
83168949,29/03/2014,RN,101,NATAL,Outras,Atropelamento de pessoa,Com Vítimas Feridas,Plena noite,Nublado,Dupla   ,Urbano,(null),Ignorado    ,-1.0,Inválido
83168966,02/04/2014,RN,304,MOSSORO,Outras,Colisão traseira,Com Vítimas Feridas,Pleno dia,Nublado,Simples ,Urbano,Motocicletas,Ferido Leve ,35.0,Masculino
83168966,02/04/2014,RN,304,MOSSORO,Outras,Colisão traseira,Com Vítimas Feridas,Pleno dia,Nublado,Simples ,Urbano,Automóvel,Ileso       ,22.0,Feminino
83169038,02/04/2014,RN,101,PARNAMIRIM,Falta de atenção,Colisão lateral,Sem Vítimas        ,Plena noite,Ceu Claro,Múltipla,Urbano,Caminhonete,Ileso       ,49.0,Masculino
83169038,02/04/2014,RN,101,PARNAMIRIM,Falta de atenção,Colisão lateral,Sem Vítimas        ,Plena noite,Ceu Claro,Múltipla,Urbano,Camioneta,Ileso       ,37.0,Feminino
83169128,02/04/2014,RN,304,CAICARA DO RIO DO VENTO,Outras,Tombamento,Com Vítimas Feridas,Plena noite,Ceu Claro,Simples ,Rural ,Caminhão-Trator,Ferido Leve ,51.0,Masculino
83169209,03/04/2014,RN,110,MOSSORO,Falta de atenção,Colisão Transversal,Com Vítimas Feridas,Pleno dia,Ceu Claro,Simples ,Urbano,Motoneta,Ferido Leve ,18.0,Feminino
83169209,03/04/2014,RN,110,MOSSORO,Falta de atenção,Colisão Transversal,Com Vítimas Feridas,Pleno dia,Ceu Claro,Simples ,Urbano,Motocicletas,Ignorado    ,-1.0,Inválido
83169227,03/04/2014,RN,101,PARNAMIRIM,Outras,Colisão com objeto fixo,Ignorado           ,Pleno dia,Nublado,Dupla   ,Urbano,Automóvel,Ignorado    ,-1.0,Inválido
83169391,03/04/2014,RN,304,MOSSORO,Não guardar distância de segurança,Colisão traseira,Sem Vítimas        ,Pleno dia,Ceu Claro,Simples ,Urbano,Automóvel,Ileso       ,28.0,Masculino
83169391,03/04/2014,RN,304,MOSSORO,Não guardar distância de segurança,Colisão traseira,Sem Vítimas        ,Pleno dia,Ceu Claro,Simples ,Urbano,Automóvel,Ileso       ,30.0,Feminino
83169391,03/04/2014,RN,304,MOSSORO,Não guardar distância de segurança,Colisão traseira,Sem Vítimas        ,Pleno dia,Ceu Claro,Simples ,Urbano,Automóvel,Ileso       ,37.0,Masculino
83169458,03/04/2014,RN,101,NATAL,Desobediência à sinalização,Colisão Transversal,Sem Vítimas        ,Pleno dia,Sol,Dupla   ,Urbano,Ônibus,Ileso       ,33.0,Masculino
83169458,03/04/2014,RN,101,NATAL,Desobediência à sinalização,Colisão Transversal,Sem Vítimas        ,Pleno dia,Sol,Dupla   ,Urbano,Automóvel,Ileso       ,30.0,Masculino
83169488,03/04/2014,RN,101,NATAL,Falta de atenção,Colisão lateral,Sem Vítimas        ,Pleno dia,Ceu Claro,Dupla   ,Urbano,Automóvel,Ileso       ,24.0,Masculino
83169488,03/04/2014,RN,101,NATAL,Falta de atenção,Colisão lateral,Sem Vítimas        ,Pleno dia,Ceu Claro,Dupla   ,Urbano,Ônibus,Ileso       ,52.0,Masculino
83169704,31/03/2014,RN,101,NATAL,Falta de atenção,Colisão traseira,Sem Vítimas        ,Plena noite,Ceu Claro,Múltipla,Urbano,Automóvel,Ileso       ,45.0,Masculino
83169704,31/03/2014,RN,101,NATAL,Falta de atenção,Colisão traseira,Sem Vítimas        ,Plena noite,Ceu Claro,Múltipla,Urbano,Ônibus,Ileso       ,58.0,Masculino
83169866,04/04/2014,RN,101,SAO GONCALO DO AMARANTE,Não guardar distância de segurança,Colisão Transversal,Sem Vítimas        ,Pleno dia,Ceu Claro,Dupla   ,Urbano,Caminhão-Trator,Ileso       ,62.0,Masculino
83169866,04/04/2014,RN,101,SAO GONCALO DO AMARANTE,Não guardar distância de segurança,Colisão Transversal,Sem Vítimas        ,Pleno dia,Ceu Claro,Dupla   ,Urbano,Caminhonete,Ileso       ,40.0,Masculino
83169869,02/04/2014,RN,304,MOSSORO,Falta de atenção,Colisão lateral,Sem Vítimas        ,Plena noite,Ceu Claro,Dupla   ,Urbano,Automóvel,Ileso       ,51.0,Feminino
83169869,02/04/2014,RN,304,MOSSORO,Falta de atenção,Colisão lateral,Sem Vítimas        ,Plena noite,Ceu Claro,Dupla   ,Urbano,Caminhão,Ileso       ,32.0,Masculino
83169900,04/04/2014,RN,110,MOSSORO,Outras,Colisão com bicicleta,Com Vítimas Fatais ,Pleno dia,Ceu Claro,Dupla   ,Urbano,Bicicleta,Morto       ,73.0,Masculino
83169900,04/04/2014,RN,110,MOSSORO,Outras,Colisão com bicicleta,Com Vítimas Fatais ,Pleno dia,Ceu Claro,Dupla   ,Urbano,Caminhão-Trator,Ileso       ,-1.0,Inválido
83169963,04/04/2014,RN,101,PARNAMIRIM,Falta de atenção,Colisão traseira,Sem Vítimas        ,Pleno dia,Sol,Múltipla,Urbano,Automóvel,Ileso       ,40.0,Masculino
83169963,04/04/2014,RN,101,PARNAMIRIM,Falta de atenção,Colisão traseira,Sem Vítimas        ,Pleno dia,Sol,Múltipla,Urbano,Automóvel,Ileso       ,24.0,Masculino
83169988,04/04/2014,RN,101,PARNAMIRIM,Falta de atenção,Colisão lateral,Sem Vítimas        ,Pleno dia,Sol,Múltipla,Urbano,Automóvel,Ileso       ,35.0,Feminino
83169988,04/04/2014,RN,101,PARNAMIRIM,Falta de atenção,Colisão lateral,Sem Vítimas        ,Pleno dia,Sol,Múltipla,Urbano,Caminhonete,Ileso       ,50.0,Feminino
83170085,04/04/2014,RN,304,RIACHUELO,Outras,Capotamento,Com Vítimas Feridas,Pleno dia,Ceu Claro,Simples ,Rural ,Automóvel,Ferido Leve ,41.0,Masculino
83170085,04/04/2014,RN,304,RIACHUELO,Outras,Capotamento,Com Vítimas Feridas,Pleno dia,Ceu Claro,Simples ,Rural ,Automóvel,Ileso       ,37.0,Masculino
83170161,29/03/2014,RN,101,SAO JOSE DE MIPIBU,Ingestão de álcool,Colisão traseira,Com Vítimas Feridas,Pleno dia,Sol,Dupla   ,Urbano,Automóvel,Ileso       ,40.0,Masculino
83170161,29/03/2014,RN,101,SAO JOSE DE MIPIBU,Ingestão de álcool,Colisão traseira,Com Vítimas Feridas,Pleno dia,Sol,Dupla   ,Urbano,Bicicleta,Ferido Leve ,32.0,Masculino
83170217,04/04/2014,RN,427,CAICO,Defeito mecânico em veículo,Saída de Pista,Sem Vítimas        ,Pleno dia,Ceu Claro,Simples ,Rural ,Utilitário,Ileso       ,32.0,Masculino
83170406,01/04/2014,RN,304,RIACHUELO,Ultrapassagem indevida,Colisão lateral,Sem Vítimas        ,Pleno dia,Ceu Claro,Simples ,Rural ,Automóvel,Ileso       ,32.0,Masculino
83170406,01/04/2014,RN,304,RIACHUELO,Ultrapassagem indevida,Colisão lateral,Sem Vítimas        ,Pleno dia,Ceu Claro,Simples ,Rural ,Caminhonete,Ileso       ,43.0,Masculino
83170486,05/04/2014,RN,304,MACAIBA,Ultrapassagem indevida,Colisão lateral,Sem Vítimas        ,Pleno dia,Chuva,Simples ,Urbano,Caminhão,Ileso       ,30.0,Masculino
83170486,05/04/2014,RN,304,MACAIBA,Ultrapassagem indevida,Colisão lateral,Sem Vítimas        ,Pleno dia,Chuva,Simples ,Urbano,Automóvel,Ileso       ,49.0,Masculino
83170556,05/04/2014,RN,101,NATAL,Desobediência à sinalização,Colisão Transversal,Com Vítimas Feridas,Pleno dia,Chuva,Dupla   ,Rural ,Automóvel,Ignorado    ,-1.0,Feminino
83170556,05/04/2014,RN,101,NATAL,Desobediência à sinalização,Colisão Transversal,Com Vítimas Feridas,Pleno dia,Chuva,Dupla   ,Rural ,Motocicletas,Ferido Grave,40.0,Masculino
83170572,05/04/2014,RN,101,NATAL,Não guardar distância de segurança,Colisão traseira,Sem Vítimas        ,Pleno dia,Chuva,Dupla   ,Urbano,Caminhonete,Ileso       ,-1.0,Masculino
83170572,05/04/2014,RN,101,NATAL,Não guardar distância de segurança,Colisão traseira,Sem Vítimas        ,Pleno dia,Chuva,Dupla   ,Urbano,Ônibus,Ileso       ,40.0,Masculino
83170580,05/04/2014,RN,101,NATAL,Não guardar distância de segurança,Colisão traseira,Sem Vítimas        ,Pleno dia,Chuva,Dupla   ,Urbano,Automóvel,Ignorado    ,-1.0,Inválido
83170580,05/04/2014,RN,101,NATAL,Não guardar distância de segurança,Colisão traseira,Sem Vítimas        ,Pleno dia,Chuva,Dupla   ,Urbano,Automóvel,Ileso       ,31.0,Feminino
83170580,05/04/2014,RN,101,NATAL,Não guardar distância de segurança,Colisão traseira,Sem Vítimas        ,Pleno dia,Chuva,Dupla   ,Urbano,Automóvel,Ileso       ,-1.0,Masculino
83170580,05/04/2014,RN,101,NATAL,Não guardar distância de segurança,Colisão traseira,Sem Vítimas        ,Pleno dia,Chuva,Dupla   ,Urbano,Caminhonete,Ileso       ,37.0,Masculino
83170684,05/04/2014,RN,304,ASSU,Falta de atenção,Colisão traseira,Sem Vítimas        ,Pleno dia,Sol,Simples ,Rural ,Caminhonete,Ileso       ,27.0,Masculino
83170684,05/04/2014,RN,304,ASSU,Falta de atenção,Colisão traseira,Sem Vítimas        ,Pleno dia,Sol,Simples ,Rural ,Automóvel,Ileso       ,52.0,Masculino
83170692,05/04/2014,RN,304,ANGICOS,Ingestão de álcool,Colisão traseira,Sem Vítimas        ,Pleno dia,Sol,Simples ,Rural ,Automóvel,Ileso       ,34.0,Masculino
83170692,05/04/2014,RN,304,ANGICOS,Ingestão de álcool,Colisão traseira,Sem Vítimas        ,Pleno dia,Sol,Simples ,Rural ,Automóvel,Ileso       ,21.0,Masculino
83170692,05/04/2014,RN,304,ANGICOS,Ingestão de álcool,Colisão traseira,Sem Vítimas        ,Pleno dia,Sol,Simples ,Rural ,Ônibus,Ileso       ,40.0,Masculino
83170754,05/04/2014,RN,226,NATAL,Falta de atenção,Colisão Transversal,Sem Vítimas        ,Plena noite,Ceu Claro,Simples ,Urbano,Automóvel,Ileso       ,26.0,Masculino
83170754,05/04/2014,RN,226,NATAL,Falta de atenção,Colisão Transversal,Sem Vítimas        ,Plena noite,Ceu Claro,Simples ,Urbano,Automóvel,Ileso       ,40.0,Masculino
83170847,20/01/2014,RN,101,SAO JOSE DE MIPIBU,Animais na Pista,Atropelamento de animal,Com Vítimas Feridas,Plena noite,Ceu Claro,Dupla   ,Rural ,Camioneta,Ileso       ,49.0,Feminino
83170847,20/01/2014,RN,101,SAO JOSE DE MIPIBU,Animais na Pista,Atropelamento de animal,Com Vítimas Feridas,Plena noite,Ceu Claro,Dupla   ,Rural ,Camioneta,Ferido Grave,56.0,Feminino
83170879,06/04/2014,RN,304,MACAIBA,Outras,Tombamento,Sem Vítimas        ,Pleno dia,Nublado,Dupla   ,Urbano,Caminhão-Trator,Ileso       ,56.0,Masculino
83170987,06/04/2014,RN,101,NATAL,Não guardar distância de segurança,Colisão lateral,Sem Vítimas        ,Pleno dia,Sol,Dupla   ,Urbano,Automóvel,Ileso       ,46.0,Masculino
83170987,06/04/2014,RN,101,NATAL,Não guardar distância de segurança,Colisão lateral,Sem Vítimas        ,Pleno dia,Sol,Dupla   ,Urbano,Ônibus,Ileso       ,36.0,Masculino
83171073,06/04/2014,RN,304,ANGICOS,Defeito mecânico em veículo,Saída de Pista,Sem Vítimas        ,Pleno dia,Ceu Claro,Simples ,Rural ,Caminhão-Trator,Ileso       ,38.0,Masculino
83171237,06/04/2014,RN,101,NATAL,Ingestão de álcool,Colisão lateral,Sem Vítimas        ,Plena noite,Ceu Claro,Dupla   ,Urbano,Automóvel,Ileso       ,35.0,Masculino
83171237,06/04/2014,RN,101,NATAL,Ingestão de álcool,Colisão lateral,Sem Vítimas        ,Plena noite,Ceu Claro,Dupla   ,Urbano,Automóvel,Ileso       ,27.0,Feminino
83171459,13/03/2014,RN,101,NATAL,Falta de atenção,Colisão traseira,Sem Vítimas        ,Pleno dia,Chuva,Simples ,Urbano,Automóvel,Ileso       ,35.0,Masculino
83171459,13/03/2014,RN,101,NATAL,Falta de atenção,Colisão traseira,Sem Vítimas        ,Pleno dia,Chuva,Simples ,Urbano,Automóvel,Ileso       ,26.0,Feminino
83171500,25/03/2014,RN,226,PAU DOS FERROS,Falta de atenção,Colisão Transversal,Com Vítimas Fatais ,Anoitecer,Ceu Claro,Simples ,Rural ,Automóvel,Ileso       ,26.0,Masculino
83171500,25/03/2014,RN,226,PAU DOS FERROS,Falta de atenção,Colisão Transversal,Com Vítimas Fatais ,Anoitecer,Ceu Claro,Simples ,Rural ,Ciclomotor,Morto       ,-1.0,Masculino
83171526,01/04/2014,RN,101,NATAL,Falta de atenção,Colisão lateral,Sem Vítimas        ,Pleno dia,Ceu Claro,Dupla   ,Urbano,Automóvel,Ileso       ,42.0,Masculino
83171526,01/04/2014,RN,101,NATAL,Falta de atenção,Colisão lateral,Sem Vítimas        ,Pleno dia,Ceu Claro,Dupla   ,Urbano,Camioneta,Ileso       ,39.0,Feminino
83171540,01/04/2014,RN,101,NATAL,Não guardar distância de segurança,Colisão lateral,Sem Vítimas        ,Plena noite,Ceu Claro,Dupla   ,Urbano,Utilitário,Ileso       ,24.0,Masculino
83171540,01/04/2014,RN,101,NATAL,Não guardar distância de segurança,Colisão lateral,Sem Vítimas        ,Plena noite,Ceu Claro,Dupla   ,Urbano,Automóvel,Ileso       ,55.0,Feminino
83171574,07/04/2014,RN,101,NATAL,Falta de atenção,Colisão lateral,Sem Vítimas        ,Pleno dia,Nublado,Dupla   ,Urbano,Ônibus,Ileso       ,-1.0,Masculino
83171574,07/04/2014,RN,101,NATAL,Falta de atenção,Colisão lateral,Sem Vítimas        ,Pleno dia,Nublado,Dupla   ,Urbano,Automóvel,Ileso       ,26.0,Masculino
83171580,02/04/2014,RN,427,JARDIM DO SERIDO,Falta de atenção,Capotamento,Sem Vítimas        ,Pleno dia,Nublado,Simples ,Rural ,Automóvel,Ileso       ,36.0,Feminino
83171584,22/03/2014,RN,304,RIACHUELO,Outras,Queda de motocicleta / bicicleta / veículo,Com Vítimas Feridas,Plena noite,Ceu Claro,Simples ,Rural ,Motocicletas,Ferido Grave,-1.0,Masculino
83171620,07/04/2014,RN,110,MOSSORO,Falta de atenção,Colisão traseira,Sem Vítimas        ,Pleno dia,Chuva,Dupla   ,Urbano,Caminhonete,Ileso       ,53.0,Masculino
83171620,07/04/2014,RN,110,MOSSORO,Falta de atenção,Colisão traseira,Sem Vítimas        ,Pleno dia,Chuva,Dupla   ,Urbano,Automóvel,Ileso       ,35.0,Masculino
83171694,07/04/2014,RN,101,PARNAMIRIM,Outras,Colisão traseira,Com Vítimas Feridas,Pleno dia,Nublado,Dupla   ,Urbano,Motocicletas,Ferido Leve ,29.0,Masculino
83171694,07/04/2014,RN,101,PARNAMIRIM,Outras,Colisão traseira,Com Vítimas Feridas,Pleno dia,Nublado,Dupla   ,Urbano,Ônibus,Ignorado    ,-1.0,Inválido
83171707,07/04/2014,RN,101,NATAL,Falta de atenção,Colisão traseira,Sem Vítimas        ,Pleno dia,Nublado,Dupla   ,Urbano,Motocicletas,Ileso       ,29.0,Masculino
83171707,07/04/2014,RN,101,NATAL,Falta de atenção,Colisão traseira,Sem Vítimas        ,Pleno dia,Nublado,Dupla   ,Urbano,Automóvel,Ileso       ,30.0,Masculino
83171782,07/04/2014,RN,101,PARNAMIRIM,Não guardar distância de segurança,Colisão lateral,Sem Vítimas        ,Pleno dia,Ceu Claro,Múltipla,Urbano,Ônibus,Ileso       ,28.0,Masculino
83171782,07/04/2014,RN,101,PARNAMIRIM,Não guardar distância de segurança,Colisão lateral,Sem Vítimas        ,Pleno dia,Ceu Claro,Múltipla,Urbano,Automóvel,Ileso       ,61.0,Masculino
83171784,07/04/2014,RN,101,NATAL,Não guardar distância de segurança,Colisão traseira,Sem Vítimas        ,Plena noite,Ceu Claro,Múltipla,Urbano,Caminhonete,Ileso       ,33.0,Masculino
83171784,07/04/2014,RN,101,NATAL,Não guardar distância de segurança,Colisão traseira,Sem Vítimas        ,Plena noite,Ceu Claro,Múltipla,Urbano,Motocicletas,Ileso       ,26.0,Masculino
83171787,07/04/2014,RN,101,NATAL,Outras,Colisão traseira,Com Vítimas Feridas,Pleno dia,Ceu Claro,Múltipla,Urbano,Automóvel,Ileso       ,49.0,Masculino
83171787,07/04/2014,RN,101,NATAL,Outras,Colisão traseira,Com Vítimas Feridas,Pleno dia,Ceu Claro,Múltipla,Urbano,Motocicletas,Ileso       ,27.0,Masculino
83171787,07/04/2014,RN,101,NATAL,Outras,Colisão traseira,Com Vítimas Feridas,Pleno dia,Ceu Claro,Múltipla,Urbano,Motocicletas,Ferido Grave,35.0,Feminino
83171805,07/04/2014,RN,110,MOSSORO,Falta de atenção,Colisão traseira,Sem Vítimas        ,Plena noite,Nublado,Dupla   ,Urbano,Automóvel,Ileso       ,22.0,Feminino
83171805,07/04/2014,RN,110,MOSSORO,Falta de atenção,Colisão traseira,Sem Vítimas        ,Plena noite,Nublado,Dupla   ,Urbano,Automóvel,Ileso       ,39.0,Masculino
83171875,04/04/2014,RN,101,PARNAMIRIM,Outras,Atropelamento de pessoa,Com Vítimas Feridas,Plena noite,Ceu Claro,Múltipla,Urbano,(null),Ferido Leve ,32.0,Masculino
83171875,04/04/2014,RN,101,PARNAMIRIM,Outras,Atropelamento de pessoa,Com Vítimas Feridas,Plena noite,Ceu Claro,Múltipla,Urbano,Motocicletas,Ignorado    ,-1.0,Inválido
83171988,08/04/2014,RN,304,MOSSORO,Falta de atenção,Colisão traseira,Sem Vítimas        ,Pleno dia,Ceu Claro,Dupla   ,Urbano,Automóvel,Ileso       ,23.0,Masculino
83171988,08/04/2014,RN,304,MOSSORO,Falta de atenção,Colisão traseira,Sem Vítimas        ,Pleno dia,Ceu Claro,Dupla   ,Urbano,Utilitário,Ileso       ,48.0,Masculino
83171988,08/04/2014,RN,304,MOSSORO,Falta de atenção,Colisão traseira,Sem Vítimas        ,Pleno dia,Ceu Claro,Dupla   ,Urbano,Caminhonete,Ileso       ,47.0,Masculino
83172013,08/04/2014,RN,101,PARNAMIRIM,Não guardar distância de segurança,Colisão traseira,Sem Vítimas        ,Pleno dia,Ceu Claro,Dupla   ,Urbano,Automóvel,Ileso       ,65.0,Masculino
83172013,08/04/2014,RN,101,PARNAMIRIM,Não guardar distância de segurança,Colisão traseira,Sem Vítimas        ,Pleno dia,Ceu Claro,Dupla   ,Urbano,Automóvel,Ileso       ,28.0,Masculino
83172026,08/04/2014,RN,101,PARNAMIRIM,Outras,Colisão traseira,Sem Vítimas        ,Pleno dia,Ceu Claro,Dupla   ,Urbano,Automóvel,Ileso       ,36.0,Masculino
83172026,08/04/2014,RN,101,PARNAMIRIM,Outras,Colisão traseira,Sem Vítimas        ,Pleno dia,Ceu Claro,Dupla   ,Urbano,Camioneta,Ileso       ,37.0,Masculino
83172034,08/04/2014,RN,304,PARNAMIRIM,Desobediência à sinalização,Atropelamento de pessoa,Com Vítimas Feridas,Pleno dia,Sol,Dupla   ,Urbano,Automóvel,Ileso       ,-1.0,Feminino
83172034,08/04/2014,RN,304,PARNAMIRIM,Desobediência à sinalização,Atropelamento de pessoa,Com Vítimas Feridas,Pleno dia,Sol,Dupla   ,Urbano,(null),Ferido Grave,54.0,Masculino
83172040,08/04/2014,RN,101,PARNAMIRIM,Não guardar distância de segurança,Colisão traseira,Sem Vítimas        ,Pleno dia,Sol,Múltipla,Urbano,Automóvel,Ileso       ,21.0,Masculino
83172040,08/04/2014,RN,101,PARNAMIRIM,Não guardar distância de segurança,Colisão traseira,Sem Vítimas        ,Pleno dia,Sol,Múltipla,Urbano,Caminhão-Trator,Ileso       ,72.0,Masculino
83172124,04/04/2014,RN,101,PARNAMIRIM,Outras,Colisão lateral,Sem Vítimas        ,Plena noite,Ceu Claro,Dupla   ,Urbano,Camioneta,Ileso       ,46.0,Masculino
83172124,04/04/2014,RN,101,PARNAMIRIM,Outras,Colisão lateral,Sem Vítimas        ,Plena noite,Ceu Claro,Dupla   ,Urbano,Ônibus,Ileso       ,38.0,Masculino
83172153,01/04/2014,RN,304,MOSSORO,Ultrapassagem indevida,Colisão frontal,Com Vítimas Fatais ,Pleno dia,Ceu Claro,Simples ,Rural ,Automóvel,Morto       ,26.0,Masculino
83172153,01/04/2014,RN,304,MOSSORO,Ultrapassagem indevida,Colisão frontal,Com Vítimas Fatais ,Pleno dia,Ceu Claro,Simples ,Rural ,Caminhonete,Ferido Leve ,45.0,Masculino
83172153,01/04/2014,RN,304,MOSSORO,Ultrapassagem indevida,Colisão frontal,Com Vítimas Fatais ,Pleno dia,Ceu Claro,Simples ,Rural ,Caminhonete,Ferido Leve ,27.0,Masculino
83172153,01/04/2014,RN,304,MOSSORO,Ultrapassagem indevida,Colisão frontal,Com Vítimas Fatais ,Pleno dia,Ceu Claro,Simples ,Rural ,Caminhonete,Ferido Leve ,19.0,Feminino
83172202,05/04/2014,RN,304,MACAIBA,Não guardar distância de segurança,Queda de motocicleta / bicicleta / veículo,Com Vítimas Feridas,Plena noite,Chuva,Simples ,Rural ,Motocicletas,Ferido Grave,47.0,Masculino
83172202,05/04/2014,RN,304,MACAIBA,Não guardar distância de segurança,Queda de motocicleta / bicicleta / veículo,Com Vítimas Feridas,Plena noite,Chuva,Simples ,Rural ,Automóvel,Ileso       ,-1.0,Inválido
83172228,08/04/2014,RN,101,SAO JOSE DE MIPIBU,Desobediência à sinalização,Colisão Transversal,Sem Vítimas        ,Pleno dia,Sol,Dupla   ,Rural ,Automóvel,Ileso       ,28.0,Feminino
83172228,08/04/2014,RN,101,SAO JOSE DE MIPIBU,Desobediência à sinalização,Colisão Transversal,Sem Vítimas        ,Pleno dia,Sol,Dupla   ,Rural ,Automóvel,Ileso       ,30.0,Masculino
83172233,08/04/2014,RN,304,MOSSORO,Outras,Colisão com objeto móvel,Sem Vítimas        ,Pleno dia,Ceu Claro,Simples ,Rural ,Camioneta,Ileso       ,45.0,Masculino
83172233,08/04/2014,RN,304,MOSSORO,Outras,Colisão com objeto móvel,Sem Vítimas        ,Pleno dia,Ceu Claro,Simples ,Rural ,Caminhão,Ileso       ,49.0,Masculino
83172233,08/04/2014,RN,304,MOSSORO,Outras,Colisão com objeto móvel,Sem Vítimas        ,Pleno dia,Ceu Claro,Simples ,Rural ,Caminhão,Ileso       ,40.0,Masculino
83172233,08/04/2014,RN,304,MOSSORO,Outras,Colisão com objeto móvel,Sem Vítimas        ,Pleno dia,Ceu Claro,Simples ,Rural ,Caminhão,Ileso       ,34.0,Masculino
83172250,04/04/2014,RN,405,MOSSORO,Desobediência à sinalização,Colisão Transversal,Com Vítimas Feridas,Plena noite,Ceu Claro,Simples ,Urbano,Motoneta,Ferido Grave,-1.0,Masculino
83172250,04/04/2014,RN,405,MOSSORO,Desobediência à sinalização,Colisão Transversal,Com Vítimas Feridas,Plena noite,Ceu Claro,Simples ,Urbano,Automóvel,Ignorado    ,-1.0,Inválido
83172309,08/04/2014,RN,101,NATAL,Não guardar distância de segurança,Colisão traseira,Sem Vítimas        ,Plena noite,Ignorada,Múltipla,Urbano,Automóvel,Ileso       ,29.0,Feminino
83172309,08/04/2014,RN,101,NATAL,Não guardar distância de segurança,Colisão traseira,Sem Vítimas        ,Plena noite,Ignorada,Múltipla,Urbano,Automóvel,Ileso       ,-1.0,Masculino
83172317,05/04/2014,RN,405,ASSU,Falta de atenção,Colisão frontal,Com Vítimas Feridas,Plena noite,Ceu Claro,Simples ,Urbano,Automóvel,Ileso       ,45.0,Feminino
83172317,05/04/2014,RN,405,ASSU,Falta de atenção,Colisão frontal,Com Vítimas Feridas,Plena noite,Ceu Claro,Simples ,Urbano,Motocicletas,Ferido Leve ,37.0,Masculino
83172348,08/04/2014,RN,101,PARNAMIRIM,Outras,Colisão Transversal,Sem Vítimas        ,Plena noite,Ceu Claro,Múltipla,Urbano,Ciclomotor,Ileso       ,51.0,Masculino
83172348,08/04/2014,RN,101,PARNAMIRIM,Outras,Colisão Transversal,Sem Vítimas        ,Plena noite,Ceu Claro,Múltipla,Urbano,Automóvel,Ileso       ,53.0,Masculino
83172366,09/04/2014,RN,304,MOSSORO,Animais na Pista,Atropelamento de animal,Sem Vítimas        ,Plena noite,Ceu Claro,Simples ,Rural ,Automóvel,Ileso       ,37.0,Masculino
83172366,09/04/2014,RN,304,MOSSORO,Animais na Pista,Atropelamento de animal,Sem Vítimas        ,Plena noite,Ceu Claro,Simples ,Rural ,Automóvel,Ileso       ,29.0,Masculino
83172366,09/04/2014,RN,304,MOSSORO,Animais na Pista,Atropelamento de animal,Sem Vítimas        ,Plena noite,Ceu Claro,Simples ,Rural ,Automóvel,Ileso       ,21.0,Masculino
83172366,09/04/2014,RN,304,MOSSORO,Animais na Pista,Atropelamento de animal,Sem Vítimas        ,Plena noite,Ceu Claro,Simples ,Rural ,Automóvel,Ileso       ,18.0,Masculino
83172366,09/04/2014,RN,304,MOSSORO,Animais na Pista,Atropelamento de animal,Sem Vítimas        ,Plena noite,Ceu Claro,Simples ,Rural ,Automóvel,Ileso       ,-1.0,Masculino