id,data_inversa,uf,br,municipio,causa_acidente,tipo_acidente,classificacao_acidente,fase_dia,condicao_metereologica,tipo_pista,uso_solo,tipo_veiculo,estado_fisico,idade,sexo
83175899,16/04/2014,RN,101,PARNAMIRIM,Outras,Colisão traseira,Sem Vítimas        ,Pleno dia,Sol,Múltipla,Urbano,Caminhão,Ileso       ,28.0,Masculino
83175911,16/04/2014,RN,101,NATAL,Outras,Colisão traseira,Sem Vítimas        ,Pleno dia,Sol,Múltipla,Urbano,Automóvel,Ileso       ,34.0,Feminino
83175911,16/04/2014,RN,101,NATAL,Outras,Colisão traseira,Sem Vítimas        ,Pleno dia,Sol,Múltipla,Urbano,Motocicletas,Ileso       ,35.0,Masculino
83175968,16/04/2014,RN,101,NATAL,Falta de atenção,Colisão traseira,Sem Vítimas        ,Pleno dia,Nublado,Múltipla,Urbano,Ônibus,Ileso       ,37.0,Masculino
83175968,16/04/2014,RN,101,NATAL,Falta de atenção,Colisão traseira,Sem Vítimas        ,Pleno dia,Nublado,Múltipla,Urbano,Automóvel,Ileso       ,49.0,Feminino
83175979,16/04/2014,RN,101,PARNAMIRIM,Não guardar distância de segurança,Colisão traseira,Sem Vítimas        ,Pleno dia,Nublado,Dupla   ,Urbano,Caminhonete,Ileso       ,38.0,Masculino
83175979,16/04/2014,RN,101,PARNAMIRIM,Não guardar distância de segurança,Colisão traseira,Sem Vítimas        ,Pleno dia,Nublado,Dupla   ,Urbano,Caminhonete,Ileso       ,40.0,Masculino
83175979,16/04/2014,RN,101,PARNAMIRIM,Não guardar distância de segurança,Colisão traseira,Sem Vítimas        ,Pleno dia,Nublado,Dupla   ,Urbano,Camioneta,Ileso       ,34.0,Masculino
83175982,16/04/2014,RN,101,SAO JOSE DE MIPIBU,Outras,Colisão lateral,Sem Vítimas        ,Pleno dia,Nublado,Dupla   ,Urbano,Automóvel,Ileso       ,50.0,Feminino
83175982,16/04/2014,RN,101,SAO JOSE DE MIPIBU,Outras,Colisão lateral,Sem Vítimas        ,Pleno dia,Nublado,Dupla   ,Urbano,Caminhonete,Ileso       ,18.0,Masculino
83175982,16/04/2014,RN,101,SAO JOSE DE MIPIBU,Outras,Colisão lateral,Sem Vítimas        ,Pleno dia,Nublado,Dupla   ,Urbano,Caminhonete,Ignorado    ,-1.0,Inválido
83176078,14/04/2014,RN,304,ASSU,Outras,Colisão frontal,Com Vítimas Feridas,Plena noite,Chuva,Simples ,Rural ,Automóvel,Ferido Leve ,34.0,Masculino
83176078,14/04/2014,RN,304,ASSU,Outras,Colisão frontal,Com Vítimas Feridas,Plena noite,Chuva,Simples ,Rural ,Caminhão,Ileso       ,30.0,Masculino
83176087,12/04/2014,RN,427,ACARI,Falta de atenção,Colisão lateral,Sem Vítimas        ,Pleno dia,Ceu Claro,Simples ,Urbano,Automóvel,Ileso       ,45.0,Masculino
83176087,12/04/2014,RN,427,ACARI,Falta de atenção,Colisão lateral,Sem Vítimas        ,Pleno dia,Ceu Claro,Simples ,Urbano,Caminhonete,Ileso       ,63.0,Masculino
83176121,22/03/2014,RN,101,NATAL,Ingestão de álcool,Colisão traseira,Sem Vítimas        ,Pleno dia,Ceu Claro,Dupla   ,Urbano,Caminhão,Ileso       ,30.0,Masculino
83176121,22/03/2014,RN,101,NATAL,Ingestão de álcool,Colisão traseira,Sem Vítimas        ,Pleno dia,Ceu Claro,Dupla   ,Urbano,Automóvel,Ileso       ,33.0,Masculino
83176133,24/03/2014,RN,406,MACAU,Falta de atenção,Colisão traseira,Com Vítimas Fatais ,Plena noite,Vento,Simples ,Rural ,Automóvel,Ignorado    ,-1.0,Masculino
83176133,24/03/2014,RN,406,MACAU,Falta de atenção,Colisão traseira,Com Vítimas Fatais ,Plena noite,Vento,Simples ,Rural ,Motocicletas,Morto       ,17.0,Masculino
83176257,17/04/2014,RN,101,NATAL,Não guardar distância de segurança,Colisão lateral,Com Vítimas Feridas,Pleno dia,Ceu Claro,Dupla   ,Urbano,Motocicletas,Ferido Leve ,24.0,Masculino
83176257,17/04/2014,RN,101,NATAL,Não guardar distância de segurança,Colisão lateral,Com Vítimas Feridas,Pleno dia,Ceu Claro,Dupla   ,Urbano,Motocicletas,Ignorado    ,-1.0,Inválido
83176269,17/04/2014,RN,101,PARNAMIRIM,Falta de atenção,Colisão traseira,Sem Vítimas        ,Pleno dia,Ceu Claro,Dupla   ,Urbano,Automóvel,Ileso       ,65.0,Masculino
83176269,17/04/2014,RN,101,PARNAMIRIM,Falta de atenção,Colisão traseira,Sem Vítimas        ,Pleno dia,Ceu Claro,Dupla   ,Urbano,Automóvel,Ileso       ,22.0,Masculino
83176271,11/04/2014,RN,304,ITAJA,Animais na Pista,Atropelamento de animal,Com Vítimas Feridas,Plena noite,Ignorada,Simples ,Rural ,Motocicletas,Ferido Leve ,-1.0,Masculino
83176271,11/04/2014,RN,304,ITAJA,Animais na Pista,Atropelamento de animal,Com Vítimas Feridas,Plena noite,Ignorada,Simples ,Rural ,Automóvel,Ileso       ,-1.0,Masculino
83176352,17/04/2014,RN,304,MACAIBA,Falta de atenção,Colisão traseira,Sem Vítimas        ,Pleno dia,Sol,Simples ,Urbano,Caminhonete,Ileso       ,48.0,Masculino
83176352,17/04/2014,RN,304,MACAIBA,Falta de atenção,Colisão traseira,Sem Vítimas        ,Pleno dia,Sol,Simples ,Urbano,Automóvel,Ileso       ,52.0,Masculino
83176402,13/04/2014,RN,101,CEARA-MIRIM,Defeito mecânico em veículo,Capotamento,Sem Vítimas        ,Pleno dia,Vento,Simples ,Rural ,Automóvel,Ileso       ,51.0,Masculino
83176402,13/04/2014,RN,101,CEARA-MIRIM,Defeito mecânico em veículo,Capotamento,Sem Vítimas        ,Pleno dia,Vento,Simples ,Rural ,Automóvel,Ileso       ,33.0,Masculino
83176447,13/04/2014,RN,406,SAO GONCALO DO AMARANTE,Outras,Colisão Transversal,Sem Vítimas        ,Plena noite,Vento,Simples ,Rural ,Automóvel,Ileso       ,32.0,Masculino
83176447,13/04/2014,RN,406,SAO GONCALO DO AMARANTE,Outras,Colisão Transversal,Sem Vítimas        ,Plena noite,Vento,Simples ,Rural ,Motocicletas,Ignorado    ,-1.0,Masculino
83176506,17/04/2014,RN,110,MOSSORO,Outras,Queda de motocicleta / bicicleta / veículo,Com Vítimas Feridas,Pleno dia,Chuva,Simples ,Urbano,Motoneta,Ferido Leve ,27.0,Feminino
83176510,13/04/2014,RN,304,MACAIBA,Ingestão de álcool,Colisão frontal,Com Vítimas Feridas,Pleno dia,Ceu Claro,Simples ,Rural ,Automóvel,Ferido Grave,55.0,Masculino
83176510,13/04/2014,RN,304,MACAIBA,Ingestão de álcool,Colisão frontal,Com Vítimas Feridas,Pleno dia,Ceu Claro,Simples ,Rural ,Caminhão,Ileso       ,51.0,Masculino
83176713,17/04/2014,RN,226,SERRINHA DOS PINTOS,Outras,Colisão Transversal,Com Vítimas Feridas,Pleno dia,Ignorada,Dupla   ,Rural ,Automóvel,Ignorado    ,-1.0,Inválido
83176713,17/04/2014,RN,226,SERRINHA DOS PINTOS,Outras,Colisão Transversal,Com Vítimas Feridas,Pleno dia,Ignorada,Dupla   ,Rural ,Motocicletas,Ferido Leve ,29.0,Masculino
83176713,17/04/2014,RN,226,SERRINHA DOS PINTOS,Outras,Colisão Transversal,Com Vítimas Feridas,Pleno dia,Ignorada,Dupla   ,Rural ,Motocicletas,Ferido Leve ,21.0,Masculino
83176713,17/04/2014,RN,226,SERRINHA DOS PINTOS,Outras,Colisão Transversal,Com Vítimas Feridas,Pleno dia,Ignorada,Dupla   ,Rural ,Motocicletas,Ferido Leve ,-1.0,Masculino
83176713,17/04/2014,RN,226,SERRINHA DOS PINTOS,Outras,Colisão Transversal,Com Vítimas Feridas,Pleno dia,Ignorada,Dupla   ,Rural ,Motocicletas,Ferido Grave,61.0,Masculino
83176722,18/04/2014,RN,101,PARNAMIRIM,Falta de atenção,Colisão Transversal,Sem Vítimas        ,Plena noite,Ignorada,Dupla   ,Urbano,Caminhonete,Ileso       ,29.0,Masculino
83176722,18/04/2014,RN,101,PARNAMIRIM,Falta de atenção,Colisão Transversal,Sem Vítimas        ,Plena noite,Ignorada,Dupla   ,Urbano,Automóvel,Ileso       ,56.0,Masculino
83176729,13/04/2014,RN,406,CEARA-MIRIM,Falta de atenção,Colisão frontal,Com Vítimas Fatais ,Plena noite,Ceu Claro,Simples ,Urbano,Automóvel,Ileso       ,46.0,Masculino
83176729,13/04/2014,RN,406,CEARA-MIRIM,Falta de atenção,Colisão frontal,Com Vítimas Fatais ,Plena noite,Ceu Claro,Simples ,Urbano,Motocicletas,Morto       ,41.0,Masculino
83176729,13/04/2014,RN,406,CEARA-MIRIM,Falta de atenção,Colisão frontal,Com Vítimas Fatais ,Plena noite,Ceu Claro,Simples ,Urbano,Carroça,Ignorado    ,-1.0,Masculino
83176764,17/04/2014,RN,304,ANGICOS,Não guardar distância de segurança,Colisão traseira,Sem Vítimas        ,Pleno dia,Nublado,Simples ,Rural ,Caminhão,Ileso       ,27.0,Masculino
83176764,17/04/2014,RN,304,ANGICOS,Não guardar distância de segurança,Colisão traseira,Sem Vítimas        ,Pleno dia,Nublado,Simples ,Rural ,Caminhão,Ignorado    ,-1.0,Inválido
83176818,15/04/2014,RN,427,CAICO,Ingestão de álcool,Atropelamento de animal,Com Vítimas Fatais ,Plena noite,Ceu Claro,Simples ,Rural ,Motocicletas,Ferido Leve ,39.0,Masculino
83176818,15/04/2014,RN,427,CAICO,Ingestão de álcool,Atropelamento de animal,Com Vítimas Fatais ,Plena noite,Ceu Claro,Simples ,Rural ,Motocicletas,Morto       ,56.0,Feminino
83176835,18/04/2014,RN,101,RIO DO FOGO,Falta de atenção,Saída de Pista,Com Vítimas Feridas,Pleno dia,Ceu Claro,Simples ,Rural ,Automóvel,Ileso       ,48.0,Masculino
83176835,18/04/2014,RN,101,RIO DO FOGO,Falta de atenção,Saída de Pista,Com Vítimas Feridas,Pleno dia,Ceu Claro,Simples ,Rural ,Automóvel,Ferido Leve ,10.0,Masculino
83176835,18/04/2014,RN,101,RIO DO FOGO,Falta de atenção,Saída de Pista,Com Vítimas Feridas,Pleno dia,Ceu Claro,Simples ,Rural ,Automóvel,Ferido Grave,10.0,Masculino
83176835,18/04/2014,RN,101,RIO DO FOGO,Falta de atenção,Saída de Pista,Com Vítimas Feridas,Pleno dia,Ceu Claro,Simples ,Rural ,Automóvel,Ferido Leve ,16.0,Masculino
83176868,11/04/2014,RN,101,SAO GONCALO DO AMARANTE,Não guardar distância de segurança,Colisão traseira,Sem Vítimas        ,Pleno dia,Ceu Claro,Dupla   ,Urbano,Caminhonete,Ileso       ,44.0,Masculino
83176868,11/04/2014,RN,101,SAO GONCALO DO AMARANTE,Não guardar distância de segurança,Colisão traseira,Sem Vítimas        ,Pleno dia,Ceu Claro,Dupla   ,Urbano,Caminhonete,Ileso       ,45.0,Masculino
83176868,11/04/2014,RN,101,SAO GONCALO DO AMARANTE,Não guardar distância de segurança,Colisão traseira,Sem Vítimas        ,Pleno dia,Ceu Claro,Dupla   ,Urbano,Automóvel,Ileso       ,24.0,Masculino
83176913,14/04/2014,RN,304,SANTA MARIA,Outras,Saída de Pista,Sem Vítimas        ,Anoitecer,Ceu Claro,Dupla   ,Rural ,Motocicletas,Ileso       ,45.0,Masculino
83176913,14/04/2014,RN,304,SANTA MARIA,Outras,Saída de Pista,Sem Vítimas        ,Anoitecer,Ceu Claro,Dupla   ,Rural ,Caminhão,Ignorado    ,-1.0,Inválido
83177022,18/04/2014,RN,226,CURRAIS NOVOS,Outras,Atropelamento de pessoa,Com Vítimas Feridas,Pleno dia,Ceu Claro,Dupla   ,Urbano,Automóvel,Ileso       ,57.0,Masculino
83177022,18/04/2014,RN,226,CURRAIS NOVOS,Outras,Atropelamento de pessoa,Com Vítimas Feridas,Pleno dia,Ceu Claro,Dupla   ,Urbano,(null),Ferido Grave,57.0,Feminino
83177230,10/04/2014,RN,427,CAICO,Outras,Colisão lateral,Com Vítimas Feridas,Amanhecer,Ceu Claro,Simples ,Rural ,Automóvel,Ileso       ,-1.0,Masculino
83177230,10/04/2014,RN,427,CAICO,Outras,Colisão lateral,Com Vítimas Feridas,Amanhecer,Ceu Claro,Simples ,Rural ,Motocicletas,Ferido Grave,42.0,Masculino
83177230,10/04/2014,RN,427,CAICO,Outras,Colisão lateral,Com Vítimas Feridas,Amanhecer,Ceu Claro,Simples ,Rural ,Motocicletas,Ferido Leve ,-1.0,Masculino
83177233,11/04/2014,RN,101,SAO GONCALO DO AMARANTE,Falta de atenção,Colisão traseira,Sem Vítimas        ,Pleno dia,Ceu Claro,Dupla   ,Urbano,Caminhão,Ileso       ,35.0,Masculino
83177233,11/04/2014,RN,101,SAO GONCALO DO AMARANTE,Falta de atenção,Colisão traseira,Sem Vítimas        ,Pleno dia,Ceu Claro,Dupla   ,Urbano,Caminhão,Ileso       ,48.0,Masculino
83177304,18/04/2014,RN,226,SANTA CRUZ,Outras,Colisão Transversal,Com Vítimas Feridas,Plena noite,Ceu Claro,Simples ,Urbano,Motocicletas,Ferido Leve ,23.0,Masculino
83177304,18/04/2014,RN,226,SANTA CRUZ,Outras,Colisão Transversal,Com Vítimas Feridas,Plena noite,Ceu Claro,Simples ,Urbano,Motocicletas,Ferido Leve ,17.0,Feminino
83177304,18/04/2014,RN,226,SANTA CRUZ,Outras,Colisão Transversal,Com Vítimas Feridas,Plena noite,Ceu Claro,Simples ,Urbano,Motocicletas,Ignorado    ,-1.0,Feminino
83177382,18/04/2014,RN,226,CAMPO GRANDE,Outras,Saída de Pista,Com Vítimas Feridas,Plena noite,Ceu Claro,Simples ,Rural ,Automóvel,Ferido Grave,24.0,Masculino
83177382,18/04/2014,RN,226,CAMPO GRANDE,Outras,Saída de Pista,Com Vítimas Feridas,Plena noite,Ceu Claro,Simples ,Rural ,Automóvel,Ferido Leve ,33.0,Feminino
83177382,18/04/2014,RN,226,CAMPO GRANDE,Outras,Saída de Pista,Com Vítimas Feridas,Plena noite,Ceu Claro,Simples ,Rural ,Automóvel,Ferido Grave,16.0,Feminino
83177382,18/04/2014,RN,226,CAMPO GRANDE,Outras,Saída de Pista,Com Vítimas Feridas,Plena noite,Ceu Claro,Simples ,Rural ,Automóvel,Ferido Grave,37.0,Feminino
83177396,11/04/2014,RN,406,JOAO CAMARA,Falta de atenção,Colisão Transversal,Sem Vítimas        ,Pleno dia,Ceu Claro,Simples ,Urbano,Caminhonete,Ileso       ,57.0,Masculino
83177396,11/04/2014,RN,406,JOAO CAMARA,Falta de atenção,Colisão Transversal,Sem Vítimas        ,Pleno dia,Ceu Claro,Simples ,Urbano,Automóvel,Ileso       ,48.0,Masculino
83177412,19/04/2014,RN,101,PARNAMIRIM,Não guardar distância de segurança,Colisão traseira,Sem Vítimas        ,Amanhecer,Chuva,Múltipla,Urbano,Camioneta,Ileso       ,45.0,Masculino
83177412,19/04/2014,RN,101,PARNAMIRIM,Não guardar distância de segurança,Colisão traseira,Sem Vítimas        ,Amanhecer,Chuva,Múltipla,Urbano,Caminhonete,Ileso       ,23.0,Feminino
83177467,13/03/2014,RN,226,CURRAIS NOVOS,Ingestão de álcool,Atropelamento de pessoa,Com Vítimas Feridas,Plena noite,Ceu Claro,Dupla   ,Urbano,Motocicletas,Ignorado    ,-1.0,Masculino
83177467,13/03/2014,RN,226,CURRAIS NOVOS,Ingestão de álcool,Atropelamento de pessoa,Com Vítimas Feridas,Plena noite,Ceu Claro,Dupla   ,Urbano,(null),Ferido Leve ,67.0,Masculino
83177467,13/03/2014,RN,226,CURRAIS NOVOS,Ingestão de álcool,Atropelamento de pessoa,Com Vítimas Feridas,Plena noite,Ceu Claro,Dupla   ,Urbano,(null),Ferido Grave,-1.0,Feminino
83177740,19/04/2014,RN,110,MOSSORO,Ingestão de álcool,Saída de Pista,Com Vítimas Feridas,Pleno dia,Ceu Claro,Dupla   ,Urbano,Ciclomotor,Ferido Grave,51.0,Masculino
83177814,19/04/2014,RN,101,NATAL,Falta de atenção,Queda de motocicleta / bicicleta / veículo,Com Vítimas Feridas,Plena noite,Ceu Claro,Dupla   ,Urbano,Motocicletas,Ferido Grave,22.0,Masculino
83177846,19/04/2014,RN,101,NATAL,Ingestão de álcool,Colisão traseira,Sem Vítimas        ,Plena noite,Ceu Claro,Múltipla,Urbano,Automóvel,Ileso       ,22.0,Masculino
83177846,19/04/2014,RN,101,NATAL,Ingestão de álcool,Colisão traseira,Sem Vítimas        ,Plena noite,Ceu Claro,Múltipla,Urbano,Automóvel,Ileso       ,55.0,Masculino
83177848,19/04/2014,RN,110,AREIA BRANCA,Outras,Colisão com objeto fixo,Com Vítimas Feridas,Plena noite,Ceu Claro,Simples ,Urbano,Automóvel,Ferido Leve ,65.0,Masculino
83177848,19/04/2014,RN,110,AREIA BRANCA,Outras,Colisão com objeto fixo,Com Vítimas Feridas,Plena noite,Ceu Claro,Simples ,Urbano,Automóvel,Ferido Grave,62.0,Feminino
83177861,19/04/2014,RN,405,MOSSORO,Falta de atenção,Colisão traseira,Com Vítimas Feridas,Plena noite,Ceu Claro,Dupla   ,Urbano,Automóvel,Ileso       ,58.0,Feminino
83177861,19/04/2014,RN,405,MOSSORO,Falta de atenção,Colisão traseira,Com Vítimas Feridas,Plena noite,Ceu Claro,Dupla   ,Urbano,Automóvel,Ileso       ,33.0,Masculino
83177861,19/04/2014,RN,405,MOSSORO,Falta de atenção,Colisão traseira,Com Vítimas Feridas,Plena noite,Ceu Claro,Dupla   ,Urbano,Automóvel,Ileso       ,39.0,Masculino
83177861,19/04/2014,RN,405,MOSSORO,Falta de atenção,Colisão traseira,Com Vítimas Feridas,Plena noite,Ceu Claro,Dupla   ,Urbano,Automóvel,Ileso       ,39.0,Feminino
83177861,19/04/2014,RN,405,MOSSORO,Falta de atenção,Colisão traseira,Com Vítimas Feridas,Plena noite,Ceu Claro,Dupla   ,Urbano,Automóvel,Ferido Leve ,12.0,Feminino
83177896,18/04/2014,RN,304,SANTA MARIA,Falta de atenção,Saída de Pista,Com Vítimas Feridas,Pleno dia,Sol,Simples ,Rural ,Automóvel,Ileso       ,29.0,Masculino
83177896,18/04/2014,RN,304,SANTA MARIA,Falta de atenção,Saída de Pista,Com Vítimas Feridas,Pleno dia,Sol,Simples ,Rural ,Automóvel,Ferido Leve ,28.0,Feminino
83177896,18/04/2014,RN,304,SANTA MARIA,Falta de atenção,Saída de Pista,Com Vítimas Feridas,Pleno dia,Sol,Simples ,Rural ,Automóvel,Ignorado    ,-1.0,Inválido
83177932,16/04/2014,RN,101,PARNAMIRIM,Não guardar distância de segurança,Colisão com objeto fixo,Sem Vítimas        ,Pleno dia,Ceu Claro,Dupla   ,Urbano,Caminhão,Ileso       ,51.0,Masculino
83178002,20/04/2014,RN,304,MACAIBA,Outras,Atropelamento de pessoa,Com Vítimas Fatais ,Pleno dia,Ceu Claro,Simples ,Rural ,Caminhão,Ileso       ,-1.0,Inválido
83178002,20/04/2014,RN,304,MACAIBA,Outras,Atropelamento de pessoa,Com Vítimas Fatais ,Pleno dia,Ceu Claro,Simples ,Rural ,(null),Morto       ,45.0,Masculino
83178024,16/04/2014,RN,101,PARNAMIRIM,Desobediência à sinalização,Colisão Transversal,Sem Vítimas        ,Pleno dia,Sol,Múltipla,Urbano,Automóvel,Ileso       ,-1.0,Masculino
83178024,16/04/2014,RN,101,PARNAMIRIM,Desobediência à sinalização,Colisão Transversal,Sem Vítimas        ,Pleno dia,Sol,Múltipla,Urbano,Automóvel,Ileso       ,-1.0,Feminino
83178170,20/04/2014,RN,101,SAO JOSE DE MIPIBU,Outras,Saída de Pista,Com Vítimas Feridas,Pleno dia,Ceu Claro,Dupla   ,Rural ,Microônibus,Ileso       ,30.0,Masculino
83178170,20/04/2014,RN,101,SAO JOSE DE MIPIBU,Outras,Saída de Pista,Com Vítimas Feridas,Pleno dia,Ceu Claro,Dupla   ,Rural ,Microônibus,Ferido Leve ,32.0,Masculino
83178170,20/04/2014,RN,101,SAO JOSE DE MIPIBU,Outras,Saída de Pista,Com Vítimas Feridas,Pleno dia,Ceu Claro,Dupla   ,Rural ,Microônibus,Ferido Leve ,71.0,Masculino
83178200,20/04/2014,RN,304,MOSSORO,Não guardar distância de segurança,Colisão lateral,Com Vítimas Feridas,Pleno dia,Nublado,Dupla   ,Rural ,Camioneta,Ileso       ,60.0,Masculino
83178200,20/04/2014,RN,304,MOSSORO,Não guardar distância de segurança,Colisão lateral,Com Vítimas Feridas,Pleno dia,Nublado,Dupla   ,Rural ,Camioneta,Ileso       ,-1.0,Feminino
83178200,20/04/2014,RN,304,MOSSORO,Não guardar distância de segurança,Colisão lateral,Com Vítimas Feridas,Pleno dia,Nublado,Dupla   ,Rural ,Ciclomotor,Ferido Leve ,42.0,Feminino
83178200,20/04/2014,RN,304,MOSSORO,Não guardar distância de segurança,Colisão lateral,Com Vítimas Feridas,Pleno dia,Nublado,Dupla   ,Rural ,Ciclomotor,Ferido Leve ,16.0,Feminino
83178227,20/04/2014,RN,304,MOSSORO,Não guardar distância de segurança,Colisão traseira,Sem Vítimas        ,Anoitecer,Nevoeiro/neblina,Dupla   ,Urbano,Automóvel,Ileso       ,52.0,Masculino
83178227,20/04/2014,RN,304,MOSSORO,Não guardar distância de segurança,Colisão traseira,Sem Vítimas        ,Anoitecer,Nevoeiro/neblina,Dupla   ,Urbano,Automóvel,Ileso       ,47.0,Masculino
83178228,15/04/2014,RN,304,LAJES,Animais na Pista,Atropelamento de animal,Sem Vítimas        ,Plena noite,Ceu Claro,Simples ,Rural ,Caminhonete,Ileso       ,30.0,Masculino
83178329,20/04/2014,RN,101,NATAL,Não guardar distância de segurança,Colisão traseira,Sem Vítimas        ,Pleno dia,Sol,Múltipla,Urbano,Automóvel,Ileso       ,80.0,Masculino
83178329,20/04/2014,RN,101,NATAL,Não guardar distância de segurança,Colisão traseira,Sem Vítimas        ,Pleno dia,Sol,Múltipla,Urbano,Ônibus,Ileso       ,60.0,Masculino
83178440,17/04/2014,RN,304,MACAIBA,Defeito mecânico em veículo,Queda de motocicleta / bicicleta / veículo,Com Vítimas Feridas,Anoitecer,Ceu Claro,Dupla   ,Urbano,Motocicletas,Ferido Leve ,48.0,Masculino
83178440,17/04/2014,RN,304,MACAIBA,Defeito mecânico em veículo,Queda de motocicleta / bicicleta / veículo,Com Vítimas Feridas,Anoitecer,Ceu Claro,Dupla   ,Urbano,Motocicletas,Ferido Leve ,40.0,Masculino
83178565,14/04/2014,RN,427,ACARI,Ultrapassagem indevida,Saída de Pista,Sem Vítimas        ,Pleno dia,Ceu Claro,Simples ,Rural ,Caminhão,Ileso       ,41.0,Masculino
83178580,21/04/2014,RN,304,MACAIBA,Falta de atenção,Capotamento,Com Vítimas Feridas,Plena noite,Sol,Simples ,Urbano,Automóvel,Ileso       ,24.0,Feminino
83178580,21/04/2014,RN,304,MACAIBA,Falta de atenção,Capotamento,Com Vítimas Feridas,Plena noite,Sol,Simples ,Urbano,Automóvel,Ferido Leve ,26.0,Masculino
83178581,21/04/2014,RN,101,SAO JOSE DE MIPIBU,Não guardar distância de segurança,Colisão traseira,Sem Vítimas        ,Pleno dia,Ceu Claro,Dupla   ,Urbano,Automóvel,Ileso       ,46.0,Masculino
83178581,21/04/2014,RN,101,SAO JOSE DE MIPIBU,Não guardar distância de segurança,Colisão traseira,Sem Vítimas        ,Pleno dia,Ceu Claro,Dupla   ,Urbano,Automóvel,Ileso       ,39.0,Feminino
83178609,21/04/2014,RN,304,MACAIBA,Falta de atenção,Colisão traseira,Sem Vítimas        ,Pleno dia,Ceu Claro,Simples ,Rural ,Automóvel,Ileso       ,19.0,Masculino
83178609,21/04/2014,RN,304,MACAIBA,Falta de atenção,Colisão traseira,Sem Vítimas        ,Pleno dia,Ceu Claro,Simples ,Rural ,Automóvel,Ileso       ,55.0,Masculino
83178609,21/04/2014,RN,304,MACAIBA,Falta de atenção,Colisão traseira,Sem Vítimas        ,Pleno dia,Ceu Claro,Simples ,Rural ,Automóvel,Ileso       ,49.0,Masculino
83178621,21/04/2014,RN,101,PARNAMIRIM,Não guardar distância de segurança,Colisão traseira,Sem Vítimas        ,Pleno dia,Sol,Dupla   ,Urbano,Automóvel,Ileso       ,42.0,Masculino
83178621,21/04/2014,RN,101,PARNAMIRIM,Não guardar distância de segurança,Colisão traseira,Sem Vítimas        ,Pleno dia,Sol,Dupla   ,Urbano,Automóvel,Ileso       ,39.0,Masculino
83178713,16/04/2014,RN,101,PARNAMIRIM,Falta de atenção,Colisão lateral,Sem Vítimas        ,Pleno dia,Sol,Dupla   ,Urbano,Automóvel,Ileso       ,38.0,Feminino
83178713,16/04/2014,RN,101,PARNAMIRIM,Falta de atenção,Colisão lateral,Sem Vítimas        ,Pleno dia,Sol,Dupla   ,Urbano,Caminhão,Ileso       ,44.0,Masculino
83178810,21/04/2014,RN,304,MACAIBA,Não guardar distância de segurança,Colisão traseira,Sem Vítimas        ,Pleno dia,Sol,Simples ,Rural ,Automóvel,Ileso       ,35.0,Masculino
83178810,21/04/2014,RN,304,MACAIBA,Não guardar distância de segurança,Colisão traseira,Sem Vítimas        ,Pleno dia,Sol,Simples ,Rural ,Automóvel,Ileso       ,64.0,Masculino
83178810,21/04/2014,RN,304,MACAIBA,Não guardar distância de segurança,Colisão traseira,Sem Vítimas        ,Pleno dia,Sol,Simples ,Rural ,Automóvel,Ileso       ,29.0,Masculino
83178852,21/04/2014,RN,304,MACAIBA,Ultrapassagem indevida,Colisão com objeto fixo,Sem Vítimas        ,Plena noite,Ceu Claro,Simples ,Urbano,Camioneta,Ileso       ,40.0,Masculino
83178852,21/04/2014,RN,304,MACAIBA,Ultrapassagem indevida,Colisão com objeto fixo,Sem Vítimas        ,Plena noite,Ceu Claro,Simples ,Urbano,Ônibus,Ileso       ,50.0,Masculino
83178899,21/04/2014,RN,304,MACAIBA,Não guardar distância de segurança,Colisão traseira,Sem Vítimas        ,Pleno dia,Ceu Claro,Simples ,Urbano,Automóvel,Ileso       ,50.0,Masculino
83178899,21/04/2014,RN,304,MACAIBA,Não guardar distância de segurança,Colisão traseira,Sem Vítimas        ,Pleno dia,Ceu Claro,Simples ,Urbano,Automóvel,Ileso       ,33.0,Masculino
83178899,21/04/2014,RN,304,MACAIBA,Não guardar distância de segurança,Colisão traseira,Sem Vítimas        ,Pleno dia,Ceu Claro,Simples ,Urbano,Automóvel,Ileso       ,31.0,Masculino
83178925,21/04/2014,RN,304,MACAIBA,Não guardar distância de segurança,Colisão traseira,Sem Vítimas        ,Pleno dia,Sol,Simples ,Urbano,Automóvel,Ileso       ,22.0,Masculino
83178925,21/04/2014,RN,304,MACAIBA,Não guardar distância de segurança,Colisão traseira,Sem Vítimas        ,Pleno dia,Sol,Simples ,Urbano,Automóvel,Ileso       ,29.0,Masculino
83178982,22/04/2014,RN,304,IELMO MARINHO,Outras,Colisão traseira,Sem Vítimas        ,Amanhecer,Nublado,Simples ,Rural ,Caminhão,Ileso       ,34.0,Masculino
83178982,22/04/2014,RN,304,IELMO MARINHO,Outras,Colisão traseira,Sem Vítimas        ,Amanhecer,Nublado,Simples ,Rural ,Caminhonete,Ileso       ,55.0,Masculino
83179023,16/04/2014,RN,101,NATAL,Não guardar distância de segurança,Colisão traseira,Com Vítimas Feridas,Pleno dia,Sol,Múltipla,Urbano,Motocicletas,Ferido Leve ,41.0,Feminino
83179023,16/04/2014,RN,101,NATAL,Não guardar distância de segurança,Colisão traseira,Com Vítimas Feridas,Pleno dia,Sol,Múltipla,Urbano,Caminhonete,Ileso       ,47.0,Masculino