id,data_inversa,uf,br,municipio,causa_acidente,tipo_acidente,classificacao_acidente,fase_dia,condicao_metereologica,tipo_pista,uso_solo,tipo_veiculo,estado_fisico,idade,sexo
83179055,29/01/2014,RN,304,ASSU,Falta de atenção,Colisão Transversal,Sem Vítimas        ,Plena noite,Ceu Claro,Simples ,Rural ,Caminhão,Ileso       ,25.0,Masculino
83179055,29/01/2014,RN,304,ASSU,Falta de atenção,Colisão Transversal,Sem Vítimas        ,Plena noite,Ceu Claro,Simples ,Rural ,Caminhão,Ileso       ,33.0,Masculino
83179076,16/04/2014,RN,101,NATAL,Não guardar distância de segurança,Colisão lateral,Sem Vítimas        ,Anoitecer,Ignorada,Dupla   ,Urbano,Caminhão-Trator,Ileso       ,43.0,Masculino
83179076,16/04/2014,RN,101,NATAL,Não guardar distância de segurança,Colisão lateral,Sem Vítimas        ,Anoitecer,Ignorada,Dupla   ,Urbano,Automóvel,Ileso       ,27.0,Feminino
83179083,21/04/2014,RN,304,MACAIBA,Falta de atenção,Colisão traseira,Sem Vítimas        ,Pleno dia,Ceu Claro,Simples ,Rural ,Automóvel,Ileso       ,23.0,Masculino
83179083,21/04/2014,RN,304,MACAIBA,Falta de atenção,Colisão traseira,Sem Vítimas        ,Pleno dia,Ceu Claro,Simples ,Rural ,Automóvel,Ileso       ,44.0,Masculino
83179083,21/04/2014,RN,304,MACAIBA,Falta de atenção,Colisão traseira,Sem Vítimas        ,Pleno dia,Ceu Claro,Simples ,Rural ,Camioneta,Ileso       ,45.0,Masculino
83179083,21/04/2014,RN,304,MACAIBA,Falta de atenção,Colisão traseira,Sem Vítimas        ,Pleno dia,Ceu Claro,Simples ,Rural ,Automóvel,Ileso       ,24.0,Masculino
83179083,21/04/2014,RN,304,MACAIBA,Falta de atenção,Colisão traseira,Sem Vítimas        ,Pleno dia,Ceu Claro,Simples ,Rural ,Automóvel,Ileso       ,56.0,Masculino
83179117,22/04/2014,RN,101,NATAL,Não guardar distância de segurança,Colisão traseira,Sem Vítimas        ,Pleno dia,Ceu Claro,Múltipla,Urbano,Caminhão,Ileso       ,31.0,Masculino
83179117,22/04/2014,RN,101,NATAL,Não guardar distância de segurança,Colisão traseira,Sem Vítimas        ,Pleno dia,Ceu Claro,Múltipla,Urbano,Automóvel,Ileso       ,29.0,Feminino
83179159,09/04/2014,RN,304,MACAIBA,Outras,Saída de Pista,Com Vítimas Feridas,Amanhecer,Ceu Claro,Simples ,Urbano,Caminhão,Ileso       ,25.0,Masculino
83179159,09/04/2014,RN,304,MACAIBA,Outras,Saída de Pista,Com Vítimas Feridas,Amanhecer,Ceu Claro,Simples ,Urbano,Caminhão,Ferido Grave,35.0,Masculino
83179159,09/04/2014,RN,304,MACAIBA,Outras,Saída de Pista,Com Vítimas Feridas,Amanhecer,Ceu Claro,Simples ,Urbano,Caminhão,Ignorado    ,-1.0,Inválido
83179194,22/04/2014,RN,101,PARNAMIRIM,Não guardar distância de segurança,Colisão traseira,Sem Vítimas        ,Pleno dia,Sol,Dupla   ,Urbano,Automóvel,Ileso       ,31.0,Masculino
83179194,22/04/2014,RN,101,PARNAMIRIM,Não guardar distância de segurança,Colisão traseira,Sem Vítimas        ,Pleno dia,Sol,Dupla   ,Urbano,Automóvel,Ileso       ,54.0,Feminino
83179194,22/04/2014,RN,101,PARNAMIRIM,Não guardar distância de segurança,Colisão traseira,Sem Vítimas        ,Pleno dia,Sol,Dupla   ,Urbano,Caminhonete,Ileso       ,46.0,Masculino
83179228,14/04/2014,RN,101,SAO GONCALO DO AMARANTE,Defeito mecânico em veículo,Colisão traseira,Sem Vítimas        ,Pleno dia,Sol,Dupla   ,Urbano,Caminhão,Ileso       ,27.0,Masculino
83179228,14/04/2014,RN,101,SAO GONCALO DO AMARANTE,Defeito mecânico em veículo,Colisão traseira,Sem Vítimas        ,Pleno dia,Sol,Dupla   ,Urbano,Automóvel,Ileso       ,22.0,Masculino
83179228,14/04/2014,RN,101,SAO GONCALO DO AMARANTE,Defeito mecânico em veículo,Colisão traseira,Sem Vítimas        ,Pleno dia,Sol,Dupla   ,Urbano,Automóvel,Ileso       ,32.0,Feminino
83179230,18/04/2014,RN,101,PARNAMIRIM,Não guardar distância de segurança,Colisão traseira,Sem Vítimas        ,Plena noite,Ceu Claro,Dupla   ,Urbano,Automóvel,Ileso       ,28.0,Masculino
83179230,18/04/2014,RN,101,PARNAMIRIM,Não guardar distância de segurança,Colisão traseira,Sem Vítimas        ,Plena noite,Ceu Claro,Dupla   ,Urbano,Automóvel,Ileso       ,30.0,Masculino
83179295,14/04/2014,RN,101,SAO GONCALO DO AMARANTE,Falta de atenção,Colisão lateral,Com Vítimas Feridas,Anoitecer,Vento,Dupla   ,Urbano,Motocicletas,Ileso       ,28.0,Masculino
83179295,14/04/2014,RN,101,SAO GONCALO DO AMARANTE,Falta de atenção,Colisão lateral,Com Vítimas Feridas,Anoitecer,Vento,Dupla   ,Urbano,Motocicletas,Ferido Leve ,25.0,Masculino
83179295,14/04/2014,RN,101,SAO GONCALO DO AMARANTE,Falta de atenção,Colisão lateral,Com Vítimas Feridas,Anoitecer,Vento,Dupla   ,Urbano,Motocicletas,Ferido Leve ,30.0,Feminino
83179299,22/04/2014,RN,101,NATAL,Outras,Colisão lateral,Sem Vítimas        ,Pleno dia,Ceu Claro,Simples ,Urbano,Automóvel,Ileso       ,34.0,Masculino
83179299,22/04/2014,RN,101,NATAL,Outras,Colisão lateral,Sem Vítimas        ,Pleno dia,Ceu Claro,Simples ,Urbano,Automóvel,Ileso       ,39.0,Feminino
83179302,16/04/2014,RN,101,NATAL,Falta de atenção,Colisão traseira,Sem Vítimas        ,Plena noite,Ceu Claro,Múltipla,Urbano,Caminhão-Trator,Ileso       ,-1.0,Masculino
83179302,16/04/2014,RN,101,NATAL,Falta de atenção,Colisão traseira,Sem Vítimas        ,Plena noite,Ceu Claro,Múltipla,Urbano,Automóvel,Ileso       ,-1.0,Masculino
83179341,22/04/2014,RN,101,NATAL,Outras,Colisão traseira,Sem Vítimas        ,Anoitecer,Ceu Claro,Múltipla,Urbano,Automóvel,Ileso       ,21.0,Masculino
83179341,22/04/2014,RN,101,NATAL,Outras,Colisão traseira,Sem Vítimas        ,Anoitecer,Ceu Claro,Múltipla,Urbano,Microônibus,Ileso       ,55.0,Masculino
83179342,21/04/2014,RN,304,MACAIBA,Falta de atenção,Colisão traseira,Sem Vítimas        ,Pleno dia,Sol,Simples ,Rural ,Automóvel,Ileso       ,31.0,Masculino
83179342,21/04/2014,RN,304,MACAIBA,Falta de atenção,Colisão traseira,Sem Vítimas        ,Pleno dia,Sol,Simples ,Rural ,Automóvel,Ileso       ,27.0,Feminino
83179342,21/04/2014,RN,304,MACAIBA,Falta de atenção,Colisão traseira,Sem Vítimas        ,Pleno dia,Sol,Simples ,Rural ,Automóvel,Ileso       ,24.0,Masculino
83179385,21/04/2014,RN,304,MACAIBA,Não guardar distância de segurança,Colisão traseira,Sem Vítimas        ,Pleno dia,Sol,Simples ,Rural ,Caminhonete,Ileso       ,-1.0,Masculino
83179385,21/04/2014,RN,304,MACAIBA,Não guardar distância de segurança,Colisão traseira,Sem Vítimas        ,Pleno dia,Sol,Simples ,Rural ,Automóvel,Ileso       ,29.0,Masculino
83179385,21/04/2014,RN,304,MACAIBA,Não guardar distância de segurança,Colisão traseira,Sem Vítimas        ,Pleno dia,Sol,Simples ,Rural ,Automóvel,Ileso       ,54.0,Masculino
83179385,21/04/2014,RN,304,MACAIBA,Não guardar distância de segurança,Colisão traseira,Sem Vítimas        ,Pleno dia,Sol,Simples ,Rural ,Automóvel,Ignorado    ,-1.0,Inválido
83179477,22/04/2014,RN,110,MOSSORO,Não guardar distância de segurança,Colisão traseira,Sem Vítimas        ,Pleno dia,Nublado,Simples ,Urbano,Automóvel,Ileso       ,45.0,Feminino
83179477,22/04/2014,RN,110,MOSSORO,Não guardar distância de segurança,Colisão traseira,Sem Vítimas        ,Pleno dia,Nublado,Simples ,Urbano,Automóvel,Ileso       ,20.0,Masculino
83179477,22/04/2014,RN,110,MOSSORO,Não guardar distância de segurança,Colisão traseira,Sem Vítimas        ,Pleno dia,Nublado,Simples ,Urbano,Automóvel,Ileso       ,31.0,Masculino
83179490,14/04/2014,RN,101,NATAL,Outras,Colisão lateral,Com Vítimas Feridas,Plena noite,Ceu Claro,Dupla   ,Urbano,Motocicletas,Ferido Leve ,48.0,Masculino
83179490,14/04/2014,RN,101,NATAL,Outras,Colisão lateral,Com Vítimas Feridas,Plena noite,Ceu Claro,Dupla   ,Urbano,Automóvel,Ileso       ,56.0,Masculino
83179550,22/04/2014,RN,304,MOSSORO,Outras,Colisão traseira,Sem Vítimas        ,Pleno dia,Chuva,Dupla   ,Urbano,Automóvel,Ileso       ,24.0,Masculino
83179550,22/04/2014,RN,304,MOSSORO,Outras,Colisão traseira,Sem Vítimas        ,Pleno dia,Chuva,Dupla   ,Urbano,Automóvel,Ileso       ,22.0,Masculino
83179592,19/04/2014,RN,101,SAO JOSE DE MIPIBU,Outras,Colisão traseira,Sem Vítimas        ,Plena noite,Ceu Claro,Dupla   ,Urbano,Automóvel,Ileso       ,26.0,Masculino
83179592,19/04/2014,RN,101,SAO JOSE DE MIPIBU,Outras,Colisão traseira,Sem Vítimas        ,Plena noite,Ceu Claro,Dupla   ,Urbano,Automóvel,Ileso       ,24.0,Masculino
83179609,23/04/2014,RN,304,MACAIBA,Outras,Colisão com objeto móvel,Sem Vítimas        ,Amanhecer,Nublado,Simples ,Rural ,Camioneta,Ileso       ,43.0,Masculino
83179609,23/04/2014,RN,304,MACAIBA,Outras,Colisão com objeto móvel,Sem Vítimas        ,Amanhecer,Nublado,Simples ,Rural ,Automóvel,Ileso       ,36.0,Masculino
83179653,03/03/2014,RN,406,SAO GONCALO DO AMARANTE,Animais na Pista,Atropelamento de animal,Com Vítimas Feridas,Amanhecer,Ceu Claro,Simples ,Urbano,Motocicletas,Ferido Leve ,27.0,Masculino
83179660,21/04/2014,RN,304,MOSSORO,Falta de atenção,Colisão Transversal,Com Vítimas Feridas,Pleno dia,Ceu Claro,Dupla   ,Urbano,Motoneta,Ferido Grave,57.0,Masculino
83179660,21/04/2014,RN,304,MOSSORO,Falta de atenção,Colisão Transversal,Com Vítimas Feridas,Pleno dia,Ceu Claro,Dupla   ,Urbano,Automóvel,Ileso       ,36.0,Masculino
83179742,23/04/2014,RN,101,PARNAMIRIM,Outras,Colisão lateral,Com Vítimas Feridas,Pleno dia,Ceu Claro,Dupla   ,Urbano,Ciclomotor,Ferido Grave,41.0,Masculino
83179742,23/04/2014,RN,101,PARNAMIRIM,Outras,Colisão lateral,Com Vítimas Feridas,Pleno dia,Ceu Claro,Dupla   ,Urbano,Caminhão-Trator,Ignorado    ,-1.0,Inválido
83179748,26/03/2014,RN,101,NATAL,Desobediência à sinalização,Colisão lateral,Sem Vítimas        ,Pleno dia,Ceu Claro,Simples ,Urbano,Ônibus,Ileso       ,30.0,Masculino
83179748,26/03/2014,RN,101,NATAL,Desobediência à sinalização,Colisão lateral,Sem Vítimas        ,Pleno dia,Ceu Claro,Simples ,Urbano,Automóvel,Ileso       ,46.0,Masculino
83179753,23/04/2014,RN,110,MOSSORO,Falta de atenção,Colisão traseira,Com Vítimas Feridas,Pleno dia,Ceu Claro,Simples ,Urbano,Automóvel,Ileso       ,51.0,Masculino
83179753,23/04/2014,RN,110,MOSSORO,Falta de atenção,Colisão traseira,Com Vítimas Feridas,Pleno dia,Ceu Claro,Simples ,Urbano,Ciclomotor,Ferido Leve ,20.0,Feminino
83179768,23/04/2014,RN,101,NATAL,Não guardar distância de segurança,Colisão lateral,Sem Vítimas        ,Pleno dia,Ceu Claro,Simples ,Urbano,Caminhão,Ileso       ,30.0,Masculino
83179768,23/04/2014,RN,101,NATAL,Não guardar distância de segurança,Colisão lateral,Sem Vítimas        ,Pleno dia,Ceu Claro,Simples ,Urbano,Automóvel,Ileso       ,25.0,Masculino
83179784,17/04/2014,RN,304,MOSSORO,Não guardar distância de segurança,Colisão traseira,Sem Vítimas        ,Pleno dia,Sol,Simples ,Urbano,Caminhonete,Ileso       ,-1.0,Masculino
83179784,17/04/2014,RN,304,MOSSORO,Não guardar distância de segurança,Colisão traseira,Sem Vítimas        ,Pleno dia,Sol,Simples ,Urbano,Automóvel,Ileso       ,37.0,Masculino
83179784,17/04/2014,RN,304,MOSSORO,Não guardar distância de segurança,Colisão traseira,Sem Vítimas        ,Pleno dia,Sol,Simples ,Urbano,Automóvel,Ileso       ,34.0,Masculino
83179837,15/04/2014,RN,101,NATAL,Outras,Colisão com objeto móvel,Sem Vítimas        ,Pleno dia,Sol,Dupla   ,Urbano,Caminhonete,Ileso       ,33.0,Masculino
83179882,23/04/2014,RN,406,SAO GONCALO DO AMARANTE,Falta de atenção,Colisão lateral,Sem Vítimas        ,Pleno dia,Sol,Simples ,Rural ,Automóvel,Ileso       ,45.0,Masculino
83179882,23/04/2014,RN,406,SAO GONCALO DO AMARANTE,Falta de atenção,Colisão lateral,Sem Vítimas        ,Pleno dia,Sol,Simples ,Rural ,Caminhão,Ignorado    ,-1.0,Masculino
83179910,12/03/2014,RN,304,MACAIBA,Falta de atenção,Colisão traseira,Sem Vítimas        ,Plena noite,Ceu Claro,Simples ,Urbano,Automóvel,Ileso       ,40.0,Masculino
83179910,12/03/2014,RN,304,MACAIBA,Falta de atenção,Colisão traseira,Sem Vítimas        ,Plena noite,Ceu Claro,Simples ,Urbano,Automóvel,Ileso       ,57.0,Masculino
83179955,20/04/2014,RN,427,CAICO,Outras,Colisão lateral,Com Vítimas Feridas,Plena noite,Ceu Claro,Simples ,Rural ,Motocicletas,Ferido Leve ,51.0,Masculino
83179955,20/04/2014,RN,427,CAICO,Outras,Colisão lateral,Com Vítimas Feridas,Plena noite,Ceu Claro,Simples ,Rural ,Automóvel,Ileso       ,34.0,Masculino
83179957,23/04/2014,RN,304,ANGICOS,Velocidade incompatível,Saída de Pista,Sem Vítimas        ,Pleno dia,Chuva,Simples ,Rural ,Caminhonete,Ileso       ,58.0,Masculino
83179973,21/04/2014,RN,101,PARNAMIRIM,Não guardar distância de segurança,Colisão traseira,Sem Vítimas        ,Pleno dia,Ceu Claro,Dupla   ,Urbano,Motocicletas,Ileso       ,21.0,Masculino
83179973,21/04/2014,RN,101,PARNAMIRIM,Não guardar distância de segurança,Colisão traseira,Sem Vítimas        ,Pleno dia,Ceu Claro,Dupla   ,Urbano,Automóvel,Ileso       ,23.0,Masculino
83179980,21/04/2014,RN,101,PARNAMIRIM,Não guardar distância de segurança,Colisão lateral,Sem Vítimas        ,Pleno dia,Ceu Claro,Dupla   ,Urbano,Automóvel,Ileso       ,34.0,Masculino
83179980,21/04/2014,RN,101,PARNAMIRIM,Não guardar distância de segurança,Colisão lateral,Sem Vítimas        ,Pleno dia,Ceu Claro,Dupla   ,Urbano,Caminhão,Ileso       ,30.0,Masculino
83180046,21/04/2014,RN,304,FERNANDO PEDROZA,Defeito mecânico em veículo,Queda de motocicleta / bicicleta / veículo,Com Vítimas Feridas,Pleno dia,Ceu Claro,Simples ,Rural ,Motocicletas,Ferido Leve ,51.0,Masculino
83180081,23/04/2014,RN,101,NATAL,Ultrapassagem indevida,Colisão lateral,Com Vítimas Feridas,Plena noite,Ceu Claro,Múltipla,Urbano,Motocicletas,Ileso       ,27.0,Masculino
83180081,23/04/2014,RN,101,NATAL,Ultrapassagem indevida,Colisão lateral,Com Vítimas Feridas,Plena noite,Ceu Claro,Múltipla,Urbano,Motocicletas,Ferido Leve ,39.0,Masculino
83180081,23/04/2014,RN,101,NATAL,Ultrapassagem indevida,Colisão lateral,Com Vítimas Feridas,Plena noite,Ceu Claro,Múltipla,Urbano,Motocicletas,Ferido Leve ,34.0,Feminino
83180090,23/04/2014,RN,304,ITAJA,Falta de atenção,Colisão Transversal,Sem Vítimas        ,Pleno dia,Sol,Simples ,Rural ,Caminhão,Ileso       ,28.0,Masculino
83180090,23/04/2014,RN,304,ITAJA,Falta de atenção,Colisão Transversal,Sem Vítimas        ,Pleno dia,Sol,Simples ,Rural ,Automóvel,Ileso       ,32.0,Masculino
83180090,23/04/2014,RN,304,ITAJA,Falta de atenção,Colisão Transversal,Sem Vítimas        ,Pleno dia,Sol,Simples ,Rural ,Automóvel,Ileso       ,30.0,Feminino
83180121,23/04/2014,RN,101,NATAL,Falta de atenção,Colisão traseira,Sem Vítimas        ,Plena noite,Ceu Claro,Múltipla,Urbano,Automóvel,Ileso       ,26.0,Feminino
83180121,23/04/2014,RN,101,NATAL,Falta de atenção,Colisão traseira,Sem Vítimas        ,Plena noite,Ceu Claro,Múltipla,Urbano,Caminhão-Trator,Ileso       ,54.0,Masculino
83180237,22/04/2014,RN,405,SAO FRANCISCO DO OESTE,Defeito na via,Tombamento,Sem Vítimas        ,Plena noite,Ceu Claro,Simples ,Rural ,Caminhão,Ileso       ,25.0,Masculino
83180315,24/04/2014,RN,101,SAO GONCALO DO AMARANTE,Desobediência à sinalização,Colisão Transversal,Sem Vítimas        ,Pleno dia,Ceu Claro,Dupla   ,Urbano,Motoneta,Ileso       ,61.0,Masculino
83180315,24/04/2014,RN,101,SAO GONCALO DO AMARANTE,Desobediência à sinalização,Colisão Transversal,Sem Vítimas        ,Pleno dia,Ceu Claro,Dupla   ,Urbano,Automóvel,Ileso       ,51.0,Masculino
83180327,24/04/2014,RN,101,PARNAMIRIM,Não guardar distância de segurança,Colisão lateral,Sem Vítimas        ,Pleno dia,Ceu Claro,Dupla   ,Urbano,Ônibus,Ileso       ,37.0,Masculino
83180327,24/04/2014,RN,101,PARNAMIRIM,Não guardar distância de segurança,Colisão lateral,Sem Vítimas        ,Pleno dia,Ceu Claro,Dupla   ,Urbano,Ônibus,Ileso       ,42.0,Masculino
83180346,24/04/2014,RN,101,PARNAMIRIM,Falta de atenção,Colisão Transversal,Sem Vítimas        ,Pleno dia,Ceu Claro,Simples ,Urbano,Caminhonete,Ileso       ,24.0,Masculino
83180346,24/04/2014,RN,101,PARNAMIRIM,Falta de atenção,Colisão Transversal,Sem Vítimas        ,Pleno dia,Ceu Claro,Simples ,Urbano,Automóvel,Ileso       ,32.0,Masculino
83180397,24/04/2014,RN,101,NATAL,Falta de atenção,Colisão traseira,Sem Vítimas        ,Pleno dia,Ceu Claro,Múltipla,Urbano,Motocicletas,Ileso       ,25.0,Masculino
83180397,24/04/2014,RN,101,NATAL,Falta de atenção,Colisão traseira,Sem Vítimas        ,Pleno dia,Ceu Claro,Múltipla,Urbano,Automóvel,Ileso       ,34.0,Feminino
83180510,24/04/2014,RN,110,MOSSORO,Animais na Pista,Atropelamento de animal,Sem Vítimas        ,Plena noite,Ceu Claro,Simples ,Rural ,Caminhão-Trator,Ileso       ,60.0,Masculino
83180556,24/04/2014,RN,304,MOSSORO,Falta de atenção,Saída de Pista,Sem Vítimas        ,Plena noite,Ceu Claro,Simples ,Rural ,Automóvel,Ileso       ,48.0,Masculino
83180577,24/04/2014,RN,101,NATAL,Não guardar distância de segurança,Colisão lateral,Sem Vítimas        ,Anoitecer,Ignorada,Dupla   ,Urbano,Automóvel,Ileso       ,53.0,Masculino
83180577,24/04/2014,RN,101,NATAL,Não guardar distância de segurança,Colisão lateral,Sem Vítimas        ,Anoitecer,Ignorada,Dupla   ,Urbano,Caminhão-Trator,Ileso       ,24.0,Masculino
83180594,24/04/2014,RN,101,NATAL,Não guardar distância de segurança,Colisão traseira,Com Vítimas Feridas,Plena noite,Ceu Claro,Múltipla,Urbano,Motocicletas,Ferido Leve ,25.0,Masculino
83180594,24/04/2014,RN,101,NATAL,Não guardar distância de segurança,Colisão traseira,Com Vítimas Feridas,Plena noite,Ceu Claro,Múltipla,Urbano,Automóvel,Ignorado    ,-1.0,Inválido
83180636,24/04/2014,RN,226,NATAL,Outras,Atropelamento de pessoa,Com Vítimas Fatais ,Pleno dia,Ceu Claro,Simples ,Urbano,Caminhão,Ileso       ,29.0,Masculino
83180636,24/04/2014,RN,226,NATAL,Outras,Atropelamento de pessoa,Com Vítimas Fatais ,Pleno dia,Ceu Claro,Simples ,Urbano,(null),Morto       ,22.0,Masculino
83180684,16/04/2014,RN,226,NATAL,Falta de atenção,Colisão traseira,Sem Vítimas        ,Anoitecer,Ignorada,Simples ,Urbano,Ônibus,Ileso       ,42.0,Masculino
83180684,16/04/2014,RN,226,NATAL,Falta de atenção,Colisão traseira,Sem Vítimas        ,Anoitecer,Ignorada,Simples ,Urbano,Ciclomotor,Ignorado    ,-1.0,Masculino
83180693,21/04/2014,RN,304,MACAIBA,Falta de atenção,Colisão traseira,Com Vítimas Feridas,Pleno dia,Ceu Claro,Simples ,Rural ,Automóvel,Ileso       ,32.0,Masculino
83180693,21/04/2014,RN,304,MACAIBA,Falta de atenção,Colisão traseira,Com Vítimas Feridas,Pleno dia,Ceu Claro,Simples ,Rural ,Automóvel,Ileso       ,62.0,Masculino
83180693,21/04/2014,RN,304,MACAIBA,Falta de atenção,Colisão traseira,Com Vítimas Feridas,Pleno dia,Ceu Claro,Simples ,Rural ,Automóvel,Ferido Leve ,37.0,Feminino
83180693,21/04/2014,RN,304,MACAIBA,Falta de atenção,Colisão traseira,Com Vítimas Feridas,Pleno dia,Ceu Claro,Simples ,Rural ,Automóvel,Ileso       ,46.0,Feminino
83180693,21/04/2014,RN,304,MACAIBA,Falta de atenção,Colisão traseira,Com Vítimas Feridas,Pleno dia,Ceu Claro,Simples ,Rural ,Automóvel,Ileso       ,35.0,Masculino
83180698,21/04/2014,RN,304,MACAIBA,Não guardar distância de segurança,Colisão traseira,Sem Vítimas        ,Pleno dia,Ceu Claro,Simples ,Rural ,Automóvel,Ignorado    ,-1.0,Inválido
83180698,21/04/2014,RN,304,MACAIBA,Não guardar distância de segurança,Colisão traseira,Sem Vítimas        ,Pleno dia,Ceu Claro,Simples ,Rural ,Automóvel,Ileso       ,32.0,Masculino
83180698,21/04/2014,RN,304,MACAIBA,Não guardar distância de segurança,Colisão traseira,Sem Vítimas        ,Pleno dia,Ceu Claro,Simples ,Rural ,Automóvel,Ileso       ,55.0,Masculino
83180751,25/04/2014,RN,101,PARNAMIRIM,Não guardar distância de segurança,Colisão lateral,Sem Vítimas        ,Pleno dia,Sol,Dupla   ,Urbano,Caminhão,Ileso       ,29.0,Masculino
83180751,25/04/2014,RN,101,PARNAMIRIM,Não guardar distância de segurança,Colisão lateral,Sem Vítimas        ,Pleno dia,Sol,Dupla   ,Urbano,Automóvel,Ileso       ,23.0,Feminino
83180864,25/04/2014,RN,101,NATAL,Defeito mecânico em veículo,Colisão traseira,Com Vítimas Feridas,Pleno dia,Ceu Claro,Dupla   ,Urbano,Automóvel,Ileso       ,48.0,Masculino
83180864,25/04/2014,RN,101,NATAL,Defeito mecânico em veículo,Colisão traseira,Com Vítimas Feridas,Pleno dia,Ceu Claro,Dupla   ,Urbano,Ciclomotor,Ferido Leve ,28.0,Feminino
83180908,25/04/2014,RN,101,NATAL,Não guardar distância de segurança,Colisão traseira,Sem Vítimas        ,Pleno dia,Sol,Dupla   ,Urbano,Caminhonete,Ileso       ,65.0,Masculino
83180908,25/04/2014,RN,101,NATAL,Não guardar distância de segurança,Colisão traseira,Sem Vítimas        ,Pleno dia,Sol,Dupla   ,Urbano,Automóvel,Ileso       ,33.0,Masculino
83180908,25/04/2014,RN,101,NATAL,Não guardar distância de segurança,Colisão traseira,Sem Vítimas        ,Pleno dia,Sol,Dupla   ,Urbano,Automóvel,Ignorado    ,-1.0,Masculino
83181013,25/04/2014,RN,427,CURRAIS NOVOS,Falta de atenção,Colisão traseira,Com Vítimas Feridas,Anoitecer,Ceu Claro,Simples ,Urbano,Motocicletas,Ferido Grave,58.0,Masculino
83181013,25/04/2014,RN,427,CURRAIS NOVOS,Falta de atenção,Colisão traseira,Com Vítimas Feridas,Anoitecer,Ceu Claro,Simples ,Urbano,Bicicleta,Ferido Leve ,50.0,Masculino
83181028,25/04/2014,RN,406,CEARA-MIRIM,Falta de atenção,Colisão lateral,Sem Vítimas        ,Plena noite,Ceu Claro,Simples ,Urbano,Caminhão,Ileso       ,53.0,Masculino
83181028,25/04/2014,RN,406,CEARA-MIRIM,Falta de atenção,Colisão lateral,Sem Vítimas        ,Plena noite,Ceu Claro,Simples ,Urbano,Automóvel,Ignorado    ,-1.0,Inválido
83181039,25/04/2014,RN,110,MOSSORO,Falta de atenção,Colisão traseira,Sem Vítimas        ,Plena noite,Ceu Claro,Simples ,Urbano,Automóvel,Ileso       ,22.0,Masculino
83181039,25/04/2014,RN,110,MOSSORO,Falta de atenção,Colisão traseira,Sem Vítimas        ,Plena noite,Ceu Claro,Simples ,Urbano,Automóvel,Ileso       ,34.0,Masculino
83181039,25/04/2014,RN,110,MOSSORO,Falta de atenção,Colisão traseira,Sem Vítimas        ,Plena noite,Ceu Claro,Simples ,Urbano,Automóvel,Ileso       ,30.0,Feminino
83181039,25/04/2014,RN,110,MOSSORO,Falta de atenção,Colisão traseira,Sem Vítimas        ,Plena noite,Ceu Claro,Simples ,Urbano,Automóvel,Ileso       ,4.0,Inválido
83181141,25/04/2014,RN,101,SAO GONCALO DO AMARANTE,Não guardar distância de segurança,Colisão traseira,Sem Vítimas        ,Plena noite,Ceu Claro,Dupla   ,Urbano,Caminhonete,Ileso       ,21.0,Masculino
83181141,25/04/2014,RN,101,SAO GONCALO DO AMARANTE,Não guardar distância de segurança,Colisão traseira,Sem Vítimas        ,Plena noite,Ceu Claro,Dupla   ,Urbano,Caminhonete,Ileso       ,41.0,Masculino
83181148,25/04/2014,RN,101,NATAL,Não guardar distância de segurança,Colisão traseira,Sem Vítimas        ,Plena noite,Ceu Claro,Dupla   ,Urbano,Automóvel,Ileso       ,27.0,Masculino
83181148,25/04/2014,RN,101,NATAL,Não guardar distância de segurança,Colisão traseira,Sem Vítimas        ,Plena noite,Ceu Claro,Dupla   ,Urbano,Automóvel,Ileso       ,51.0,Masculino
83181171,25/04/2014,RN,101,PARNAMIRIM,Não guardar distância de segurança,Colisão traseira,Sem Vítimas        ,Plena noite,Ceu Claro,Dupla   ,Urbano,Caminhão-Trator,Ileso       ,46.0,Masculino
83181171,25/04/2014,RN,101,PARNAMIRIM,Não guardar distância de segurança,Colisão traseira,Sem Vítimas        ,Plena noite,Ceu Claro,Dupla   ,Urbano,Automóvel,Ileso       ,45.0,Feminino
83181214,25/04/2014,RN,101,SAO GONCALO DO AMARANTE,Falta de atenção,Atropelamento de pessoa,Com Vítimas Feridas,Plena noite,Ceu Claro,Dupla   ,Urbano,Motocicletas,Ferido Leve ,19.0,Masculino
83181214,25/04/2014,RN,101,SAO GONCALO DO AMARANTE,Falta de atenção,Atropelamento de pessoa,Com Vítimas Feridas,Plena noite,Ceu Claro,Dupla   ,Urbano,(null),Ferido Grave,43.0,Masculino
83181313,26/04/2014,RN,226,CURRAIS NOVOS,Outras,Colisão Transversal,Com Vítimas Feridas,Pleno dia,Ceu Claro,Simples ,Urbano,Motocicletas,Ferido Leve ,54.0,Masculino