id,data_inversa,uf,br,municipio,causa_acidente,tipo_acidente,classificacao_acidente,fase_dia,condicao_metereologica,tipo_pista,uso_solo,tipo_veiculo,estado_fisico,idade,sexo
83215229,06/07/2014,RN,304,MACAIBA,Não guardar distância de segurança,Colisão traseira,Sem Vítimas        ,Pleno dia,Sol,Simples ,Urbano,Automóvel,Ileso       ,47.0,Feminino
83215229,06/07/2014,RN,304,MACAIBA,Não guardar distância de segurança,Colisão traseira,Sem Vítimas        ,Pleno dia,Sol,Simples ,Urbano,Automóvel,Ignorado    ,-1.0,Masculino
83215348,30/06/2014,RN,304,MACAIBA,Outras,Colisão Transversal,Com Vítimas Fatais ,Pleno dia,Ceu Claro,Dupla   ,Urbano,Caminhonete,Ileso       ,54.0,Masculino
83215348,30/06/2014,RN,304,MACAIBA,Outras,Colisão Transversal,Com Vítimas Fatais ,Pleno dia,Ceu Claro,Dupla   ,Urbano,Bicicleta,Morto       ,72.0,Masculino
83215418,06/07/2014,RN,101,ARES,Animais na Pista,Atropelamento de animal,Sem Vítimas        ,Pleno dia,Ceu Claro,Dupla   ,Rural ,Automóvel,Ileso       ,35.0,Masculino
83215493,09/07/2014,RN,101,NATAL,Falta de atenção,Colisão lateral,Sem Vítimas        ,Amanhecer,Ceu Claro,Simples ,Urbano,Automóvel,Ileso       ,34.0,Masculino
83215493,09/07/2014,RN,101,NATAL,Falta de atenção,Colisão lateral,Sem Vítimas        ,Amanhecer,Ceu Claro,Simples ,Urbano,Caminhão-Trator,Ileso       ,34.0,Masculino
83215527,09/07/2014,RN,101,PARNAMIRIM,Não guardar distância de segurança,Colisão traseira,Sem Vítimas        ,Pleno dia,Sol,Múltipla,Urbano,Automóvel,Ileso       ,-1.0,Masculino
83215527,09/07/2014,RN,101,PARNAMIRIM,Não guardar distância de segurança,Colisão traseira,Sem Vítimas        ,Pleno dia,Sol,Múltipla,Urbano,Camioneta,Ileso       ,-1.0,Inválido
83215539,09/07/2014,RN,101,NATAL,Não guardar distância de segurança,Colisão traseira,Sem Vítimas        ,Pleno dia,Nublado,Dupla   ,Urbano,Automóvel,Ileso       ,23.0,Masculino
83215539,09/07/2014,RN,101,NATAL,Não guardar distância de segurança,Colisão traseira,Sem Vítimas        ,Pleno dia,Nublado,Dupla   ,Urbano,Automóvel,Ileso       ,56.0,Feminino
83215543,07/07/2014,RN,101,NATAL,Defeito mecânico em veículo,Colisão lateral,Sem Vítimas        ,Pleno dia,Ceu Claro,Simples ,Urbano,Automóvel,Ileso       ,54.0,Masculino
83215543,07/07/2014,RN,101,NATAL,Defeito mecânico em veículo,Colisão lateral,Sem Vítimas        ,Pleno dia,Ceu Claro,Simples ,Urbano,Automóvel,Ileso       ,-1.0,Masculino
83215543,07/07/2014,RN,101,NATAL,Defeito mecânico em veículo,Colisão lateral,Sem Vítimas        ,Pleno dia,Ceu Claro,Simples ,Urbano,Caminhão,Ileso       ,34.0,Masculino
83215546,09/07/2014,RN,101,PARNAMIRIM,Outras,Colisão Transversal,Sem Vítimas        ,Pleno dia,Ceu Claro,Dupla   ,Urbano,Automóvel,Ileso       ,22.0,Masculino
83215546,09/07/2014,RN,101,PARNAMIRIM,Outras,Colisão Transversal,Sem Vítimas        ,Pleno dia,Ceu Claro,Dupla   ,Urbano,Automóvel,Ileso       ,30.0,Feminino
83215588,09/07/2014,RN,101,PARNAMIRIM,Falta de atenção,Colisão lateral,Com Vítimas Feridas,Pleno dia,Sol,Múltipla,Urbano,Motocicletas,Ferido Leve ,31.0,Masculino
83215588,09/07/2014,RN,101,PARNAMIRIM,Falta de atenção,Colisão lateral,Com Vítimas Feridas,Pleno dia,Sol,Múltipla,Urbano,Motocicletas,Ferido Leve ,20.0,Feminino
83215880,10/07/2014,RN,226,CURRAIS NOVOS,Desobediência à sinalização,Colisão lateral,Sem Vítimas        ,Pleno dia,Ceu Claro,Dupla   ,Urbano,Caminhão,Ileso       ,32.0,Masculino
83215880,10/07/2014,RN,226,CURRAIS NOVOS,Desobediência à sinalização,Colisão lateral,Sem Vítimas        ,Pleno dia,Ceu Claro,Dupla   ,Urbano,Motocicletas,Ileso       ,41.0,Masculino
83215882,09/07/2014,RN,304,MACAIBA,Falta de atenção,Colisão Transversal,Sem Vítimas        ,Pleno dia,Ceu Claro,Simples ,Urbano,Automóvel,Ileso       ,28.0,Masculino
83215882,09/07/2014,RN,304,MACAIBA,Falta de atenção,Colisão Transversal,Sem Vítimas        ,Pleno dia,Ceu Claro,Simples ,Urbano,Automóvel,Ileso       ,36.0,Feminino
83215882,09/07/2014,RN,304,MACAIBA,Falta de atenção,Colisão Transversal,Sem Vítimas        ,Pleno dia,Ceu Claro,Simples ,Urbano,Automóvel,Ileso       ,40.0,Masculino
83215910,10/07/2014,RN,101,PARNAMIRIM,Falta de atenção,Colisão lateral,Sem Vítimas        ,Pleno dia,Ceu Claro,Múltipla,Urbano,Automóvel,Ileso       ,57.0,Masculino
83215910,10/07/2014,RN,101,PARNAMIRIM,Falta de atenção,Colisão lateral,Sem Vítimas        ,Pleno dia,Ceu Claro,Múltipla,Urbano,Caminhão,Ileso       ,30.0,Masculino
83215967,10/07/2014,RN,101,NATAL,Outras,Tombamento,Com Vítimas Feridas,Pleno dia,Ceu Claro,Dupla   ,Urbano,Motocicletas,Ferido Leve ,28.0,Masculino
83216059,10/07/2014,RN,101,NATAL,Falta de atenção,Colisão traseira,Sem Vítimas        ,Pleno dia,Ceu Claro,Dupla   ,Urbano,Caminhonete,Ileso       ,32.0,Masculino
83216059,10/07/2014,RN,101,NATAL,Falta de atenção,Colisão traseira,Sem Vítimas        ,Pleno dia,Ceu Claro,Dupla   ,Urbano,Automóvel,Ileso       ,23.0,Feminino
83216141,10/07/2014,RN,101,SAO GONCALO DO AMARANTE,Falta de atenção,Colisão traseira,Sem Vítimas        ,Pleno dia,Ceu Claro,Simples ,Urbano,Automóvel,Ileso       ,43.0,Feminino
83216141,10/07/2014,RN,101,SAO GONCALO DO AMARANTE,Falta de atenção,Colisão traseira,Sem Vítimas        ,Pleno dia,Ceu Claro,Simples ,Urbano,Ônibus,Ileso       ,37.0,Masculino
83216179,07/07/2014,RN,101,PARNAMIRIM,Falta de atenção,Colisão traseira,Com Vítimas Feridas,Plena noite,Nublado,Dupla   ,Urbano,Motocicletas,Ferido Leve ,21.0,Masculino
83216179,07/07/2014,RN,101,PARNAMIRIM,Falta de atenção,Colisão traseira,Com Vítimas Feridas,Plena noite,Nublado,Dupla   ,Urbano,Motocicletas,Ferido Leve ,20.0,Feminino
83216179,07/07/2014,RN,101,PARNAMIRIM,Falta de atenção,Colisão traseira,Com Vítimas Feridas,Plena noite,Nublado,Dupla   ,Urbano,Automóvel,Ileso       ,30.0,Masculino
83216183,10/07/2014,RN,101,PARNAMIRIM,Falta de atenção,Colisão lateral,Sem Vítimas        ,Anoitecer,Ceu Claro,Dupla   ,Urbano,Caminhão-Trator,Ileso       ,36.0,Masculino
83216183,10/07/2014,RN,101,PARNAMIRIM,Falta de atenção,Colisão lateral,Sem Vítimas        ,Anoitecer,Ceu Claro,Dupla   ,Urbano,Automóvel,Ileso       ,25.0,Feminino
83216188,10/07/2014,RN,101,NATAL,Defeito mecânico em veículo,Colisão com objeto móvel,Sem Vítimas        ,Pleno dia,Sol,Múltipla,Urbano,Caminhão,Ileso       ,32.0,Masculino
83216188,10/07/2014,RN,101,NATAL,Defeito mecânico em veículo,Colisão com objeto móvel,Sem Vítimas        ,Pleno dia,Sol,Múltipla,Urbano,Camioneta,Ileso       ,24.0,Masculino
83216199,06/07/2014,RN,304,FERNANDO PEDROZA,Falta de atenção,Saída de Pista,Com Vítimas Feridas,Plena noite,Ceu Claro,Simples ,Rural ,Automóvel,Ferido Grave,53.0,Masculino
83216200,10/07/2014,RN,101,NATAL,Não guardar distância de segurança,Colisão lateral,Sem Vítimas        ,Pleno dia,Ignorada,Múltipla,Urbano,Automóvel,Ileso       ,36.0,Masculino
83216200,10/07/2014,RN,101,NATAL,Não guardar distância de segurança,Colisão lateral,Sem Vítimas        ,Pleno dia,Ignorada,Múltipla,Urbano,Automóvel,Ileso       ,-1.0,Masculino
83216200,10/07/2014,RN,101,NATAL,Não guardar distância de segurança,Colisão lateral,Sem Vítimas        ,Pleno dia,Ignorada,Múltipla,Urbano,Automóvel,Ileso       ,-1.0,Masculino
83216215,10/07/2014,RN,101,PARNAMIRIM,Outras,Colisão Transversal,Com Vítimas Feridas,Plena noite,Nublado,Dupla   ,Urbano,Automóvel,Ileso       ,31.0,Masculino
83216215,10/07/2014,RN,101,PARNAMIRIM,Outras,Colisão Transversal,Com Vítimas Feridas,Plena noite,Nublado,Dupla   ,Urbano,Carroça,Ferido Leve ,24.0,Masculino
83216225,02/07/2014,RN,101,SAO GONCALO DO AMARANTE,Outras,Colisão lateral,Sem Vítimas        ,Pleno dia,Vento,Dupla   ,Urbano,Automóvel,Ileso       ,58.0,Masculino
83216225,02/07/2014,RN,101,SAO GONCALO DO AMARANTE,Outras,Colisão lateral,Sem Vítimas        ,Pleno dia,Vento,Dupla   ,Urbano,Caminhão,Ileso       ,23.0,Masculino
83216250,04/07/2014,RN,304,MACAIBA,Não guardar distância de segurança,Colisão traseira,Sem Vítimas        ,Pleno dia,Sol,Simples ,Rural ,Motocicletas,Ileso       ,29.0,Masculino
83216250,04/07/2014,RN,304,MACAIBA,Não guardar distância de segurança,Colisão traseira,Sem Vítimas        ,Pleno dia,Sol,Simples ,Rural ,Caminhonete,Ileso       ,64.0,Masculino
83216378,04/07/2014,RN,110,MOSSORO,Outras,Colisão frontal,Com Vítimas Feridas,Pleno dia,Ceu Claro,Simples ,Urbano,Automóvel,Ferido Leve ,30.0,Masculino
83216378,04/07/2014,RN,110,MOSSORO,Outras,Colisão frontal,Com Vítimas Feridas,Pleno dia,Ceu Claro,Simples ,Urbano,Caminhonete,Ileso       ,45.0,Masculino
83216497,07/07/2014,RN,304,MOSSORO,Animais na Pista,Atropelamento de animal,Com Vítimas Feridas,Plena noite,Ignorada,Simples ,Rural ,Motocicletas,Ferido Leve ,31.0,Masculino
83216525,11/07/2014,RN,101,NATAL,Falta de atenção,Colisão traseira,Sem Vítimas        ,Pleno dia,Ceu Claro,Múltipla,Urbano,Automóvel,Ileso       ,25.0,Masculino
83216525,11/07/2014,RN,101,NATAL,Falta de atenção,Colisão traseira,Sem Vítimas        ,Pleno dia,Ceu Claro,Múltipla,Urbano,Automóvel,Ileso       ,29.0,Masculino
83216525,11/07/2014,RN,101,NATAL,Falta de atenção,Colisão traseira,Sem Vítimas        ,Pleno dia,Ceu Claro,Múltipla,Urbano,Automóvel,Ileso       ,31.0,Masculino
83216584,11/07/2014,RN,101,NATAL,Falta de atenção,Colisão traseira,Sem Vítimas        ,Pleno dia,Ceu Claro,Múltipla,Urbano,Automóvel,Ileso       ,26.0,Masculino
83216584,11/07/2014,RN,101,NATAL,Falta de atenção,Colisão traseira,Sem Vítimas        ,Pleno dia,Ceu Claro,Múltipla,Urbano,Automóvel,Ileso       ,52.0,Masculino
83216594,02/07/2014,RN,110,MOSSORO,Falta de atenção,Colisão traseira,Sem Vítimas        ,Plena noite,Ignorada,Simples ,Urbano,Automóvel,Ileso       ,22.0,Feminino
83216594,02/07/2014,RN,110,MOSSORO,Falta de atenção,Colisão traseira,Sem Vítimas        ,Plena noite,Ignorada,Simples ,Urbano,Automóvel,Ileso       ,37.0,Feminino
83216602,11/07/2014,RN,101,NATAL,Falta de atenção,Colisão lateral,Sem Vítimas        ,Pleno dia,Ceu Claro,Múltipla,Urbano,Caminhonete,Ileso       ,36.0,Masculino
83216602,11/07/2014,RN,101,NATAL,Falta de atenção,Colisão lateral,Sem Vítimas        ,Pleno dia,Ceu Claro,Múltipla,Urbano,Microônibus,Ileso       ,51.0,Masculino
83216614,11/07/2014,RN,226,CURRAIS NOVOS,Falta de atenção,Colisão traseira,Sem Vítimas        ,Pleno dia,Ceu Claro,Dupla   ,Urbano,Automóvel,Ileso       ,50.0,Masculino
83216614,11/07/2014,RN,226,CURRAIS NOVOS,Falta de atenção,Colisão traseira,Sem Vítimas        ,Pleno dia,Ceu Claro,Dupla   ,Urbano,Caminhonete,Ileso       ,24.0,Masculino
83216778,11/07/2014,RN,406,POCO BRANCO,Não guardar distância de segurança,Colisão traseira,Com Vítimas Feridas,Plena noite,Ceu Claro,Simples ,Rural ,Motocicletas,Ferido Leve ,25.0,Masculino
83216778,11/07/2014,RN,406,POCO BRANCO,Não guardar distância de segurança,Colisão traseira,Com Vítimas Feridas,Plena noite,Ceu Claro,Simples ,Rural ,Automóvel,Ileso       ,28.0,Masculino
83216778,11/07/2014,RN,406,POCO BRANCO,Não guardar distância de segurança,Colisão traseira,Com Vítimas Feridas,Plena noite,Ceu Claro,Simples ,Rural ,Motocicletas,Ferido Grave,43.0,Feminino
83216778,11/07/2014,RN,406,POCO BRANCO,Não guardar distância de segurança,Colisão traseira,Com Vítimas Feridas,Plena noite,Ceu Claro,Simples ,Rural ,Automóvel,Ileso       ,22.0,Feminino
83216878,12/07/2014,RN,101,PARNAMIRIM,Não guardar distância de segurança,Colisão traseira,Sem Vítimas        ,Pleno dia,Chuva,Dupla   ,Urbano,Automóvel,Ileso       ,36.0,Feminino
83216878,12/07/2014,RN,101,PARNAMIRIM,Não guardar distância de segurança,Colisão traseira,Sem Vítimas        ,Pleno dia,Chuva,Dupla   ,Urbano,Caminhonete,Ileso       ,51.0,Masculino
83216949,12/07/2014,RN,101,PARNAMIRIM,Desobediência à sinalização,Colisão Transversal,Com Vítimas Feridas,Pleno dia,Nublado,Dupla   ,Urbano,Ônibus,Ileso       ,36.0,Masculino
83216949,12/07/2014,RN,101,PARNAMIRIM,Desobediência à sinalização,Colisão Transversal,Com Vítimas Feridas,Pleno dia,Nublado,Dupla   ,Urbano,Automóvel,Ileso       ,34.0,Masculino
83216949,12/07/2014,RN,101,PARNAMIRIM,Desobediência à sinalização,Colisão Transversal,Com Vítimas Feridas,Pleno dia,Nublado,Dupla   ,Urbano,Ônibus,Ferido Leve ,33.0,Feminino
83217017,12/07/2014,RN,101,PARNAMIRIM,Outras,Colisão traseira,Sem Vítimas        ,Pleno dia,Chuva,Dupla   ,Urbano,Automóvel,Ileso       ,23.0,Masculino
83217017,12/07/2014,RN,101,PARNAMIRIM,Outras,Colisão traseira,Sem Vítimas        ,Pleno dia,Chuva,Dupla   ,Urbano,Automóvel,Ileso       ,28.0,Masculino
83217116,10/07/2014,RN,110,MOSSORO,Falta de atenção,Colisão Transversal,Sem Vítimas        ,Plena noite,Ceu Claro,Simples ,Urbano,Motocicletas,Ileso       ,23.0,Masculino
83217116,10/07/2014,RN,110,MOSSORO,Falta de atenção,Colisão Transversal,Sem Vítimas        ,Plena noite,Ceu Claro,Simples ,Urbano,Automóvel,Ileso       ,33.0,Masculino
83217142,12/07/2014,RN,110,MOSSORO,Ingestão de álcool,Colisão lateral,Com Vítimas Feridas,Pleno dia,Sol,Simples ,Urbano,Ciclomotor,Ferido Leve ,42.0,Masculino
83217142,12/07/2014,RN,110,MOSSORO,Ingestão de álcool,Colisão lateral,Com Vítimas Feridas,Pleno dia,Sol,Simples ,Urbano,Automóvel,Ileso       ,46.0,Masculino
83217215,12/07/2014,RN,226,MACAIBA,Outras,Saída de Pista,Sem Vítimas        ,Plena noite,Nublado,Simples ,Urbano,Caminhão-Trator,Ileso       ,39.0,Masculino
83217241,12/07/2014,RN,101,NATAL,Não guardar distância de segurança,Colisão traseira,Sem Vítimas        ,Pleno dia,Chuva,Dupla   ,Urbano,Automóvel,Ileso       ,36.0,Feminino
83217241,12/07/2014,RN,101,NATAL,Não guardar distância de segurança,Colisão traseira,Sem Vítimas        ,Pleno dia,Chuva,Dupla   ,Urbano,Automóvel,Ileso       ,36.0,Masculino
83217241,12/07/2014,RN,101,NATAL,Não guardar distância de segurança,Colisão traseira,Sem Vítimas        ,Pleno dia,Chuva,Dupla   ,Urbano,Automóvel,Ileso       ,42.0,Masculino
83217241,12/07/2014,RN,101,NATAL,Não guardar distância de segurança,Colisão traseira,Sem Vítimas        ,Pleno dia,Chuva,Dupla   ,Urbano,Automóvel,Ileso       ,30.0,Masculino
83217267,12/07/2014,RN,101,PARNAMIRIM,Ingestão de álcool,Colisão lateral,Com Vítimas Feridas,Pleno dia,Nublado,Dupla   ,Urbano,Motocicletas,Ferido Leve ,26.0,Masculino
83217267,12/07/2014,RN,101,PARNAMIRIM,Ingestão de álcool,Colisão lateral,Com Vítimas Feridas,Pleno dia,Nublado,Dupla   ,Urbano,Automóvel,Ileso       ,23.0,Masculino
83217295,12/07/2014,RN,226,MACAIBA,Defeito mecânico em veículo,Colisão lateral,Sem Vítimas        ,Pleno dia,Nublado,Simples ,Rural ,Automóvel,Ileso       ,61.0,Masculino
83217295,12/07/2014,RN,226,MACAIBA,Defeito mecânico em veículo,Colisão lateral,Sem Vítimas        ,Pleno dia,Nublado,Simples ,Rural ,Automóvel,Ileso       ,35.0,Masculino
83217307,05/05/2014,RN,226,NATAL,Falta de atenção,Colisão Transversal,Com Vítimas Feridas,Pleno dia,Sol,Dupla   ,Urbano,Caminhonete,Ileso       ,70.0,Masculino
83217307,05/05/2014,RN,226,NATAL,Falta de atenção,Colisão Transversal,Com Vítimas Feridas,Pleno dia,Sol,Dupla   ,Urbano,Motocicletas,Ferido Grave,23.0,Masculino
83217318,12/07/2014,RN,226,CURRAIS NOVOS,Outras,Colisão Transversal,Com Vítimas Feridas,Plena noite,Ceu Claro,Dupla   ,Urbano,Motocicletas,Ferido Leve ,29.0,Masculino
83217318,12/07/2014,RN,226,CURRAIS NOVOS,Outras,Colisão Transversal,Com Vítimas Feridas,Plena noite,Ceu Claro,Dupla   ,Urbano,Caminhonete,Ileso       ,27.0,Masculino
83217318,12/07/2014,RN,226,CURRAIS NOVOS,Outras,Colisão Transversal,Com Vítimas Feridas,Plena noite,Ceu Claro,Dupla   ,Urbano,Motocicletas,Ileso       ,29.0,Masculino
83217318,12/07/2014,RN,226,CURRAIS NOVOS,Outras,Colisão Transversal,Com Vítimas Feridas,Plena noite,Ceu Claro,Dupla   ,Urbano,Caminhonete,Ileso       ,38.0,Feminino
83217318,12/07/2014,RN,226,CURRAIS NOVOS,Outras,Colisão Transversal,Com Vítimas Feridas,Plena noite,Ceu Claro,Dupla   ,Urbano,Caminhonete,Ileso       ,-1.0,Masculino
83217331,12/07/2014,RN,226,CURRAIS NOVOS,Ingestão de álcool,Colisão lateral,Sem Vítimas        ,Plena noite,Nublado,Dupla   ,Urbano,Automóvel,Ileso       ,31.0,Masculino
83217331,12/07/2014,RN,226,CURRAIS NOVOS,Ingestão de álcool,Colisão lateral,Sem Vítimas        ,Plena noite,Nublado,Dupla   ,Urbano,Automóvel,Ignorado    ,43.0,Masculino
83217420,09/07/2014,RN,101,NATAL,Falta de atenção,Colisão lateral,Sem Vítimas        ,Plena noite,Ceu Claro,Dupla   ,Urbano,Automóvel,Ileso       ,42.0,Masculino
83217420,09/07/2014,RN,101,NATAL,Falta de atenção,Colisão lateral,Sem Vítimas        ,Plena noite,Ceu Claro,Dupla   ,Urbano,Caminhão,Ileso       ,33.0,Masculino
83217531,13/07/2014,RN,304,NATAL,Defeito mecânico em veículo,Saída de Pista,Sem Vítimas        ,Pleno dia,Sol,Múltipla,Urbano,Automóvel,Ileso       ,33.0,Masculino
83217585,13/07/2014,RN,101,NATAL,Falta de atenção,Colisão lateral,Com Vítimas Feridas,Pleno dia,Nublado,Dupla   ,Urbano,Automóvel,Ileso       ,64.0,Masculino
83217585,13/07/2014,RN,101,NATAL,Falta de atenção,Colisão lateral,Com Vítimas Feridas,Pleno dia,Nublado,Dupla   ,Urbano,Motocicletas,Ferido Grave,26.0,Masculino
83217628,13/07/2014,RN,110,MOSSORO,Defeito mecânico em veículo,Colisão Transversal,Sem Vítimas        ,Plena noite,Ceu Claro,Simples ,Urbano,Automóvel,Ileso       ,43.0,Masculino
83217628,13/07/2014,RN,110,MOSSORO,Defeito mecânico em veículo,Colisão Transversal,Sem Vítimas        ,Plena noite,Ceu Claro,Simples ,Urbano,Motocicletas,Ileso       ,16.0,Masculino
83217651,13/07/2014,RN,226,BOM JESUS,Defeito mecânico em veículo,Colisão com objeto móvel,Sem Vítimas        ,Pleno dia,Sol,Simples ,Rural ,Caminhão-Trator,Ileso       ,42.0,Masculino
83217651,13/07/2014,RN,226,BOM JESUS,Defeito mecânico em veículo,Colisão com objeto móvel,Sem Vítimas        ,Pleno dia,Sol,Simples ,Rural ,Utilitário,Ileso       ,26.0,Masculino
83217652,13/07/2014,RN,304,MACAIBA,Outras,Colisão traseira,Com Vítimas Feridas,Plena noite,Ceu Claro,Simples ,Urbano,Automóvel,Ferido Leve ,53.0,Masculino
83217652,13/07/2014,RN,304,MACAIBA,Outras,Colisão traseira,Com Vítimas Feridas,Plena noite,Ceu Claro,Simples ,Urbano,Automóvel,Ferido Leve ,32.0,Feminino
83217652,13/07/2014,RN,304,MACAIBA,Outras,Colisão traseira,Com Vítimas Feridas,Plena noite,Ceu Claro,Simples ,Urbano,Caminhão,Ignorado    ,-1.0,Inválido
83217724,10/07/2014,RN,101,SAO GONCALO DO AMARANTE,Desobediência à sinalização,Colisão Transversal,Com Vítimas Feridas,Amanhecer,Ceu Claro,Simples ,Urbano,Motocicletas,Ferido Grave,42.0,Masculino
83217724,10/07/2014,RN,101,SAO GONCALO DO AMARANTE,Desobediência à sinalização,Colisão Transversal,Com Vítimas Feridas,Amanhecer,Ceu Claro,Simples ,Urbano,Motocicletas,Ferido Leve ,-1.0,Masculino
83217757,10/07/2014,RN,226,MACAIBA,Falta de atenção,Saída de Pista,Sem Vítimas        ,Anoitecer,Ceu Claro,Simples ,Urbano,Automóvel,Ileso       ,33.0,Masculino
83217757,10/07/2014,RN,226,MACAIBA,Falta de atenção,Saída de Pista,Sem Vítimas        ,Anoitecer,Ceu Claro,Simples ,Urbano,Automóvel,Ileso       ,-1.0,Inválido
83217807,30/06/2014,RN,101,SAO GONCALO DO AMARANTE,Falta de atenção,Colisão traseira,Sem Vítimas        ,Pleno dia,Ceu Claro,Dupla   ,Urbano,Ônibus,Ileso       ,37.0,Masculino
83217807,30/06/2014,RN,101,SAO GONCALO DO AMARANTE,Falta de atenção,Colisão traseira,Sem Vítimas        ,Pleno dia,Ceu Claro,Dupla   ,Urbano,Camioneta,Ileso       ,28.0,Masculino
83217807,30/06/2014,RN,101,SAO GONCALO DO AMARANTE,Falta de atenção,Colisão traseira,Sem Vítimas        ,Pleno dia,Ceu Claro,Dupla   ,Urbano,Automóvel,Ileso       ,36.0,Masculino
83217872,14/07/2014,RN,110,MOSSORO,Falta de atenção,Colisão traseira,Sem Vítimas        ,Pleno dia,Ceu Claro,Dupla   ,Urbano,Caminhonete,Ileso       ,60.0,Feminino
83217872,14/07/2014,RN,110,MOSSORO,Falta de atenção,Colisão traseira,Sem Vítimas        ,Pleno dia,Ceu Claro,Dupla   ,Urbano,Automóvel,Ileso       ,39.0,Masculino
83217938,02/07/2014,RN,101,EXTREMOZ,Outras,Colisão frontal,Com Vítimas Fatais ,Plena noite,Vento,Simples ,Rural ,Automóvel,Morto       ,50.0,Masculino
83217938,02/07/2014,RN,101,EXTREMOZ,Outras,Colisão frontal,Com Vítimas Fatais ,Plena noite,Vento,Simples ,Rural ,Automóvel,Morto       ,16.0,Feminino
83217938,02/07/2014,RN,101,EXTREMOZ,Outras,Colisão frontal,Com Vítimas Fatais ,Plena noite,Vento,Simples ,Rural ,Automóvel,Morto       ,34.0,Masculino
83217938,02/07/2014,RN,101,EXTREMOZ,Outras,Colisão frontal,Com Vítimas Fatais ,Plena noite,Vento,Simples ,Rural ,Automóvel,Morto       ,14.0,Masculino
83217938,02/07/2014,RN,101,EXTREMOZ,Outras,Colisão frontal,Com Vítimas Fatais ,Plena noite,Vento,Simples ,Rural ,Automóvel,Ferido Grave,-1.0,Masculino
83217938,02/07/2014,RN,101,EXTREMOZ,Outras,Colisão frontal,Com Vítimas Fatais ,Plena noite,Vento,Simples ,Rural ,Automóvel,Ferido Grave,-1.0,Masculino
83217948,14/07/2014,RN,304,MACAIBA,Outras,Saída de Pista,Com Vítimas Feridas,Pleno dia,Sol,Simples ,Rural ,Automóvel,Ferido Leve ,47.0,Feminino
83217948,14/07/2014,RN,304,MACAIBA,Outras,Saída de Pista,Com Vítimas Feridas,Pleno dia,Sol,Simples ,Rural ,Automóvel,Ileso       ,43.0,Masculino
83217953,14/07/2014,RN,101,PARNAMIRIM,Falta de atenção,Atropelamento de pessoa,Com Vítimas Feridas,Pleno dia,Ceu Claro,Dupla   ,Urbano,Motocicletas,Ferido Leve ,27.0,Masculino
83217953,14/07/2014,RN,101,PARNAMIRIM,Falta de atenção,Atropelamento de pessoa,Com Vítimas Feridas,Pleno dia,Ceu Claro,Dupla   ,Urbano,(null),Ferido Grave,24.0,Masculino
83217957,14/07/2014,RN,101,PARNAMIRIM,Desobediência à sinalização,Colisão lateral,Com Vítimas Feridas,Pleno dia,Nublado,Dupla   ,Urbano,Motoneta,Ferido Leve ,29.0,Feminino
83217957,14/07/2014,RN,101,PARNAMIRIM,Desobediência à sinalização,Colisão lateral,Com Vítimas Feridas,Pleno dia,Nublado,Dupla   ,Urbano,Automóvel,Ileso       ,41.0,Feminino
83217972,14/07/2014,RN,101,NATAL,Não guardar distância de segurança,Colisão lateral,Com Vítimas Feridas,Pleno dia,Ceu Claro,Dupla   ,Urbano,Automóvel,Ileso       ,31.0,Feminino
83217972,14/07/2014,RN,101,NATAL,Não guardar distância de segurança,Colisão lateral,Com Vítimas Feridas,Pleno dia,Ceu Claro,Dupla   ,Urbano,Motoneta,Ferido Leve ,41.0,Masculino
83217972,14/07/2014,RN,101,NATAL,Não guardar distância de segurança,Colisão lateral,Com Vítimas Feridas,Pleno dia,Ceu Claro,Dupla   ,Urbano,Motoneta,Ferido Grave,-1.0,Feminino
83217976,14/07/2014,RN,101,NATAL,Falta de atenção,Atropelamento de pessoa,Com Vítimas Feridas,Pleno dia,Sol,Dupla   ,Urbano,Automóvel,Ileso       ,30.0,Masculino
83217976,14/07/2014,RN,101,NATAL,Falta de atenção,Atropelamento de pessoa,Com Vítimas Feridas,Pleno dia,Sol,Dupla   ,Urbano,(null),Ferido Grave,64.0,Feminino
83217997,07/07/2014,RN,406,SAO GONCALO DO AMARANTE,Dormindo,Colisão frontal,Com Vítimas Fatais ,Amanhecer,Nevoeiro/neblina,Simples ,Rural ,Automóvel,Ileso       ,36.0,Masculino
83217997,07/07/2014,RN,406,SAO GONCALO DO AMARANTE,Dormindo,Colisão frontal,Com Vítimas Fatais ,Amanhecer,Nevoeiro/neblina,Simples ,Rural ,Motocicletas,Morto       ,20.0,Masculino
83218043,14/07/2014,RN,101,PARNAMIRIM,Não guardar distância de segurança,Colisão traseira,Com Vítimas Feridas,Pleno dia,Ceu Claro,Dupla   ,Urbano,Motoneta,Ferido Leve ,-1.0,Masculino
83218043,14/07/2014,RN,101,PARNAMIRIM,Não guardar distância de segurança,Colisão traseira,Com Vítimas Feridas,Pleno dia,Ceu Claro,Dupla   ,Urbano,Automóvel,Ileso       ,26.0,Feminino
83218065,11/07/2014,RN,101,NATAL,Falta de atenção,Colisão traseira,Com Vítimas Feridas,Pleno dia,Ceu Claro,Simples ,Urbano,Automóvel,Ileso       ,30.0,Masculino