id,data_inversa,uf,br,municipio,causa_acidente,tipo_acidente,classificacao_acidente,fase_dia,condicao_metereologica,tipo_pista,uso_solo,tipo_veiculo,estado_fisico,idade,sexo
83222088,21/07/2014,RN,101,SAO JOSE DE MIPIBU,Outras,Saída de Pista,Sem Vítimas        ,Pleno dia,Ceu Claro,Dupla   ,Rural ,Automóvel,Ileso       ,72.0,Masculino
83222093,23/07/2014,RN,304,MOSSORO,Falta de atenção,Colisão Transversal,Com Vítimas Feridas,Pleno dia,Sol,Dupla   ,Rural ,Motocicletas,Ferido Leve ,-1.0,Masculino
83222093,23/07/2014,RN,304,MOSSORO,Falta de atenção,Colisão Transversal,Com Vítimas Feridas,Pleno dia,Sol,Dupla   ,Rural ,Motocicletas,Ferido Leve ,-1.0,Feminino
83222093,23/07/2014,RN,304,MOSSORO,Falta de atenção,Colisão Transversal,Com Vítimas Feridas,Pleno dia,Sol,Dupla   ,Rural ,Automóvel,Ileso       ,-1.0,Masculino
83222126,23/07/2014,RN,101,CANGUARETAMA,Outras,Colisão com objeto fixo,Sem Vítimas        ,Plena noite,Chuva,Dupla   ,Rural ,Automóvel,Ileso       ,62.0,Masculino
83222126,23/07/2014,RN,101,CANGUARETAMA,Outras,Colisão com objeto fixo,Sem Vítimas        ,Plena noite,Chuva,Dupla   ,Rural ,Caminhão-Trator,Ileso       ,30.0,Masculino
83222268,24/07/2014,RN,101,PARNAMIRIM,Falta de atenção,Colisão traseira,Sem Vítimas        ,Plena noite,Nublado,Dupla   ,Urbano,Automóvel,Ileso       ,36.0,Masculino
83222268,24/07/2014,RN,101,PARNAMIRIM,Falta de atenção,Colisão traseira,Sem Vítimas        ,Plena noite,Nublado,Dupla   ,Urbano,Automóvel,Ileso       ,36.0,Masculino
83222268,24/07/2014,RN,101,PARNAMIRIM,Falta de atenção,Colisão traseira,Sem Vítimas        ,Plena noite,Nublado,Dupla   ,Urbano,Caminhão,Ileso       ,39.0,Masculino
83222271,24/07/2014,RN,226,CURRAIS NOVOS,Falta de atenção,Colisão lateral,Sem Vítimas        ,Pleno dia,Ceu Claro,Dupla   ,Urbano,Motocicletas,Ileso       ,22.0,Masculino
83222271,24/07/2014,RN,226,CURRAIS NOVOS,Falta de atenção,Colisão lateral,Sem Vítimas        ,Pleno dia,Ceu Claro,Dupla   ,Urbano,Caminhonete,Ileso       ,63.0,Masculino
83222302,24/07/2014,RN,101,NATAL,Não guardar distância de segurança,Colisão traseira,Sem Vítimas        ,Pleno dia,Chuva,Dupla   ,Urbano,Automóvel,Ileso       ,50.0,Feminino
83222302,24/07/2014,RN,101,NATAL,Não guardar distância de segurança,Colisão traseira,Sem Vítimas        ,Pleno dia,Chuva,Dupla   ,Urbano,Automóvel,Ileso       ,20.0,Masculino
83222302,24/07/2014,RN,101,NATAL,Não guardar distância de segurança,Colisão traseira,Sem Vítimas        ,Pleno dia,Chuva,Dupla   ,Urbano,Automóvel,Ileso       ,68.0,Masculino
83222581,21/07/2014,RN,101,NATAL,Não guardar distância de segurança,Colisão traseira,Sem Vítimas        ,Amanhecer,Ceu Claro,Múltipla,Urbano,Automóvel,Ileso       ,33.0,Masculino
83222581,21/07/2014,RN,101,NATAL,Não guardar distância de segurança,Colisão traseira,Sem Vítimas        ,Amanhecer,Ceu Claro,Múltipla,Urbano,Automóvel,Ileso       ,54.0,Masculino
83222581,21/07/2014,RN,101,NATAL,Não guardar distância de segurança,Colisão traseira,Sem Vítimas        ,Amanhecer,Ceu Claro,Múltipla,Urbano,Automóvel,Ileso       ,28.0,Feminino
83222600,24/07/2014,RN,406,CEARA-MIRIM,Defeito na via,Queda de motocicleta / bicicleta / veículo,Com Vítimas Feridas,Plena noite,Ignorada,Simples ,Rural ,Motocicletas,Ferido Leve ,21.0,Masculino
83222670,20/07/2014,RN,101,NATAL,Ingestão de álcool,Atropelamento de pessoa,Com Vítimas Feridas,Plena noite,Chuva,Múltipla,Urbano,Motocicletas,Ferido Grave,26.0,Masculino
83222670,20/07/2014,RN,101,NATAL,Ingestão de álcool,Atropelamento de pessoa,Com Vítimas Feridas,Plena noite,Chuva,Múltipla,Urbano,(null),Ferido Grave,-1.0,Masculino
83222726,24/07/2014,RN,226,TANGARA,Outras,Saída de Pista,Com Vítimas Feridas,Amanhecer,Ceu Claro,Simples ,Rural ,Automóvel,Ileso       ,58.0,Masculino
83222726,24/07/2014,RN,226,TANGARA,Outras,Saída de Pista,Com Vítimas Feridas,Amanhecer,Ceu Claro,Simples ,Rural ,Automóvel,Ferido Leve ,53.0,Masculino
83222726,24/07/2014,RN,226,TANGARA,Outras,Saída de Pista,Com Vítimas Feridas,Amanhecer,Ceu Claro,Simples ,Rural ,Não identificado,Ignorado    ,-1.0,Inválido
83222928,16/07/2014,RN,406,SAO GONCALO DO AMARANTE,Outras,Colisão Transversal,Sem Vítimas        ,Pleno dia,Ceu Claro,Simples ,Rural ,Caminhonete,Ileso       ,-1.0,Masculino
83222928,16/07/2014,RN,406,SAO GONCALO DO AMARANTE,Outras,Colisão Transversal,Sem Vítimas        ,Pleno dia,Ceu Claro,Simples ,Rural ,Caminhão,Ileso       ,-1.0,Masculino
83222934,22/07/2014,RN,101,PARNAMIRIM,Falta de atenção,Colisão traseira,Sem Vítimas        ,Pleno dia,Nublado,Dupla   ,Urbano,Automóvel,Ileso       ,43.0,Masculino
83222934,22/07/2014,RN,101,PARNAMIRIM,Falta de atenção,Colisão traseira,Sem Vítimas        ,Pleno dia,Nublado,Dupla   ,Urbano,Ônibus,Ileso       ,34.0,Masculino
83222970,21/07/2014,RN,101,CANGUARETAMA,Falta de atenção,Colisão Transversal,Sem Vítimas        ,Pleno dia,Sol,Dupla   ,Rural ,Automóvel,Ileso       ,69.0,Masculino
83222970,21/07/2014,RN,101,CANGUARETAMA,Falta de atenção,Colisão Transversal,Sem Vítimas        ,Pleno dia,Sol,Dupla   ,Rural ,Automóvel,Ileso       ,57.0,Feminino
83223018,21/07/2014,RN,406,SAO GONCALO DO AMARANTE,Outras,Queda de motocicleta / bicicleta / veículo,Com Vítimas Feridas,Pleno dia,Nublado,Simples ,Urbano,Motocicletas,Ferido Grave,24.0,Masculino
83223018,21/07/2014,RN,406,SAO GONCALO DO AMARANTE,Outras,Queda de motocicleta / bicicleta / veículo,Com Vítimas Feridas,Pleno dia,Nublado,Simples ,Urbano,Motocicletas,Ferido Grave,21.0,Feminino
83223138,25/07/2014,RN,101,SAO GONCALO DO AMARANTE,Não guardar distância de segurança,Colisão traseira,Sem Vítimas        ,Plena noite,Ceu Claro,Dupla   ,Urbano,Automóvel,Ileso       ,44.0,Masculino
83223138,25/07/2014,RN,101,SAO GONCALO DO AMARANTE,Não guardar distância de segurança,Colisão traseira,Sem Vítimas        ,Plena noite,Ceu Claro,Dupla   ,Urbano,Automóvel,Ileso       ,25.0,Feminino
83223294,26/06/2014,RN,304,MOSSORO,Falta de atenção,Saída de Pista,Com Vítimas Feridas,Plena noite,Ceu Claro,Dupla   ,Urbano,Automóvel,Ferido Leve ,28.0,Masculino
83223325,23/07/2014,RN,406,CEARA-MIRIM,Animais na Pista,Atropelamento de animal,Sem Vítimas        ,Pleno dia,Ceu Claro,Simples ,Rural ,Automóvel,Ileso       ,45.0,Masculino
83223406,26/07/2014,RN,101,NATAL,Não guardar distância de segurança,Colisão traseira,Sem Vítimas        ,Pleno dia,Nevoeiro/neblina,Dupla   ,Urbano,Caminhonete,Ileso       ,26.0,Feminino
83223406,26/07/2014,RN,101,NATAL,Não guardar distância de segurança,Colisão traseira,Sem Vítimas        ,Pleno dia,Nevoeiro/neblina,Dupla   ,Urbano,Automóvel,Ileso       ,32.0,Masculino
83223462,26/07/2014,RN,101,SAO GONCALO DO AMARANTE,Não guardar distância de segurança,Colisão traseira,Sem Vítimas        ,Pleno dia,Chuva,Dupla   ,Urbano,Ônibus,Ileso       ,34.0,Masculino
83223462,26/07/2014,RN,101,SAO GONCALO DO AMARANTE,Não guardar distância de segurança,Colisão traseira,Sem Vítimas        ,Pleno dia,Chuva,Dupla   ,Urbano,Automóvel,Ileso       ,34.0,Masculino
83223463,26/07/2014,RN,406,JOAO CAMARA,Falta de atenção,Colisão Transversal,Sem Vítimas        ,Pleno dia,Ceu Claro,Simples ,Rural ,Automóvel,Ileso       ,22.0,Masculino
83223463,26/07/2014,RN,406,JOAO CAMARA,Falta de atenção,Colisão Transversal,Sem Vítimas        ,Pleno dia,Ceu Claro,Simples ,Rural ,Automóvel,Ignorado    ,-1.0,Inválido
83223591,26/07/2014,RN,101,PARNAMIRIM,Falta de atenção,Colisão traseira,Sem Vítimas        ,Pleno dia,Chuva,Múltipla,Urbano,Automóvel,Ileso       ,34.0,Masculino
83223591,26/07/2014,RN,101,PARNAMIRIM,Falta de atenção,Colisão traseira,Sem Vítimas        ,Pleno dia,Chuva,Múltipla,Urbano,Automóvel,Ileso       ,27.0,Feminino
83223621,26/07/2014,RN,101,NATAL,Falta de atenção,Colisão Transversal,Sem Vítimas        ,Plena noite,Ceu Claro,Dupla   ,Rural ,Automóvel,Ileso       ,41.0,Masculino
83223621,26/07/2014,RN,101,NATAL,Falta de atenção,Colisão Transversal,Sem Vítimas        ,Plena noite,Ceu Claro,Dupla   ,Rural ,Automóvel,Ileso       ,24.0,Masculino
83224054,27/07/2014,RN,226,BOM JESUS,Não guardar distância de segurança,Colisão traseira,Sem Vítimas        ,Plena noite,Vento,Simples ,Rural ,Automóvel,Ileso       ,53.0,Masculino
83224054,27/07/2014,RN,226,BOM JESUS,Não guardar distância de segurança,Colisão traseira,Sem Vítimas        ,Plena noite,Vento,Simples ,Rural ,Automóvel,Ileso       ,19.0,Masculino
83224064,27/07/2014,RN,101,NATAL,Outras,Colisão traseira,Sem Vítimas        ,Plena noite,Ceu Claro,Múltipla,Urbano,Automóvel,Ileso       ,27.0,Masculino
83224064,27/07/2014,RN,101,NATAL,Outras,Colisão traseira,Sem Vítimas        ,Plena noite,Ceu Claro,Múltipla,Urbano,Automóvel,Ileso       ,40.0,Feminino
83224116,27/07/2014,RN,110,MOSSORO,Ingestão de álcool,Queda de motocicleta / bicicleta / veículo,Com Vítimas Feridas,Plena noite,Ceu Claro,Simples ,Urbano,Ciclomotor,Ferido Grave,49.0,Masculino
83224116,27/07/2014,RN,110,MOSSORO,Ingestão de álcool,Queda de motocicleta / bicicleta / veículo,Com Vítimas Feridas,Plena noite,Ceu Claro,Simples ,Urbano,Ciclomotor,Ferido Grave,49.0,Masculino
83224124,27/07/2014,RN,101,CANGUARETAMA,Não guardar distância de segurança,Colisão traseira,Sem Vítimas        ,Anoitecer,Ceu Claro,Dupla   ,Urbano,Automóvel,Ileso       ,40.0,Masculino
83224124,27/07/2014,RN,101,CANGUARETAMA,Não guardar distância de segurança,Colisão traseira,Sem Vítimas        ,Anoitecer,Ceu Claro,Dupla   ,Urbano,Automóvel,Ileso       ,51.0,Masculino
83224156,24/07/2014,RN,101,SAO JOSE DE MIPIBU,Ingestão de álcool,Colisão com bicicleta,Com Vítimas Feridas,Plena noite,Ceu Claro,Dupla   ,Rural ,Não identificado,Ignorado    ,-1.0,Inválido
83224156,24/07/2014,RN,101,SAO JOSE DE MIPIBU,Ingestão de álcool,Colisão com bicicleta,Com Vítimas Feridas,Plena noite,Ceu Claro,Dupla   ,Rural ,Bicicleta,Ferido Grave,-1.0,Masculino
83224177,27/07/2014,RN,406,CEARA-MIRIM,Não guardar distância de segurança,Colisão traseira,Sem Vítimas        ,Plena noite,Ceu Claro,Simples ,Urbano,Automóvel,Ileso       ,53.0,Masculino
83224177,27/07/2014,RN,406,CEARA-MIRIM,Não guardar distância de segurança,Colisão traseira,Sem Vítimas        ,Plena noite,Ceu Claro,Simples ,Urbano,Automóvel,Ileso       ,38.0,Masculino
83224356,14/06/2014,RN,101,NATAL,Desobediência à sinalização,Colisão Transversal,Sem Vítimas        ,Plena noite,Chuva,Dupla   ,Urbano,Automóvel,Ileso       ,32.0,Masculino
83224356,14/06/2014,RN,101,NATAL,Desobediência à sinalização,Colisão Transversal,Sem Vítimas        ,Plena noite,Chuva,Dupla   ,Urbano,Automóvel,Ileso       ,19.0,Masculino
83224358,28/07/2014,RN,226,CURRAIS NOVOS,Outras,Atropelamento de pessoa,Com Vítimas Feridas,Pleno dia,Granizo,Dupla   ,Urbano,Motocicletas,Ferido Leve ,19.0,Feminino
83224358,28/07/2014,RN,226,CURRAIS NOVOS,Outras,Atropelamento de pessoa,Com Vítimas Feridas,Pleno dia,Granizo,Dupla   ,Urbano,(null),Ferido Leve ,64.0,Feminino
83224375,28/07/2014,RN,101,PARNAMIRIM,Outras,Colisão traseira,Sem Vítimas        ,Pleno dia,Chuva,Dupla   ,Urbano,Camioneta,Ileso       ,47.0,Feminino
83224375,28/07/2014,RN,101,PARNAMIRIM,Outras,Colisão traseira,Sem Vítimas        ,Pleno dia,Chuva,Dupla   ,Urbano,Automóvel,Ileso       ,25.0,Masculino
83224555,28/07/2014,RN,101,NATAL,Não guardar distância de segurança,Colisão traseira,Sem Vítimas        ,Pleno dia,Chuva,Múltipla,Urbano,Caminhonete,Ileso       ,30.0,Masculino
83224555,28/07/2014,RN,101,NATAL,Não guardar distância de segurança,Colisão traseira,Sem Vítimas        ,Pleno dia,Chuva,Múltipla,Urbano,Automóvel,Ileso       ,64.0,Masculino
83224555,28/07/2014,RN,101,NATAL,Não guardar distância de segurança,Colisão traseira,Sem Vítimas        ,Pleno dia,Chuva,Múltipla,Urbano,Caminhão,Ileso       ,48.0,Masculino
83224582,25/07/2014,RN,427,CURRAIS NOVOS,Falta de atenção,Colisão traseira,Sem Vítimas        ,Pleno dia,Ceu Claro,Simples ,Urbano,Automóvel,Ileso       ,37.0,Masculino
83224582,25/07/2014,RN,427,CURRAIS NOVOS,Falta de atenção,Colisão traseira,Sem Vítimas        ,Pleno dia,Ceu Claro,Simples ,Urbano,Automóvel,Ileso       ,26.0,Masculino
83224630,28/07/2014,RN,406,CEARA-MIRIM,Outras,Colisão frontal,Com Vítimas Feridas,Pleno dia,Chuva,Simples ,Urbano,Motocicletas,Ferido Grave,32.0,Masculino
83224630,28/07/2014,RN,406,CEARA-MIRIM,Outras,Colisão frontal,Com Vítimas Feridas,Pleno dia,Chuva,Simples ,Urbano,Automóvel,Ileso       ,32.0,Masculino
83224672,28/07/2014,RN,101,RIO DO FOGO,Velocidade incompatível,Saída de Pista,Com Vítimas Feridas,Pleno dia,Ceu Claro,Simples ,Rural ,Automóvel,Ferido Grave,20.0,Masculino
83224682,20/07/2014,RN,304,FERNANDO PEDROZA,Outras,Colisão lateral,Com Vítimas Fatais ,Plena noite,Ceu Claro,Simples ,Rural ,Motocicletas,Morto       ,21.0,Masculino
83224682,20/07/2014,RN,304,FERNANDO PEDROZA,Outras,Colisão lateral,Com Vítimas Fatais ,Plena noite,Ceu Claro,Simples ,Rural ,Automóvel,Ileso       ,42.0,Masculino
83224762,29/07/2014,RN,101,NATAL,Outras,Colisão lateral,Sem Vítimas        ,Pleno dia,Ceu Claro,Dupla   ,Urbano,Automóvel,Ileso       ,-1.0,Masculino
83224762,29/07/2014,RN,101,NATAL,Outras,Colisão lateral,Sem Vítimas        ,Pleno dia,Ceu Claro,Dupla   ,Urbano,Automóvel,Ignorado    ,-1.0,Inválido
83224766,29/07/2014,RN,101,SAO GONCALO DO AMARANTE,Outras,Colisão traseira,Sem Vítimas        ,Pleno dia,Ceu Claro,Dupla   ,Urbano,Automóvel,Ileso       ,35.0,Masculino
83224766,29/07/2014,RN,101,SAO GONCALO DO AMARANTE,Outras,Colisão traseira,Sem Vítimas        ,Pleno dia,Ceu Claro,Dupla   ,Urbano,Automóvel,Ileso       ,37.0,Feminino
83224767,25/07/2014,RN,405,PAU DOS FERROS,Falta de atenção,Colisão Transversal,Sem Vítimas        ,Plena noite,Ceu Claro,Simples ,Urbano,Caminhonete,Ileso       ,46.0,Masculino
83224767,25/07/2014,RN,405,PAU DOS FERROS,Falta de atenção,Colisão Transversal,Sem Vítimas        ,Plena noite,Ceu Claro,Simples ,Urbano,Não identificado,Ignorado    ,-1.0,Inválido
83224777,29/07/2014,RN,101,NATAL,Outras,Capotamento,Sem Vítimas        ,Amanhecer,Ceu Claro,Dupla   ,Urbano,Automóvel,Ileso       ,22.0,Masculino
83224779,29/07/2014,RN,101,NATAL,Falta de atenção,Colisão lateral,Sem Vítimas        ,Pleno dia,Sol,Dupla   ,Urbano,Automóvel,Ileso       ,50.0,Masculino
83224779,29/07/2014,RN,101,NATAL,Falta de atenção,Colisão lateral,Sem Vítimas        ,Pleno dia,Sol,Dupla   ,Urbano,Motocicletas,Ileso       ,23.0,Masculino
83224796,26/07/2014,RN,304,MOSSORO,Falta de atenção,Queda de motocicleta / bicicleta / veículo,Com Vítimas Fatais ,Plena noite,Ceu Claro,Simples ,Rural ,Ciclomotor,Morto       ,34.0,Masculino
83224806,29/07/2014,RN,110,AREIA BRANCA,Falta de atenção,Colisão Transversal,Com Vítimas Feridas,Pleno dia,Ceu Claro,Simples ,Rural ,Motocicletas,Ferido Leve ,54.0,Masculino
83224806,29/07/2014,RN,110,AREIA BRANCA,Falta de atenção,Colisão Transversal,Com Vítimas Feridas,Pleno dia,Ceu Claro,Simples ,Rural ,Automóvel,Ileso       ,24.0,Masculino
83224848,29/07/2014,RN,304,MACAIBA,Falta de atenção,Colisão lateral,Com Vítimas Feridas,Pleno dia,Ceu Claro,Simples ,Rural ,Ônibus,Ileso       ,41.0,Masculino
83224848,29/07/2014,RN,304,MACAIBA,Falta de atenção,Colisão lateral,Com Vítimas Feridas,Pleno dia,Ceu Claro,Simples ,Rural ,Motocicletas,Ferido Leve ,28.0,Masculino
83224848,29/07/2014,RN,304,MACAIBA,Falta de atenção,Colisão lateral,Com Vítimas Feridas,Pleno dia,Ceu Claro,Simples ,Rural ,Motocicletas,Ferido Leve ,-1.0,Masculino
83224956,25/07/2014,RN,304,LAJES,Falta de atenção,Colisão traseira,Sem Vítimas        ,Plena noite,Ceu Claro,Simples ,Rural ,Automóvel,Ileso       ,-1.0,Masculino
83224956,25/07/2014,RN,304,LAJES,Falta de atenção,Colisão traseira,Sem Vítimas        ,Plena noite,Ceu Claro,Simples ,Rural ,Caminhonete,Ileso       ,-1.0,Masculino
83224956,25/07/2014,RN,304,LAJES,Falta de atenção,Colisão traseira,Sem Vítimas        ,Plena noite,Ceu Claro,Simples ,Rural ,Automóvel,Ileso       ,-1.0,Masculino
83224956,25/07/2014,RN,304,LAJES,Falta de atenção,Colisão traseira,Sem Vítimas        ,Plena noite,Ceu Claro,Simples ,Rural ,Automóvel,Ileso       ,-1.0,Masculino
83225036,29/07/2014,RN,101,NATAL,Defeito mecânico em veículo,Colisão traseira,Com Vítimas Feridas,Pleno dia,Ceu Claro,Dupla   ,Urbano,Automóvel,Ileso       ,24.0,Masculino
83225036,29/07/2014,RN,101,NATAL,Defeito mecânico em veículo,Colisão traseira,Com Vítimas Feridas,Pleno dia,Ceu Claro,Dupla   ,Urbano,Ciclomotor,Ferido Leve ,40.0,Masculino
83225132,29/07/2014,RN,101,NATAL,Não guardar distância de segurança,Colisão traseira,Sem Vítimas        ,Plena noite,Ceu Claro,Simples ,Urbano,Automóvel,Ileso       ,27.0,Masculino
83225132,29/07/2014,RN,101,NATAL,Não guardar distância de segurança,Colisão traseira,Sem Vítimas        ,Plena noite,Ceu Claro,Simples ,Urbano,Automóvel,Ileso       ,24.0,Masculino
83225147,29/07/2014,RN,101,NATAL,Falta de atenção,Colisão traseira,Sem Vítimas        ,Plena noite,Ceu Claro,Múltipla,Urbano,Automóvel,Ileso       ,-1.0,Masculino
83225147,29/07/2014,RN,101,NATAL,Falta de atenção,Colisão traseira,Sem Vítimas        ,Plena noite,Ceu Claro,Múltipla,Urbano,Automóvel,Ileso       ,-1.0,Masculino
83225214,26/07/2014,RN,101,PARNAMIRIM,Falta de atenção,Colisão Transversal,Sem Vítimas        ,Amanhecer,Ceu Claro,Múltipla,Rural ,Caminhão-Trator,Ileso       ,34.0,Masculino
83225214,26/07/2014,RN,101,PARNAMIRIM,Falta de atenção,Colisão Transversal,Sem Vítimas        ,Amanhecer,Ceu Claro,Múltipla,Rural ,Caminhão,Ileso       ,66.0,Masculino
83225272,27/07/2014,RN,304,MOSSORO,Ingestão de álcool,Colisão traseira,Com Vítimas Feridas,Pleno dia,Ceu Claro,Dupla   ,Urbano,Automóvel,Ileso       ,32.0,Masculino
83225272,27/07/2014,RN,304,MOSSORO,Ingestão de álcool,Colisão traseira,Com Vítimas Feridas,Pleno dia,Ceu Claro,Dupla   ,Urbano,Automóvel,Ferido Leve ,57.0,Masculino
83225272,27/07/2014,RN,304,MOSSORO,Ingestão de álcool,Colisão traseira,Com Vítimas Feridas,Pleno dia,Ceu Claro,Dupla   ,Urbano,Automóvel,Ferido Leve ,46.0,Feminino
83225291,22/07/2014,RN,101,SAO GONCALO DO AMARANTE,Falta de atenção,Tombamento,Sem Vítimas        ,Pleno dia,Ceu Claro,Simples ,Urbano,Motocicletas,Ileso       ,23.0,Masculino
83225297,26/07/2014,RN,226,NATAL,Falta de atenção,Colisão traseira,Sem Vítimas        ,Pleno dia,Ceu Claro,Dupla   ,Urbano,Automóvel,Ileso       ,30.0,Masculino
83225297,26/07/2014,RN,226,NATAL,Falta de atenção,Colisão traseira,Sem Vítimas        ,Pleno dia,Ceu Claro,Dupla   ,Urbano,Automóvel,Ileso       ,-1.0,Inválido
83225384,25/07/2014,RN,226,CAMPO REDONDO,Não guardar distância de segurança,Colisão traseira,Sem Vítimas        ,Anoitecer,Ceu Claro,Simples ,Rural ,Automóvel,Ileso       ,27.0,Masculino
83225384,25/07/2014,RN,226,CAMPO REDONDO,Não guardar distância de segurança,Colisão traseira,Sem Vítimas        ,Anoitecer,Ceu Claro,Simples ,Rural ,Automóvel,Ileso       ,63.0,Masculino
83225392,30/07/2014,RN,101,NATAL,Falta de atenção,Colisão traseira,Sem Vítimas        ,Pleno dia,Ceu Claro,Dupla   ,Urbano,Automóvel,Ileso       ,38.0,Feminino
83225392,30/07/2014,RN,101,NATAL,Falta de atenção,Colisão traseira,Sem Vítimas        ,Pleno dia,Ceu Claro,Dupla   ,Urbano,Automóvel,Ileso       ,34.0,Masculino
83225449,28/07/2014,RN,427,CAICO,Defeito mecânico em veículo,Queda de motocicleta / bicicleta / veículo,Com Vítimas Fatais ,Pleno dia,Ceu Claro,Simples ,Rural ,Camioneta,Ileso       ,65.0,Masculino
83225449,28/07/2014,RN,427,CAICO,Defeito mecânico em veículo,Queda de motocicleta / bicicleta / veículo,Com Vítimas Fatais ,Pleno dia,Ceu Claro,Simples ,Rural ,Camioneta,Ferido Leve ,-1.0,Feminino
83225449,28/07/2014,RN,427,CAICO,Defeito mecânico em veículo,Queda de motocicleta / bicicleta / veículo,Com Vítimas Fatais ,Pleno dia,Ceu Claro,Simples ,Rural ,Camioneta,Morto       ,60.0,Feminino
83225590,30/07/2014,RN,101,PARNAMIRIM,Não guardar distância de segurança,Colisão traseira,Sem Vítimas        ,Plena noite,Ceu Claro,Dupla   ,Urbano,Camioneta,Ileso       ,46.0,Masculino
83225590,30/07/2014,RN,101,PARNAMIRIM,Não guardar distância de segurança,Colisão traseira,Sem Vítimas        ,Plena noite,Ceu Claro,Dupla   ,Urbano,Automóvel,Ileso       ,30.0,Masculino
83225614,30/07/2014,RN,101,NATAL,Falta de atenção,Colisão traseira,Sem Vítimas        ,Plena noite,Ceu Claro,Múltipla,Urbano,Automóvel,Ileso       ,21.0,Masculino
83225614,30/07/2014,RN,101,NATAL,Falta de atenção,Colisão traseira,Sem Vítimas        ,Plena noite,Ceu Claro,Múltipla,Urbano,Automóvel,Ileso       ,55.0,Masculino
83225614,30/07/2014,RN,101,NATAL,Falta de atenção,Colisão traseira,Sem Vítimas        ,Plena noite,Ceu Claro,Múltipla,Urbano,Automóvel,Ileso       ,35.0,Feminino
83225614,30/07/2014,RN,101,NATAL,Falta de atenção,Colisão traseira,Sem Vítimas        ,Plena noite,Ceu Claro,Múltipla,Urbano,Automóvel,Ignorado    ,-1.0,Masculino
83225621,30/07/2014,RN,101,PARNAMIRIM,Falta de atenção,Colisão Transversal,Com Vítimas Feridas,Anoitecer,Nublado,Dupla   ,Urbano,Motocicletas,Ferido Leve ,23.0,Masculino
83225621,30/07/2014,RN,101,PARNAMIRIM,Falta de atenção,Colisão Transversal,Com Vítimas Feridas,Anoitecer,Nublado,Dupla   ,Urbano,Automóvel,Ileso       ,34.0,Feminino
83225621,30/07/2014,RN,101,PARNAMIRIM,Falta de atenção,Colisão Transversal,Com Vítimas Feridas,Anoitecer,Nublado,Dupla   ,Urbano,Automóvel,Ileso       ,36.0,Masculino
83225621,30/07/2014,RN,101,PARNAMIRIM,Falta de atenção,Colisão Transversal,Com Vítimas Feridas,Anoitecer,Nublado,Dupla   ,Urbano,Motocicletas,Ignorado    ,-1.0,Masculino
83225730,26/07/2014,RN,304,MACAIBA,Ultrapassagem indevida,Colisão frontal,Com Vítimas Fatais ,Anoitecer,Ceu Claro,Simples ,Rural ,Motocicletas,Morto       ,28.0,Masculino
83225730,26/07/2014,RN,304,MACAIBA,Ultrapassagem indevida,Colisão frontal,Com Vítimas Fatais ,Anoitecer,Ceu Claro,Simples ,Rural ,Automóvel,Ferido Leve ,27.0,Masculino
83225762,29/07/2014,RN,101,NATAL,Falta de atenção,Colisão lateral,Sem Vítimas        ,Pleno dia,Sol,Dupla   ,Urbano,Utilitário,Ileso       ,30.0,Masculino
83225762,29/07/2014,RN,101,NATAL,Falta de atenção,Colisão lateral,Sem Vítimas        ,Pleno dia,Sol,Dupla   ,Urbano,Ônibus,Ileso       ,27.0,Masculino
83225787,04/05/2014,RN,304,RIACHUELO,Ultrapassagem indevida,Colisão Transversal,Com Vítimas Feridas,Plena noite,Ceu Claro,Simples ,Rural ,Automóvel,Ileso       ,30.0,Masculino
83225787,04/05/2014,RN,304,RIACHUELO,Ultrapassagem indevida,Colisão Transversal,Com Vítimas Feridas,Plena noite,Ceu Claro,Simples ,Rural ,Motocicletas,Ferido Grave,32.0,Masculino
83225787,04/05/2014,RN,304,RIACHUELO,Ultrapassagem indevida,Colisão Transversal,Com Vítimas Feridas,Plena noite,Ceu Claro,Simples ,Rural ,Motocicletas,Ferido Grave,35.0,Feminino
83225854,31/07/2014,RN,304,SANTA MARIA,Falta de atenção,Capotamento,Sem Vítimas        ,Pleno dia,Sol,Simples ,Rural ,Automóvel,Ileso       ,26.0,Feminino
83225878,28/07/2014,RN,405,MOSSORO,Velocidade incompatível,Colisão lateral,Com Vítimas Feridas,Pleno dia,Sol,Dupla   ,Urbano,Ciclomotor,Ferido Grave,-1.0,Masculino
83225878,28/07/2014,RN,405,MOSSORO,Velocidade incompatível,Colisão lateral,Com Vítimas Feridas,Pleno dia,Sol,Dupla   ,Urbano,Caminhonete,Ileso       ,-1.0,Masculino
83225878,28/07/2014,RN,405,MOSSORO,Velocidade incompatível,Colisão lateral,Com Vítimas Feridas,Pleno dia,Sol,Dupla   ,Urbano,Ciclomotor,Ferido Leve ,-1.0,Feminino
83225912,31/07/2014,RN,304,MACAIBA,Dormindo,Colisão com bicicleta,Com Vítimas Feridas,Pleno dia,Chuva,Dupla   ,Urbano,Caminhão-Trator,Ileso       ,44.0,Masculino