id,data_inversa,uf,br,municipio,causa_acidente,tipo_acidente,classificacao_acidente,fase_dia,condicao_metereologica,tipo_pista,uso_solo,tipo_veiculo,estado_fisico,idade,sexo
83262852,18/10/2014,RN,226,CAMPO REDONDO,Animais na Pista,Saída de Pista,Sem Vítimas        ,Plena noite,Ceu Claro,Simples ,Rural ,Automóvel,Ileso       ,-1.0,Feminino
83262875,18/10/2014,RN,101,NATAL,Outras,Colisão traseira,Com Vítimas Feridas,Pleno dia,Ceu Claro,Dupla   ,Urbano,Motocicletas,Ileso       ,29.0,Masculino
83262875,18/10/2014,RN,101,NATAL,Outras,Colisão traseira,Com Vítimas Feridas,Pleno dia,Ceu Claro,Dupla   ,Urbano,Motocicletas,Ferido Grave,-1.0,Feminino
83262875,18/10/2014,RN,101,NATAL,Outras,Colisão traseira,Com Vítimas Feridas,Pleno dia,Ceu Claro,Dupla   ,Urbano,Automóvel,Ileso       ,38.0,Masculino
83262964,18/10/2014,RN,226,CURRAIS NOVOS,Ingestão de álcool,Saída de Pista,Com Vítimas Feridas,Plena noite,Ceu Claro,Simples ,Rural ,Automóvel,Ileso       ,25.0,Masculino
83262964,18/10/2014,RN,226,CURRAIS NOVOS,Ingestão de álcool,Saída de Pista,Com Vítimas Feridas,Plena noite,Ceu Claro,Simples ,Rural ,Automóvel,Ferido Leve ,19.0,Masculino
83262973,18/10/2014,RN,226,MESSIAS TARGINO,Falta de atenção,Colisão Transversal,Com Vítimas Fatais ,Pleno dia,Sol,Simples ,Urbano,Motocicletas,Morto       ,57.0,Masculino
83262973,18/10/2014,RN,226,MESSIAS TARGINO,Falta de atenção,Colisão Transversal,Com Vítimas Fatais ,Pleno dia,Sol,Simples ,Urbano,Caminhão,Ileso       ,28.0,Masculino
83262973,18/10/2014,RN,226,MESSIAS TARGINO,Falta de atenção,Colisão Transversal,Com Vítimas Fatais ,Pleno dia,Sol,Simples ,Urbano,Caminhão,Ileso       ,43.0,Masculino
83262977,19/10/2014,RN,101,NATAL,Ingestão de álcool,Colisão traseira,Com Vítimas Feridas,Plena noite,Ignorada,Dupla   ,Urbano,Automóvel,Ferido Leve ,,
83262977,19/10/2014,RN,101,NATAL,Ingestão de álcool,Colisão traseira,Com Vítimas Feridas,Plena noite,Ignorada,Dupla   ,Urbano,Automóvel,Ileso       ,,
83262977,19/10/2014,RN,101,NATAL,Ingestão de álcool,Colisão traseira,Com Vítimas Feridas,Plena noite,Ignorada,Dupla   ,Urbano,Automóvel,Ferido Leve ,,
83262977,19/10/2014,RN,101,NATAL,Ingestão de álcool,Colisão traseira,Com Vítimas Feridas,Plena noite,Ignorada,Dupla   ,Urbano,Automóvel,Ferido Leve ,,
83263090,19/10/2014,RN,304,MOSSORO,Falta de atenção,Colisão Transversal,Com Vítimas Feridas,Pleno dia,Ceu Claro,Simples ,Rural ,Caminhonete,Ileso       ,40.0,Masculino
83263090,19/10/2014,RN,304,MOSSORO,Falta de atenção,Colisão Transversal,Com Vítimas Feridas,Pleno dia,Ceu Claro,Simples ,Rural ,Caminhonete,Ferido Leve ,28.0,Feminino
83263090,19/10/2014,RN,304,MOSSORO,Falta de atenção,Colisão Transversal,Com Vítimas Feridas,Pleno dia,Ceu Claro,Simples ,Rural ,Caminhonete,Ferido Leve ,9.0,Feminino
83263090,19/10/2014,RN,304,MOSSORO,Falta de atenção,Colisão Transversal,Com Vítimas Feridas,Pleno dia,Ceu Claro,Simples ,Rural ,Caminhonete,Ileso       ,57.0,Masculino
83263090,19/10/2014,RN,304,MOSSORO,Falta de atenção,Colisão Transversal,Com Vítimas Feridas,Pleno dia,Ceu Claro,Simples ,Rural ,Automóvel,Ileso       ,33.0,Masculino
83263090,19/10/2014,RN,304,MOSSORO,Falta de atenção,Colisão Transversal,Com Vítimas Feridas,Pleno dia,Ceu Claro,Simples ,Rural ,Automóvel,Ileso       ,28.0,Feminino
83263148,19/10/2014,RN,101,NATAL,Velocidade incompatível,Colisão traseira,Sem Vítimas        ,Pleno dia,Ceu Claro,Dupla   ,Urbano,Caminhonete,Ileso       ,46.0,Masculino
83263148,19/10/2014,RN,101,NATAL,Velocidade incompatível,Colisão traseira,Sem Vítimas        ,Pleno dia,Ceu Claro,Dupla   ,Urbano,Automóvel,Ileso       ,19.0,Masculino
83263252,15/10/2014,RN,101,NATAL,Falta de atenção,Colisão lateral,Com Vítimas Feridas,Pleno dia,Ceu Claro,Múltipla,Urbano,Motocicletas,Ferido Leve ,30.0,Masculino
83263252,15/10/2014,RN,101,NATAL,Falta de atenção,Colisão lateral,Com Vítimas Feridas,Pleno dia,Ceu Claro,Múltipla,Urbano,Automóvel,Ignorado    ,-1.0,Masculino
83263339,19/10/2014,RN,101,PARNAMIRIM,Não guardar distância de segurança,Colisão traseira,Sem Vítimas        ,Pleno dia,Ceu Claro,Dupla   ,Urbano,Caminhonete,Ileso       ,52.0,Masculino
83263339,19/10/2014,RN,101,PARNAMIRIM,Não guardar distância de segurança,Colisão traseira,Sem Vítimas        ,Pleno dia,Ceu Claro,Dupla   ,Urbano,Automóvel,Ileso       ,27.0,Masculino
83263694,20/10/2014,RN,101,PARNAMIRIM,Outras,Colisão lateral,Sem Vítimas        ,Anoitecer,Ceu Claro,Dupla   ,Urbano,Caminhonete,Ileso       ,51.0,Masculino
83263694,20/10/2014,RN,101,PARNAMIRIM,Outras,Colisão lateral,Sem Vítimas        ,Anoitecer,Ceu Claro,Dupla   ,Urbano,Automóvel,Ileso       ,43.0,Masculino
83263782,20/10/2014,RN,304,MOSSORO,Desobediência à sinalização,Colisão lateral,Com Vítimas Feridas,Pleno dia,Sol,Dupla   ,Rural ,Automóvel,Ileso       ,30.0,Masculino
83263782,20/10/2014,RN,304,MOSSORO,Desobediência à sinalização,Colisão lateral,Com Vítimas Feridas,Pleno dia,Sol,Dupla   ,Rural ,Ciclomotor,Ferido Leve ,60.0,Masculino
83263782,20/10/2014,RN,304,MOSSORO,Desobediência à sinalização,Colisão lateral,Com Vítimas Feridas,Pleno dia,Sol,Dupla   ,Rural ,Ciclomotor,Ferido Leve ,7.0,Feminino
83263788,20/10/2014,RN,101,SAO GONCALO DO AMARANTE,Não guardar distância de segurança,Colisão traseira,Sem Vítimas        ,Pleno dia,Sol,Dupla   ,Urbano,Automóvel,Ileso       ,25.0,Masculino
83263788,20/10/2014,RN,101,SAO GONCALO DO AMARANTE,Não guardar distância de segurança,Colisão traseira,Sem Vítimas        ,Pleno dia,Sol,Dupla   ,Urbano,Automóvel,Ignorado    ,-1.0,Masculino
83263792,30/09/2014,RN,406,CEARA-MIRIM,Outras,Colisão traseira,Com Vítimas Fatais ,Plena noite,Ceu Claro,Simples ,Rural ,Utilitário,Ileso       ,38.0,Masculino
83263792,30/09/2014,RN,406,CEARA-MIRIM,Outras,Colisão traseira,Com Vítimas Fatais ,Plena noite,Ceu Claro,Simples ,Rural ,Motocicletas,Morto       ,26.0,Masculino
83263792,30/09/2014,RN,406,CEARA-MIRIM,Outras,Colisão traseira,Com Vítimas Fatais ,Plena noite,Ceu Claro,Simples ,Rural ,Motocicletas,Morto       ,16.0,Masculino
83263802,20/10/2014,RN,101,NATAL,Falta de atenção,Colisão lateral,Sem Vítimas        ,Pleno dia,Ceu Claro,Dupla   ,Urbano,Camioneta,Ileso       ,49.0,Masculino
83263802,20/10/2014,RN,101,NATAL,Falta de atenção,Colisão lateral,Sem Vítimas        ,Pleno dia,Ceu Claro,Dupla   ,Urbano,Motoneta,Ileso       ,19.0,Masculino
83263811,20/10/2014,RN,101,NATAL,Falta de atenção,Colisão traseira,Sem Vítimas        ,Plena noite,Ceu Claro,Múltipla,Urbano,Automóvel,Ileso       ,39.0,Masculino
83263811,20/10/2014,RN,101,NATAL,Falta de atenção,Colisão traseira,Sem Vítimas        ,Plena noite,Ceu Claro,Múltipla,Urbano,Automóvel,Ileso       ,23.0,Masculino
83263826,20/10/2014,RN,226,MACAIBA,Ultrapassagem indevida,Colisão lateral,Sem Vítimas        ,Plena noite,Ceu Claro,Simples ,Urbano,Automóvel,Ileso       ,39.0,Masculino
83263826,20/10/2014,RN,226,MACAIBA,Ultrapassagem indevida,Colisão lateral,Sem Vítimas        ,Plena noite,Ceu Claro,Simples ,Urbano,Caminhão-Trator,Ileso       ,53.0,Masculino
83263830,17/10/2014,RN,101,NATAL,Não guardar distância de segurança,Colisão traseira,Sem Vítimas        ,Pleno dia,Ceu Claro,Dupla   ,Urbano,Caminhonete,Ileso       ,34.0,Masculino
83263830,17/10/2014,RN,101,NATAL,Não guardar distância de segurança,Colisão traseira,Sem Vítimas        ,Pleno dia,Ceu Claro,Dupla   ,Urbano,Automóvel,Ileso       ,26.0,Feminino
83263838,20/10/2014,RN,110,MOSSORO,Falta de atenção,Colisão traseira,Sem Vítimas        ,Anoitecer,Ignorada,Simples ,Urbano,Automóvel,Ileso       ,36.0,Masculino
83263838,20/10/2014,RN,110,MOSSORO,Falta de atenção,Colisão traseira,Sem Vítimas        ,Anoitecer,Ignorada,Simples ,Urbano,Automóvel,Ileso       ,28.0,Masculino
83263838,20/10/2014,RN,110,MOSSORO,Falta de atenção,Colisão traseira,Sem Vítimas        ,Anoitecer,Ignorada,Simples ,Urbano,Não identificado,Ignorado    ,-1.0,Inválido
83263867,18/10/2014,RN,101,PARNAMIRIM,Outras,Colisão com objeto fixo,Ignorado           ,Amanhecer,Ceu Claro,Dupla   ,Urbano,Caminhonete,Ignorado    ,-1.0,Inválido
83263884,20/10/2014,RN,101,PARNAMIRIM,Outras,Colisão Transversal,Sem Vítimas        ,Plena noite,Ceu Claro,Dupla   ,Urbano,Caminhonete,Ileso       ,33.0,Feminino
83263884,20/10/2014,RN,101,PARNAMIRIM,Outras,Colisão Transversal,Sem Vítimas        ,Plena noite,Ceu Claro,Dupla   ,Urbano,Motocicletas,Ignorado    ,-1.0,Inválido
83263998,17/10/2014,RN,101,PARNAMIRIM,Falta de atenção,Colisão lateral,Com Vítimas Feridas,Pleno dia,Ceu Claro,Dupla   ,Urbano,Motocicletas,Ferido Leve ,-1.0,Masculino
83263998,17/10/2014,RN,101,PARNAMIRIM,Falta de atenção,Colisão lateral,Com Vítimas Feridas,Pleno dia,Ceu Claro,Dupla   ,Urbano,Caminhonete,Ileso       ,-1.0,Masculino
83264075,09/05/2014,RN,304,RIACHUELO,Outras,Colisão traseira,Sem Vítimas        ,Pleno dia,Ceu Claro,Simples ,Rural ,Automóvel,Ileso       ,61.0,Masculino
83264075,09/05/2014,RN,304,RIACHUELO,Outras,Colisão traseira,Sem Vítimas        ,Pleno dia,Ceu Claro,Simples ,Rural ,Caminhão,Ignorado    ,-1.0,Inválido
83264091,05/05/2014,RN,101,NATAL,Falta de atenção,Colisão lateral,Sem Vítimas        ,Plena noite,Ceu Claro,Dupla   ,Urbano,Automóvel,Ileso       ,38.0,Masculino
83264091,05/05/2014,RN,101,NATAL,Falta de atenção,Colisão lateral,Sem Vítimas        ,Plena noite,Ceu Claro,Dupla   ,Urbano,Automóvel,Ileso       ,61.0,Masculino
83264256,21/10/2014,RN,226,PAU DOS FERROS,Dormindo,Saída de Pista,Com Vítimas Feridas,Amanhecer,Ceu Claro,Simples ,Rural ,Caminhonete,Ferido Grave,-1.0,Masculino
83264256,21/10/2014,RN,226,PAU DOS FERROS,Dormindo,Saída de Pista,Com Vítimas Feridas,Amanhecer,Ceu Claro,Simples ,Rural ,Caminhonete,Ferido Leve ,-1.0,Masculino
83264328,18/10/2014,RN,226,NATAL,Ingestão de álcool,Colisão lateral,Com Vítimas Feridas,Pleno dia,Sol,Dupla   ,Urbano,Automóvel,Ileso       ,48.0,Masculino
83264328,18/10/2014,RN,226,NATAL,Ingestão de álcool,Colisão lateral,Com Vítimas Feridas,Pleno dia,Sol,Dupla   ,Urbano,Motocicletas,Ferido Leve ,29.0,Masculino
83264398,21/10/2014,RN,101,NATAL,Falta de atenção,Colisão Transversal,Sem Vítimas        ,Plena noite,Ceu Claro,Múltipla,Urbano,Automóvel,Ileso       ,31.0,Masculino
83264398,21/10/2014,RN,101,NATAL,Falta de atenção,Colisão Transversal,Sem Vítimas        ,Plena noite,Ceu Claro,Múltipla,Urbano,Automóvel,Ileso       ,20.0,Masculino
83264411,21/10/2014,RN,427,CAICO,Animais na Pista,Atropelamento de animal,Com Vítimas Feridas,Plena noite,Ceu Claro,Simples ,Rural ,Motocicletas,Ferido Grave,25.0,Masculino
83264417,21/10/2014,RN,405,APODI,Outras,Saída de Pista,Com Vítimas Feridas,Plena noite,Ceu Claro,Simples ,Rural ,Automóvel,Ferido Leve ,45.0,Masculino
83264417,21/10/2014,RN,405,APODI,Outras,Saída de Pista,Com Vítimas Feridas,Plena noite,Ceu Claro,Simples ,Rural ,Automóvel,Ferido Leve ,41.0,Feminino
83264542,14/10/2014,RN,406,JOAO CAMARA,Falta de atenção,Colisão lateral,Sem Vítimas        ,Plena noite,Ceu Claro,Simples ,Urbano,Automóvel,Ileso       ,31.0,Masculino
83264542,14/10/2014,RN,406,JOAO CAMARA,Falta de atenção,Colisão lateral,Sem Vítimas        ,Plena noite,Ceu Claro,Simples ,Urbano,Motocicletas,Ignorado    ,-1.0,Inválido
83264601,22/10/2014,RN,101,NATAL,Não guardar distância de segurança,Colisão lateral,Sem Vítimas        ,Pleno dia,Sol,Dupla   ,Urbano,Automóvel,Ileso       ,31.0,Feminino
83264601,22/10/2014,RN,101,NATAL,Não guardar distância de segurança,Colisão lateral,Sem Vítimas        ,Pleno dia,Sol,Dupla   ,Urbano,Automóvel,Ileso       ,53.0,Masculino
83264678,19/10/2014,RN,304,ASSU,Falta de atenção,Saída de Pista,Com Vítimas Feridas,Amanhecer,Ceu Claro,Simples ,Rural ,Caminhão,Ferido Leve ,38.0,Masculino
83264681,23/09/2014,RN,101,NATAL,Não guardar distância de segurança,Colisão traseira,Sem Vítimas        ,Pleno dia,Sol,Dupla   ,Urbano,Automóvel,Ileso       ,-1.0,Masculino
83264681,23/09/2014,RN,101,NATAL,Não guardar distância de segurança,Colisão traseira,Sem Vítimas        ,Pleno dia,Sol,Dupla   ,Urbano,Caminhonete,Ileso       ,25.0,Masculino
83264681,23/09/2014,RN,101,NATAL,Não guardar distância de segurança,Colisão traseira,Sem Vítimas        ,Pleno dia,Sol,Dupla   ,Urbano,Automóvel,Ileso       ,-1.0,Masculino
83264721,22/10/2014,RN,304,MOSSORO,Outras,Incêndio,Sem Vítimas        ,Pleno dia,Sol,Dupla   ,Urbano,Caminhão-Trator,Ileso       ,32.0,Masculino
83264910,22/10/2014,RN,101,NATAL,Não guardar distância de segurança,Colisão traseira,Sem Vítimas        ,Plena noite,Ceu Claro,Dupla   ,Urbano,Automóvel,Ileso       ,34.0,Masculino
83264910,22/10/2014,RN,101,NATAL,Não guardar distância de segurança,Colisão traseira,Sem Vítimas        ,Plena noite,Ceu Claro,Dupla   ,Urbano,Automóvel,Ileso       ,55.0,Masculino
83264910,22/10/2014,RN,101,NATAL,Não guardar distância de segurança,Colisão traseira,Sem Vítimas        ,Plena noite,Ceu Claro,Dupla   ,Urbano,Automóvel,Ileso       ,47.0,Masculino
83264987,20/10/2014,RN,406,SAO GONCALO DO AMARANTE,Falta de atenção,Colisão frontal,Sem Vítimas        ,Pleno dia,Ceu Claro,Simples ,Rural ,Automóvel,Ileso       ,56.0,Masculino
83264987,20/10/2014,RN,406,SAO GONCALO DO AMARANTE,Falta de atenção,Colisão frontal,Sem Vítimas        ,Pleno dia,Ceu Claro,Simples ,Rural ,Automóvel,Ileso       ,45.0,Masculino
83265006,23/10/2014,RN,304,MOSSORO,Falta de atenção,Colisão traseira,Sem Vítimas        ,Pleno dia,Ceu Claro,Dupla   ,Urbano,Caminhonete,Ileso       ,34.0,Masculino
83265006,23/10/2014,RN,304,MOSSORO,Falta de atenção,Colisão traseira,Sem Vítimas        ,Pleno dia,Ceu Claro,Dupla   ,Urbano,Não identificado,Ignorado    ,-1.0,Inválido
83265010,23/10/2014,RN,101,SAO GONCALO DO AMARANTE,Ultrapassagem indevida,Colisão lateral,Com Vítimas Feridas,Pleno dia,Ceu Claro,Simples ,Urbano,Automóvel,Ileso       ,28.0,Masculino
83265010,23/10/2014,RN,101,SAO GONCALO DO AMARANTE,Ultrapassagem indevida,Colisão lateral,Com Vítimas Feridas,Pleno dia,Ceu Claro,Simples ,Urbano,Motocicletas,Ferido Grave,49.0,Masculino
83265086,10/10/2014,RN,101,PARNAMIRIM,Não guardar distância de segurança,Colisão traseira,Sem Vítimas        ,Pleno dia,Ceu Claro,Dupla   ,Urbano,Automóvel,Ileso       ,-1.0,Masculino
83265086,10/10/2014,RN,101,PARNAMIRIM,Não guardar distância de segurança,Colisão traseira,Sem Vítimas        ,Pleno dia,Ceu Claro,Dupla   ,Urbano,Automóvel,Ileso       ,-1.0,Masculino
83265088,22/10/2014,RN,101,PARNAMIRIM,Falta de atenção,Colisão traseira,Com Vítimas Feridas,Pleno dia,Sol,Dupla   ,Urbano,Motocicletas,Ferido Leve ,32.0,Masculino
83265088,22/10/2014,RN,101,PARNAMIRIM,Falta de atenção,Colisão traseira,Com Vítimas Feridas,Pleno dia,Sol,Dupla   ,Urbano,Motocicletas,Ferido Leve ,19.0,Masculino
83265088,22/10/2014,RN,101,PARNAMIRIM,Falta de atenção,Colisão traseira,Com Vítimas Feridas,Pleno dia,Sol,Dupla   ,Urbano,Automóvel,Ileso       ,34.0,Masculino
83265088,22/10/2014,RN,101,PARNAMIRIM,Falta de atenção,Colisão traseira,Com Vítimas Feridas,Pleno dia,Sol,Dupla   ,Urbano,Caminhão-Trator,Ileso       ,44.0,Masculino
83265088,22/10/2014,RN,101,PARNAMIRIM,Falta de atenção,Colisão traseira,Com Vítimas Feridas,Pleno dia,Sol,Dupla   ,Urbano,Semi-Reboque,Ignorado    ,-1.0,Inválido
83265090,23/10/2014,RN,101,SAO GONCALO DO AMARANTE,Outras,Colisão Transversal,Sem Vítimas        ,Pleno dia,Sol,Dupla   ,Urbano,Ônibus,Ileso       ,32.0,Masculino
83265090,23/10/2014,RN,101,SAO GONCALO DO AMARANTE,Outras,Colisão Transversal,Sem Vítimas        ,Pleno dia,Sol,Dupla   ,Urbano,Automóvel,Ileso       ,29.0,Masculino
83265094,23/10/2014,RN,226,CURRAIS NOVOS,Falta de atenção,Colisão lateral,Sem Vítimas        ,Pleno dia,Sol,Dupla   ,Urbano,Automóvel,Ileso       ,29.0,Masculino
83265094,23/10/2014,RN,226,CURRAIS NOVOS,Falta de atenção,Colisão lateral,Sem Vítimas        ,Pleno dia,Sol,Dupla   ,Urbano,Ônibus,Ileso       ,54.0,Masculino
83265117,24/01/2014,RN,304,MOSSORO,Animais na Pista,Atropelamento de animal,Sem Vítimas        ,Plena noite,Ceu Claro,Simples ,Rural ,Automóvel,Ileso       ,43.0,Masculino
83265121,10/10/2014,RN,101,PARNAMIRIM,Falta de atenção,Colisão traseira,Com Vítimas Feridas,Plena noite,Ceu Claro,Dupla   ,Urbano,Motocicletas,Ferido Leve ,-1.0,Masculino
83265121,10/10/2014,RN,101,PARNAMIRIM,Falta de atenção,Colisão traseira,Com Vítimas Feridas,Plena noite,Ceu Claro,Dupla   ,Urbano,Motocicletas,Ferido Leve ,-1.0,Masculino
83265145,23/10/2014,RN,304,MOSSORO,Não guardar distância de segurança,Colisão traseira,Sem Vítimas        ,Pleno dia,Ceu Claro,Simples ,Urbano,Automóvel,Ileso       ,27.0,Masculino
83265145,23/10/2014,RN,304,MOSSORO,Não guardar distância de segurança,Colisão traseira,Sem Vítimas        ,Pleno dia,Ceu Claro,Simples ,Urbano,Caminhonete,Ileso       ,34.0,Masculino
83265294,23/10/2014,RN,406,SAO GONCALO DO AMARANTE,Ultrapassagem indevida,Colisão frontal,Com Vítimas Fatais ,Plena noite,Sol,Simples ,Urbano,Caminhão,Ileso       ,29.0,Masculino
83265294,23/10/2014,RN,406,SAO GONCALO DO AMARANTE,Ultrapassagem indevida,Colisão frontal,Com Vítimas Fatais ,Plena noite,Sol,Simples ,Urbano,Motocicletas,Morto       ,31.0,Masculino
83265360,23/10/2014,RN,101,NATAL,Outras,Atropelamento de pessoa,Com Vítimas Feridas,Pleno dia,Ceu Claro,Múltipla,Urbano,Automóvel,Ileso       ,21.0,Feminino
83265360,23/10/2014,RN,101,NATAL,Outras,Atropelamento de pessoa,Com Vítimas Feridas,Pleno dia,Ceu Claro,Múltipla,Urbano,(null),Ferido Leve ,53.0,Masculino
83265411,12/10/2014,RN,304,MACAIBA,Falta de atenção,Colisão traseira,Sem Vítimas        ,Pleno dia,Nublado,Simples ,Urbano,Automóvel,Ileso       ,29.0,Masculino
83265411,12/10/2014,RN,304,MACAIBA,Falta de atenção,Colisão traseira,Sem Vítimas        ,Pleno dia,Nublado,Simples ,Urbano,Automóvel,Ileso       ,44.0,Feminino
83265414,24/10/2014,RN,101,SAO GONCALO DO AMARANTE,Falta de atenção,Colisão Transversal,Sem Vítimas        ,Pleno dia,Ceu Claro,Simples ,Urbano,Microônibus,Ileso       ,53.0,Masculino
83265414,24/10/2014,RN,101,SAO GONCALO DO AMARANTE,Falta de atenção,Colisão Transversal,Sem Vítimas        ,Pleno dia,Ceu Claro,Simples ,Urbano,Motocicletas,Ileso       ,-1.0,Masculino
83265477,24/10/2014,RN,101,NATAL,Outras,Colisão traseira,Sem Vítimas        ,Pleno dia,Ceu Claro,Múltipla,Urbano,Caminhonete,Ileso       ,42.0,Masculino
83265477,24/10/2014,RN,101,NATAL,Outras,Colisão traseira,Sem Vítimas        ,Pleno dia,Ceu Claro,Múltipla,Urbano,Automóvel,Ileso       ,25.0,Masculino
83265477,24/10/2014,RN,101,NATAL,Outras,Colisão traseira,Sem Vítimas        ,Pleno dia,Ceu Claro,Múltipla,Urbano,Motocicletas,Ileso       ,43.0,Masculino
83265648,24/10/2014,RN,101,PARNAMIRIM,Não guardar distância de segurança,Colisão traseira,Sem Vítimas        ,Pleno dia,Ceu Claro,Dupla   ,Urbano,Automóvel,Ileso       ,27.0,Feminino
83265648,24/10/2014,RN,101,PARNAMIRIM,Não guardar distância de segurança,Colisão traseira,Sem Vítimas        ,Pleno dia,Ceu Claro,Dupla   ,Urbano,Automóvel,Ileso       ,21.0,Masculino
83265648,24/10/2014,RN,101,PARNAMIRIM,Não guardar distância de segurança,Colisão traseira,Sem Vítimas        ,Pleno dia,Ceu Claro,Dupla   ,Urbano,Automóvel,Ileso       ,29.0,Masculino
83265660,24/10/2014,RN,101,NATAL,Não guardar distância de segurança,Colisão traseira,Sem Vítimas        ,Pleno dia,Ceu Claro,Dupla   ,Urbano,Ciclomotor,Ileso       ,23.0,Masculino
83265660,24/10/2014,RN,101,NATAL,Não guardar distância de segurança,Colisão traseira,Sem Vítimas        ,Pleno dia,Ceu Claro,Dupla   ,Urbano,Automóvel,Ileso       ,26.0,Feminino
83265744,24/10/2014,RN,406,JOAO CAMARA,Outras,Colisão frontal,Com Vítimas Feridas,Plena noite,Ceu Claro,Simples ,Urbano,Motocicletas,Ferido Leve ,57.0,Masculino
83265744,24/10/2014,RN,406,JOAO CAMARA,Outras,Colisão frontal,Com Vítimas Feridas,Plena noite,Ceu Claro,Simples ,Urbano,Automóvel,Ileso       ,22.0,Masculino
83265744,24/10/2014,RN,406,JOAO CAMARA,Outras,Colisão frontal,Com Vítimas Feridas,Plena noite,Ceu Claro,Simples ,Urbano,Motocicletas,Ferido Leve ,22.0,Feminino
83265913,25/10/2014,RN,304,MOSSORO,Outras,Colisão com objeto fixo,Com Vítimas Fatais ,Pleno dia,Ceu Claro,Simples ,Rural ,Motoneta,Morto       ,25.0,Masculino
83265913,25/10/2014,RN,304,MOSSORO,Outras,Colisão com objeto fixo,Com Vítimas Fatais ,Pleno dia,Ceu Claro,Simples ,Rural ,Automóvel,Ileso       ,51.0,Masculino
83265982,25/10/2014,RN,101,PARNAMIRIM,Não guardar distância de segurança,Colisão traseira,Sem Vítimas        ,Pleno dia,Ceu Claro,Dupla   ,Urbano,Automóvel,Ileso       ,33.0,Feminino
83265982,25/10/2014,RN,101,PARNAMIRIM,Não guardar distância de segurança,Colisão traseira,Sem Vítimas        ,Pleno dia,Ceu Claro,Dupla   ,Urbano,Automóvel,Ileso       ,54.0,Masculino
83265991,25/10/2014,RN,304,MOSSORO,Outras,Colisão traseira,Com Vítimas Feridas,Pleno dia,Ceu Claro,Dupla   ,Urbano,Automóvel,Ileso       ,60.0,Masculino
83265991,25/10/2014,RN,304,MOSSORO,Outras,Colisão traseira,Com Vítimas Feridas,Pleno dia,Ceu Claro,Dupla   ,Urbano,Motoneta,Ferido Leve ,57.0,Masculino
83265991,25/10/2014,RN,304,MOSSORO,Outras,Colisão traseira,Com Vítimas Feridas,Pleno dia,Ceu Claro,Dupla   ,Urbano,Motoneta,Ferido Leve ,-1.0,Masculino
83266023,25/10/2014,RN,101,SAO GONCALO DO AMARANTE,Falta de atenção,Colisão traseira,Sem Vítimas        ,Pleno dia,Ceu Claro,Simples ,Urbano,Automóvel,Ileso       ,23.0,Masculino
83266023,25/10/2014,RN,101,SAO GONCALO DO AMARANTE,Falta de atenção,Colisão traseira,Sem Vítimas        ,Pleno dia,Ceu Claro,Simples ,Urbano,Automóvel,Ileso       ,34.0,Masculino
83266030,22/10/2014,RN,406,SAO GONCALO DO AMARANTE,Falta de atenção,Colisão traseira,Sem Vítimas        ,Pleno dia,Ceu Claro,Simples ,Rural ,Automóvel,Ileso       ,43.0,Masculino
83266030,22/10/2014,RN,406,SAO GONCALO DO AMARANTE,Falta de atenção,Colisão traseira,Sem Vítimas        ,Pleno dia,Ceu Claro,Simples ,Rural ,Automóvel,Ileso       ,32.0,Masculino
83266084,25/10/2014,RN,304,SANTA MARIA,Outras,Capotamento,Sem Vítimas        ,Pleno dia,Ceu Claro,Simples ,Rural ,Caminhonete,Ileso       ,23.0,Masculino
83266084,25/10/2014,RN,304,SANTA MARIA,Outras,Capotamento,Sem Vítimas        ,Pleno dia,Ceu Claro,Simples ,Rural ,Caminhonete,Ignorado    ,-1.0,Inválido
83266137,25/10/2014,RN,304,MACAIBA,Ultrapassagem indevida,Colisão frontal,Com Vítimas Feridas,Plena noite,Ceu Claro,Simples ,Rural ,Automóvel,Ileso       ,29.0,Masculino
83266137,25/10/2014,RN,304,MACAIBA,Ultrapassagem indevida,Colisão frontal,Com Vítimas Feridas,Plena noite,Ceu Claro,Simples ,Rural ,Motocicletas,Ferido Grave,26.0,Feminino
83266137,25/10/2014,RN,304,MACAIBA,Ultrapassagem indevida,Colisão frontal,Com Vítimas Feridas,Plena noite,Ceu Claro,Simples ,Rural ,Motocicletas,Ferido Grave,-1.0,Masculino
83266160,25/10/2014,RN,304,ANGICOS,Falta de atenção,Colisão Transversal,Com Vítimas Feridas,Pleno dia,Sol,Simples ,Rural ,Caminhonete,Ileso       ,48.0,Masculino
83266160,25/10/2014,RN,304,ANGICOS,Falta de atenção,Colisão Transversal,Com Vítimas Feridas,Pleno dia,Sol,Simples ,Rural ,Motocicletas,Ferido Leve ,48.0,Masculino
83266165,25/10/2014,RN,101,EXTREMOZ,Outras,Capotamento,Com Vítimas Feridas,Plena noite,Ceu Claro,Simples ,Rural ,Automóvel,Ferido Leve ,33.0,Feminino
83266351,22/10/2014,RN,226,MACAIBA,Falta de atenção,Colisão traseira,Sem Vítimas        ,Pleno dia,Ceu Claro,Simples ,Rural ,Automóvel,Ileso       ,33.0,Masculino
83266351,22/10/2014,RN,226,MACAIBA,Falta de atenção,Colisão traseira,Sem Vítimas        ,Pleno dia,Ceu Claro,Simples ,Rural ,Automóvel,Ileso       ,-1.0,Masculino