id,data_inversa,uf,br,municipio,causa_acidente,tipo_acidente,classificacao_acidente,fase_dia,condicao_metereologica,tipo_pista,uso_solo,tipo_veiculo,estado_fisico,idade,sexo
83271889,03/11/2014,RN,304,SANTA MARIA,Desobediência à sinalização,Colisão frontal,Com Vítimas Fatais ,Pleno dia,Ceu Claro,Simples ,Rural ,Caminhonete,Ferido Grave,-1.0,Feminino
83271919,05/11/2014,RN,101,PARNAMIRIM,Falta de atenção,Colisão traseira,Sem Vítimas        ,Pleno dia,Ceu Claro,Dupla   ,Urbano,Automóvel,Ileso       ,58.0,Masculino
83271919,05/11/2014,RN,101,PARNAMIRIM,Falta de atenção,Colisão traseira,Sem Vítimas        ,Pleno dia,Ceu Claro,Dupla   ,Urbano,Caminhonete,Ileso       ,52.0,Feminino
83271920,04/11/2014,RN,101,NATAL,Outras,Atropelamento de pessoa,Com Vítimas Feridas,Anoitecer,Ceu Claro,Múltipla,Urbano,Motocicletas,Ferido Leve ,26.0,Masculino
83271920,04/11/2014,RN,101,NATAL,Outras,Atropelamento de pessoa,Com Vítimas Feridas,Anoitecer,Ceu Claro,Múltipla,Urbano,Automóvel,Ileso       ,24.0,Masculino
83271920,04/11/2014,RN,101,NATAL,Outras,Atropelamento de pessoa,Com Vítimas Feridas,Anoitecer,Ceu Claro,Múltipla,Urbano,(null),Ferido Leve ,26.0,Masculino
83271925,03/11/2014,RN,101,PARNAMIRIM,Outras,Colisão lateral,Sem Vítimas        ,Plena noite,Ceu Claro,Múltipla,Urbano,Caminhão,Ileso       ,35.0,Masculino
83271925,03/11/2014,RN,101,PARNAMIRIM,Outras,Colisão lateral,Sem Vítimas        ,Plena noite,Ceu Claro,Múltipla,Urbano,Automóvel,Ileso       ,25.0,Masculino
83271932,02/11/2014,RN,304,MACAIBA,Velocidade incompatível,Colisão traseira,Com Vítimas Feridas,Anoitecer,Ceu Claro,Simples ,Rural ,Camioneta,Ferido Leve ,50.0,Masculino
83271932,02/11/2014,RN,304,MACAIBA,Velocidade incompatível,Colisão traseira,Com Vítimas Feridas,Anoitecer,Ceu Claro,Simples ,Rural ,Automóvel,Ileso       ,41.0,Masculino
83271994,05/11/2014,RN,101,PARNAMIRIM,Falta de atenção,Atropelamento de pessoa,Com Vítimas Feridas,Anoitecer,Ceu Claro,Dupla   ,Urbano,(null),Ferido Grave,46.0,Masculino
83271994,05/11/2014,RN,101,PARNAMIRIM,Falta de atenção,Atropelamento de pessoa,Com Vítimas Feridas,Anoitecer,Ceu Claro,Dupla   ,Urbano,Automóvel,Ileso       ,44.0,Masculino
83272004,07/11/2014,RN,101,NATAL,Falta de atenção,Colisão traseira,Sem Vítimas        ,Pleno dia,Ceu Claro,Múltipla,Urbano,Automóvel,Ileso       ,-1.0,Masculino
83272004,07/11/2014,RN,101,NATAL,Falta de atenção,Colisão traseira,Sem Vítimas        ,Pleno dia,Ceu Claro,Múltipla,Urbano,Caminhonete,Ileso       ,27.0,Masculino
83272008,07/11/2014,RN,101,NATAL,Não guardar distância de segurança,Colisão traseira,Sem Vítimas        ,Pleno dia,Ceu Claro,Dupla   ,Urbano,Utilitário,Ileso       ,24.0,Feminino
83272008,07/11/2014,RN,101,NATAL,Não guardar distância de segurança,Colisão traseira,Sem Vítimas        ,Pleno dia,Ceu Claro,Dupla   ,Urbano,Caminhão,Ileso       ,32.0,Masculino
83272084,07/11/2014,RN,226,SANTA CRUZ,Outras,Saída de Pista,Ignorado           ,Pleno dia,Ceu Claro,Simples ,Rural ,Automóvel,Ignorado    ,-1.0,Masculino
83272165,07/11/2014,RN,101,SAO GONCALO DO AMARANTE,Falta de atenção,Colisão traseira,Com Vítimas Feridas,Plena noite,Vento,Dupla   ,Urbano,Automóvel,Ileso       ,29.0,Feminino
83272165,07/11/2014,RN,101,SAO GONCALO DO AMARANTE,Falta de atenção,Colisão traseira,Com Vítimas Feridas,Plena noite,Vento,Dupla   ,Urbano,Motocicletas,Ferido Leve ,31.0,Masculino
83272197,07/11/2014,RN,304,SANTA MARIA,Defeito mecânico em veículo,Saída de Pista,Com Vítimas Feridas,Pleno dia,Sol,Simples ,Rural ,Automóvel,Ferido Leve ,41.0,Masculino
83272220,07/11/2014,RN,304,MACAIBA,Desobediência à sinalização,Colisão Transversal,Sem Vítimas        ,Plena noite,Ignorada,Dupla   ,Urbano,Automóvel,Ileso       ,27.0,Masculino
83272220,07/11/2014,RN,304,MACAIBA,Desobediência à sinalização,Colisão Transversal,Sem Vítimas        ,Plena noite,Ignorada,Dupla   ,Urbano,Automóvel,Ileso       ,31.0,Masculino
83272280,30/10/2014,RN,101,SAO GONCALO DO AMARANTE,Falta de atenção,Colisão lateral,Sem Vítimas        ,Plena noite,Vento,Dupla   ,Urbano,Automóvel,Ileso       ,18.0,Masculino
83272280,30/10/2014,RN,101,SAO GONCALO DO AMARANTE,Falta de atenção,Colisão lateral,Sem Vítimas        ,Plena noite,Vento,Dupla   ,Urbano,Caminhonete,Ileso       ,25.0,Masculino
83272314,07/11/2014,RN,226,TANGARA,Outras,Colisão frontal,Sem Vítimas        ,Plena noite,Ceu Claro,Simples ,Urbano,Automóvel,Ileso       ,66.0,Masculino
83272314,07/11/2014,RN,226,TANGARA,Outras,Colisão frontal,Sem Vítimas        ,Plena noite,Ceu Claro,Simples ,Urbano,Caminhonete,Ileso       ,27.0,Masculino
83272331,04/11/2014,RN,101,PARNAMIRIM,Animais na Pista,Atropelamento de animal,Ignorado           ,Plena noite,Ceu Claro,Dupla   ,Rural ,Automóvel,Ignorado    ,-1.0,Inválido
83272390,08/11/2014,RN,110,MOSSORO,Falta de atenção,Colisão Transversal,Com Vítimas Feridas,Pleno dia,Ceu Claro,Simples ,Urbano,Motocicletas,Ferido Leve ,52.0,Masculino
83272390,08/11/2014,RN,110,MOSSORO,Falta de atenção,Colisão Transversal,Com Vítimas Feridas,Pleno dia,Ceu Claro,Simples ,Urbano,Motocicletas,Ferido Leve ,48.0,Feminino
83272390,08/11/2014,RN,110,MOSSORO,Falta de atenção,Colisão Transversal,Com Vítimas Feridas,Pleno dia,Ceu Claro,Simples ,Urbano,Motocicletas,Ileso       ,-1.0,Masculino
83272398,05/11/2014,RN,304,MOSSORO,Velocidade incompatível,Colisão Transversal,Com Vítimas Feridas,Amanhecer,Ceu Claro,Simples ,Rural ,Motocicletas,Ferido Leve ,30.0,Masculino
83272398,05/11/2014,RN,304,MOSSORO,Velocidade incompatível,Colisão Transversal,Com Vítimas Feridas,Amanhecer,Ceu Claro,Simples ,Rural ,Ciclomotor,Ferido Leve ,51.0,Masculino
83272398,05/11/2014,RN,304,MOSSORO,Velocidade incompatível,Colisão Transversal,Com Vítimas Feridas,Amanhecer,Ceu Claro,Simples ,Rural ,Ciclomotor,Ferido Grave,46.0,Feminino
83272437,08/11/2014,RN,304,MACAIBA,Outras,Colisão traseira,Sem Vítimas        ,Pleno dia,Sol,Simples ,Rural ,Caminhão-Trator,Ileso       ,40.0,Masculino
83272437,08/11/2014,RN,304,MACAIBA,Outras,Colisão traseira,Sem Vítimas        ,Pleno dia,Sol,Simples ,Rural ,Caminhão,Ileso       ,54.0,Masculino
83272550,04/11/2014,RN,406,CEARA-MIRIM,Ingestão de álcool,Colisão Transversal,Sem Vítimas        ,Plena noite,Ceu Claro,Simples ,Urbano,Ciclomotor,Ileso       ,26.0,Masculino
83272550,04/11/2014,RN,406,CEARA-MIRIM,Ingestão de álcool,Colisão Transversal,Sem Vítimas        ,Plena noite,Ceu Claro,Simples ,Urbano,Automóvel,Ileso       ,48.0,Masculino
83272595,08/11/2014,RN,226,CAMPO GRANDE,Outras,Tombamento,Sem Vítimas        ,Pleno dia,Ceu Claro,Simples ,Rural ,Caminhão-Trator,Ileso       ,30.0,Masculino
83272653,08/11/2014,RN,110,MOSSORO,Outras,Colisão traseira,Sem Vítimas        ,Pleno dia,Sol,Dupla   ,Urbano,Automóvel,Ileso       ,63.0,Feminino
83272653,08/11/2014,RN,110,MOSSORO,Outras,Colisão traseira,Sem Vítimas        ,Pleno dia,Sol,Dupla   ,Urbano,Ciclomotor,Ileso       ,20.0,Masculino
83272653,08/11/2014,RN,110,MOSSORO,Outras,Colisão traseira,Sem Vítimas        ,Pleno dia,Sol,Dupla   ,Urbano,Automóvel,Ileso       ,37.0,Feminino
83272653,08/11/2014,RN,110,MOSSORO,Outras,Colisão traseira,Sem Vítimas        ,Pleno dia,Sol,Dupla   ,Urbano,Automóvel,Ileso       ,40.0,Masculino
83272741,08/11/2014,RN,101,PARNAMIRIM,Outras,Colisão traseira,Com Vítimas Feridas,Pleno dia,Sol,Múltipla,Urbano,Automóvel,Ileso       ,50.0,Masculino
83272741,08/11/2014,RN,101,PARNAMIRIM,Outras,Colisão traseira,Com Vítimas Feridas,Pleno dia,Sol,Múltipla,Urbano,Motocicletas,Ferido Grave,22.0,Masculino
83272743,08/11/2014,RN,101,PARNAMIRIM,Defeito mecânico em veículo,Queda de motocicleta / bicicleta / veículo,Com Vítimas Feridas,Pleno dia,Ceu Claro,Dupla   ,Urbano,Motocicletas,Ferido Grave,37.0,Masculino
83272743,08/11/2014,RN,101,PARNAMIRIM,Defeito mecânico em veículo,Queda de motocicleta / bicicleta / veículo,Com Vítimas Feridas,Pleno dia,Ceu Claro,Dupla   ,Urbano,Motocicletas,Ferido Leve ,33.0,Masculino
83272746,08/11/2014,RN,304,RIACHUELO,Outras,Colisão frontal,Com Vítimas Fatais ,Plena noite,Ceu Claro,Simples ,Rural ,Automóvel,Morto       ,45.0,Masculino
83272746,08/11/2014,RN,304,RIACHUELO,Outras,Colisão frontal,Com Vítimas Fatais ,Plena noite,Ceu Claro,Simples ,Rural ,Caminhão-Trator,Ileso       ,35.0,Masculino
83272788,05/11/2014,RN,101,SAO JOSE DE MIPIBU,Falta de atenção,Colisão lateral,Sem Vítimas        ,Pleno dia,Ceu Claro,Dupla   ,Urbano,Automóvel,Ileso       ,-1.0,Masculino
83272788,05/11/2014,RN,101,SAO JOSE DE MIPIBU,Falta de atenção,Colisão lateral,Sem Vítimas        ,Pleno dia,Ceu Claro,Dupla   ,Urbano,Caminhão,Ileso       ,29.0,Masculino
83272810,09/11/2014,RN,101,SAO JOSE DE MIPIBU,Outras,Capotamento,Sem Vítimas        ,Pleno dia,Nublado,Dupla   ,Urbano,Automóvel,Ileso       ,26.0,Feminino
83272875,09/11/2014,RN,304,ANGICOS,Dormindo,Colisão lateral,Com Vítimas Feridas,Pleno dia,Ceu Claro,Simples ,Rural ,Trator de rodas,Ileso       ,34.0,Masculino
83272875,09/11/2014,RN,304,ANGICOS,Dormindo,Colisão lateral,Com Vítimas Feridas,Pleno dia,Ceu Claro,Simples ,Rural ,Caminhão-Trator,Ferido Leve ,46.0,Masculino
83272875,09/11/2014,RN,304,ANGICOS,Dormindo,Colisão lateral,Com Vítimas Feridas,Pleno dia,Ceu Claro,Simples ,Rural ,Automóvel,Ileso       ,40.0,Masculino
83272915,01/11/2014,RN,304,MOSSORO,Ingestão de álcool,Colisão Transversal,Com Vítimas Feridas,Pleno dia,Ceu Claro,Dupla   ,Urbano,Caminhão-Trator,Ileso       ,44.0,Masculino
83272915,01/11/2014,RN,304,MOSSORO,Ingestão de álcool,Colisão Transversal,Com Vítimas Feridas,Pleno dia,Ceu Claro,Dupla   ,Urbano,Motocicletas,Ferido Leve ,43.0,Masculino
83272951,09/11/2014,RN,304,MACAIBA,Ultrapassagem indevida,Colisão frontal,Com Vítimas Feridas,Pleno dia,Ceu Claro,Simples ,Rural ,Automóvel,Ferido Leve ,41.0,Masculino
83272951,09/11/2014,RN,304,MACAIBA,Ultrapassagem indevida,Colisão frontal,Com Vítimas Feridas,Pleno dia,Ceu Claro,Simples ,Rural ,Automóvel,Ileso       ,40.0,Masculino
83272951,09/11/2014,RN,304,MACAIBA,Ultrapassagem indevida,Colisão frontal,Com Vítimas Feridas,Pleno dia,Ceu Claro,Simples ,Rural ,Automóvel,Ileso       ,31.0,Masculino
83272951,09/11/2014,RN,304,MACAIBA,Ultrapassagem indevida,Colisão frontal,Com Vítimas Feridas,Pleno dia,Ceu Claro,Simples ,Rural ,Automóvel,Ileso       ,33.0,Feminino
83273030,09/11/2014,RN,101,SAO JOSE DE MIPIBU,Outras,Colisão traseira,Sem Vítimas        ,Plena noite,Ceu Claro,Dupla   ,Rural ,Automóvel,Ignorado    ,-1.0,Inválido
83273030,09/11/2014,RN,101,SAO JOSE DE MIPIBU,Outras,Colisão traseira,Sem Vítimas        ,Plena noite,Ceu Claro,Dupla   ,Rural ,Automóvel,Ileso       ,33.0,Masculino
83273038,09/11/2014,RN,304,MOSSORO,Outras,Queda de motocicleta / bicicleta / veículo,Com Vítimas Feridas,Plena noite,Ceu Claro,Dupla   ,Urbano,Ciclomotor,Ignorado    ,-1.0,Masculino
83273038,09/11/2014,RN,304,MOSSORO,Outras,Queda de motocicleta / bicicleta / veículo,Com Vítimas Feridas,Plena noite,Ceu Claro,Dupla   ,Urbano,Ciclomotor,Ferido Leve ,50.0,Feminino
83273043,01/11/2014,RN,304,MACAIBA,Outras,Atropelamento de pessoa,Com Vítimas Feridas,Plena noite,Ceu Claro,Dupla   ,Rural ,Automóvel,Ignorado    ,-1.0,Masculino
83273043,01/11/2014,RN,304,MACAIBA,Outras,Atropelamento de pessoa,Com Vítimas Feridas,Plena noite,Ceu Claro,Dupla   ,Rural ,(null),Ferido Grave,29.0,Masculino
83273043,01/11/2014,RN,304,MACAIBA,Outras,Atropelamento de pessoa,Com Vítimas Feridas,Plena noite,Ceu Claro,Dupla   ,Rural ,Automóvel,Ignorado    ,-1.0,Inválido
83273050,09/11/2014,RN,304,MOSSORO,Animais na Pista,Atropelamento de animal,Sem Vítimas        ,Plena noite,Ceu Claro,Simples ,Rural ,Caminhão,Ileso       ,32.0,Masculino
83273068,09/11/2014,RN,101,EXTREMOZ,Outras,Colisão traseira,Sem Vítimas        ,Plena noite,Ceu Claro,Simples ,Rural ,Automóvel,Ileso       ,31.0,Masculino
83273068,09/11/2014,RN,101,EXTREMOZ,Outras,Colisão traseira,Sem Vítimas        ,Plena noite,Ceu Claro,Simples ,Rural ,Automóvel,Ileso       ,27.0,Masculino
83273149,09/11/2014,RN,101,PARNAMIRIM,Desobediência à sinalização,Colisão Transversal,Com Vítimas Feridas,Pleno dia,Ceu Claro,Dupla   ,Urbano,Automóvel,Ferido Leve ,32.0,Feminino
83273149,09/11/2014,RN,101,PARNAMIRIM,Desobediência à sinalização,Colisão Transversal,Com Vítimas Feridas,Pleno dia,Ceu Claro,Dupla   ,Urbano,Motocicletas,Ferido Leve ,34.0,Masculino
83273157,10/11/2014,RN,101,SAO JOSE DE MIPIBU,Animais na Pista,Capotamento,Sem Vítimas        ,Plena noite,Ceu Claro,Dupla   ,Rural ,Automóvel,Ileso       ,21.0,Masculino
83273363,10/11/2014,RN,101,PARNAMIRIM,Não guardar distância de segurança,Colisão traseira,Sem Vítimas        ,Pleno dia,Ceu Claro,Dupla   ,Urbano,Automóvel,Ileso       ,34.0,Feminino
83273363,10/11/2014,RN,101,PARNAMIRIM,Não guardar distância de segurança,Colisão traseira,Sem Vítimas        ,Pleno dia,Ceu Claro,Dupla   ,Urbano,Automóvel,Ileso       ,46.0,Masculino
83273392,10/11/2014,RN,101,PARNAMIRIM,Falta de atenção,Colisão lateral,Com Vítimas Feridas,Plena noite,Ceu Claro,Dupla   ,Urbano,Motocicletas,Ferido Leve ,43.0,Masculino
83273392,10/11/2014,RN,101,PARNAMIRIM,Falta de atenção,Colisão lateral,Com Vítimas Feridas,Plena noite,Ceu Claro,Dupla   ,Urbano,Automóvel,Ileso       ,34.0,Masculino
83273413,10/11/2014,RN,304,RIACHUELO,Outras,Saída de Pista,Com Vítimas Feridas,Pleno dia,Ceu Claro,Simples ,Rural ,Automóvel,Ferido Leve ,33.0,Masculino
83273436,10/11/2014,RN,101,CANGUARETAMA,Outras,Colisão com objeto fixo,Sem Vítimas        ,Pleno dia,Ceu Claro,Dupla   ,Rural ,Caminhonete,Ileso       ,26.0,Masculino
83273459,10/11/2014,RN,304,ASSU,Falta de atenção,Colisão lateral,Sem Vítimas        ,Pleno dia,Ceu Claro,Simples ,Rural ,Automóvel,Ileso       ,42.0,Masculino
83273459,10/11/2014,RN,304,ASSU,Falta de atenção,Colisão lateral,Sem Vítimas        ,Pleno dia,Ceu Claro,Simples ,Rural ,Caminhonete,Ileso       ,48.0,Masculino
83273476,10/11/2014,RN,101,PARNAMIRIM,Não guardar distância de segurança,Colisão traseira,Sem Vítimas        ,Pleno dia,Ceu Claro,Dupla   ,Urbano,Caminhonete,Ileso       ,45.0,Masculino
83273476,10/11/2014,RN,101,PARNAMIRIM,Não guardar distância de segurança,Colisão traseira,Sem Vítimas        ,Pleno dia,Ceu Claro,Dupla   ,Urbano,Automóvel,Ileso       ,26.0,Masculino
83273535,10/11/2014,RN,405,GOVERNADOR DIX-SEPT ROSADO,Outras,Saída de Pista,Com Vítimas Feridas,Pleno dia,Ceu Claro,Simples ,Rural ,Automóvel,Ferido Grave,32.0,Masculino
83273557,10/11/2014,RN,304,MOSSORO,Outras,Saída de Pista,Sem Vítimas        ,Pleno dia,Sol,Múltipla,Urbano,Automóvel,Ileso       ,33.0,Feminino
83273607,10/11/2014,RN,101,GOIANINHA,Falta de atenção,Colisão traseira,Sem Vítimas        ,Plena noite,Ceu Claro,Dupla   ,Rural ,Caminhão,Ileso       ,31.0,Masculino
83273607,10/11/2014,RN,101,GOIANINHA,Falta de atenção,Colisão traseira,Sem Vítimas        ,Plena noite,Ceu Claro,Dupla   ,Rural ,Caminhão,Ignorado    ,-1.0,Inválido
83273676,07/11/2014,RN,101,SAO JOSE DE MIPIBU,Outras,Colisão traseira,Com Vítimas Feridas,Pleno dia,Sol,Dupla   ,Urbano,Camioneta,Ferido Leve ,40.0,Masculino
83273676,07/11/2014,RN,101,SAO JOSE DE MIPIBU,Outras,Colisão traseira,Com Vítimas Feridas,Pleno dia,Sol,Dupla   ,Urbano,Caminhão,Ileso       ,28.0,Masculino
83273689,08/11/2014,RN,101,CANGUARETAMA,Dormindo,Tombamento,Ignorado           ,Plena noite,Ceu Claro,Dupla   ,Rural ,Caminhão,Ignorado    ,-1.0,Inválido
83273737,07/11/2014,RN,405,MOSSORO,Falta de atenção,Colisão frontal,Sem Vítimas        ,Pleno dia,Ceu Claro,Simples ,Urbano,Automóvel,Ileso       ,23.0,Masculino
83273737,07/11/2014,RN,405,MOSSORO,Falta de atenção,Colisão frontal,Sem Vítimas        ,Pleno dia,Ceu Claro,Simples ,Urbano,Motocicletas,Ignorado    ,-1.0,Masculino
83273840,09/11/2014,RN,226,CURRAIS NOVOS,Outras,Colisão frontal,Com Vítimas Fatais ,Pleno dia,Ceu Claro,Simples ,Rural ,Camioneta,Ileso       ,31.0,Masculino
83273840,09/11/2014,RN,226,CURRAIS NOVOS,Outras,Colisão frontal,Com Vítimas Fatais ,Pleno dia,Ceu Claro,Simples ,Rural ,Automóvel,Ferido Grave,72.0,Masculino
83273840,09/11/2014,RN,226,CURRAIS NOVOS,Outras,Colisão frontal,Com Vítimas Fatais ,Pleno dia,Ceu Claro,Simples ,Rural ,Automóvel,Morto       ,67.0,Feminino
83273895,11/11/2014,RN,110,MOSSORO,Outras,Queda de motocicleta / bicicleta / veículo,Com Vítimas Feridas,Pleno dia,Ceu Claro,Simples ,Urbano,Motocicletas,Ferido Leve ,28.0,Masculino
83273943,11/11/2014,RN,101,PARNAMIRIM,Defeito na via,Colisão lateral,Sem Vítimas        ,Plena noite,Ceu Claro,Dupla   ,Urbano,Automóvel,Ileso       ,25.0,Feminino
83273943,11/11/2014,RN,101,PARNAMIRIM,Defeito na via,Colisão lateral,Sem Vítimas        ,Plena noite,Ceu Claro,Dupla   ,Urbano,Automóvel,Ileso       ,45.0,Feminino
83273956,07/11/2014,RN,101,SAO GONCALO DO AMARANTE,Não guardar distância de segurança,Colisão traseira,Sem Vítimas        ,Pleno dia,Sol,Dupla   ,Urbano,Automóvel,Ileso       ,36.0,Masculino
83273956,07/11/2014,RN,101,SAO GONCALO DO AMARANTE,Não guardar distância de segurança,Colisão traseira,Sem Vítimas        ,Pleno dia,Sol,Dupla   ,Urbano,Ônibus,Ileso       ,38.0,Masculino
83274045,11/11/2014,RN,304,LAJES,Outras,Colisão lateral,Sem Vítimas        ,Pleno dia,Sol,Simples ,Rural ,Ônibus,Ileso       ,57.0,Masculino
83274045,11/11/2014,RN,304,LAJES,Outras,Colisão lateral,Sem Vítimas        ,Pleno dia,Sol,Simples ,Rural ,Automóvel,Ileso       ,26.0,Feminino
83274138,12/11/2014,RN,304,MOSSORO,Falta de atenção,Colisão com objeto fixo,Sem Vítimas        ,Pleno dia,Ceu Claro,Dupla   ,Urbano,Caminhão-Trator,Ileso       ,52.0,Masculino
83274138,12/11/2014,RN,304,MOSSORO,Falta de atenção,Colisão com objeto fixo,Sem Vítimas        ,Pleno dia,Ceu Claro,Dupla   ,Urbano,Caminhão-Trator,Ileso       ,45.0,Masculino
83274167,12/11/2014,RN,304,MOSSORO,Falta de atenção,Colisão traseira,Com Vítimas Feridas,Pleno dia,Ceu Claro,Dupla   ,Urbano,Caminhonete,Ileso       ,43.0,Masculino
83274167,12/11/2014,RN,304,MOSSORO,Falta de atenção,Colisão traseira,Com Vítimas Feridas,Pleno dia,Ceu Claro,Dupla   ,Urbano,Motocicletas,Ferido Leve ,27.0,Masculino
83274241,12/11/2014,RN,101,CANGUARETAMA,Desobediência à sinalização,Colisão Transversal,Com Vítimas Fatais ,Pleno dia,Ceu Claro,Dupla   ,Urbano,Automóvel,Ileso       ,40.0,Masculino
83274241,12/11/2014,RN,101,CANGUARETAMA,Desobediência à sinalização,Colisão Transversal,Com Vítimas Fatais ,Pleno dia,Ceu Claro,Dupla   ,Urbano,Ciclomotor,Morto       ,62.0,Masculino
83274261,12/11/2014,RN,101,SAO GONCALO DO AMARANTE,Defeito mecânico em veículo,Colisão com objeto fixo,Sem Vítimas        ,Pleno dia,Ceu Claro,Dupla   ,Urbano,Caminhão-Trator,Ileso       ,43.0,Masculino
83274307,12/11/2014,RN,101,PARNAMIRIM,Outras,Colisão traseira,Sem Vítimas        ,Pleno dia,Sol,Dupla   ,Urbano,Automóvel,Ileso       ,-1.0,Masculino
83274307,12/11/2014,RN,101,PARNAMIRIM,Outras,Colisão traseira,Sem Vítimas        ,Pleno dia,Sol,Dupla   ,Urbano,Automóvel,Ileso       ,-1.0,Masculino
83274348,12/11/2014,RN,101,PARNAMIRIM,Outras,Colisão lateral,Sem Vítimas        ,Pleno dia,Ceu Claro,Dupla   ,Urbano,Caminhão,Ileso       ,26.0,Masculino
83274348,12/11/2014,RN,101,PARNAMIRIM,Outras,Colisão lateral,Sem Vítimas        ,Pleno dia,Ceu Claro,Dupla   ,Urbano,Automóvel,Ileso       ,58.0,Feminino
83274351,12/11/2014,RN,110,MOSSORO,Falta de atenção,Colisão traseira,Sem Vítimas        ,Pleno dia,Ceu Claro,Simples ,Urbano,Motocicletas,Ileso       ,22.0,Masculino
83274351,12/11/2014,RN,110,MOSSORO,Falta de atenção,Colisão traseira,Sem Vítimas        ,Pleno dia,Ceu Claro,Simples ,Urbano,Motocicletas,Ileso       ,73.0,Masculino
83274423,08/11/2014,RN,101,GOIANINHA,Outras,Colisão com bicicleta,Com Vítimas Feridas,Pleno dia,Ceu Claro,Dupla   ,Urbano,Motocicletas,Ignorado    ,-1.0,Inválido
83274423,08/11/2014,RN,101,GOIANINHA,Outras,Colisão com bicicleta,Com Vítimas Feridas,Pleno dia,Ceu Claro,Dupla   ,Urbano,Bicicleta,Ferido Leve ,69.0,Masculino
83274425,12/11/2014,RN,101,RIO DO FOGO,Defeito mecânico em veículo,Saída de Pista,Sem Vítimas        ,Pleno dia,Chuva,Simples ,Rural ,Automóvel,Ileso       ,31.0,Masculino
83274425,12/11/2014,RN,101,RIO DO FOGO,Defeito mecânico em veículo,Saída de Pista,Sem Vítimas        ,Pleno dia,Chuva,Simples ,Rural ,Automóvel,Ileso       ,36.0,Feminino
83274425,12/11/2014,RN,101,RIO DO FOGO,Defeito mecânico em veículo,Saída de Pista,Sem Vítimas        ,Pleno dia,Chuva,Simples ,Rural ,Automóvel,Ileso       ,5.0,Feminino
83274479,12/11/2014,RN,226,CURRAIS NOVOS,Não guardar distância de segurança,Colisão traseira,Sem Vítimas        ,Pleno dia,Ceu Claro,Simples ,Rural ,Automóvel,Ileso       ,29.0,Feminino
83274479,12/11/2014,RN,226,CURRAIS NOVOS,Não guardar distância de segurança,Colisão traseira,Sem Vítimas        ,Pleno dia,Ceu Claro,Simples ,Rural ,Automóvel,Ileso       ,37.0,Masculino
83274481,12/11/2014,RN,304,SANTA MARIA,Outras,Colisão Transversal,Sem Vítimas        ,Anoitecer,Ceu Claro,Simples ,Rural ,Caminhão,Ileso       ,49.0,Masculino
83274481,12/11/2014,RN,304,SANTA MARIA,Outras,Colisão Transversal,Sem Vítimas        ,Anoitecer,Ceu Claro,Simples ,Rural ,Caminhão-Trator,Ileso       ,48.0,Masculino
83274513,12/11/2014,RN,101,NATAL,Não guardar distância de segurança,Colisão traseira,Sem Vítimas        ,Pleno dia,Ceu Claro,Múltipla,Urbano,Automóvel,Ileso       ,49.0,Masculino
83274513,12/11/2014,RN,101,NATAL,Não guardar distância de segurança,Colisão traseira,Sem Vítimas        ,Pleno dia,Ceu Claro,Múltipla,Urbano,Camioneta,Ileso       ,46.0,Masculino
83274524,12/11/2014,RN,101,NATAL,Não guardar distância de segurança,Colisão traseira,Sem Vítimas        ,Plena noite,Ceu Claro,Dupla   ,Urbano,Caminhonete,Ignorado    ,-1.0,Inválido
83274524,12/11/2014,RN,101,NATAL,Não guardar distância de segurança,Colisão traseira,Sem Vítimas        ,Plena noite,Ceu Claro,Dupla   ,Urbano,Automóvel,Ileso       ,49.0,Masculino
83274524,12/11/2014,RN,101,NATAL,Não guardar distância de segurança,Colisão traseira,Sem Vítimas        ,Plena noite,Ceu Claro,Dupla   ,Urbano,Automóvel,Ileso       ,41.0,Masculino
83274532,12/11/2014,RN,304,MOSSORO,Defeito mecânico em veículo,Queda de motocicleta / bicicleta / veículo,Com Vítimas Feridas,Plena noite,Ceu Claro,Dupla   ,Urbano,Motoneta,Ferido Grave,27.0,Feminino
83274532,12/11/2014,RN,304,MOSSORO,Defeito mecânico em veículo,Queda de motocicleta / bicicleta / veículo,Com Vítimas Feridas,Plena noite,Ceu Claro,Dupla   ,Urbano,Motoneta,Ferido Leve ,40.0,Masculino
83274730,11/11/2014,RN,110,MOSSORO,Outras,Capotamento,Com Vítimas Feridas,Pleno dia,Sol,Simples ,Rural ,Automóvel,Ileso       ,34.0,Masculino
83274730,11/11/2014,RN,110,MOSSORO,Outras,Capotamento,Com Vítimas Feridas,Pleno dia,Sol,Simples ,Rural ,Automóvel,Ferido Leve ,-1.0,Masculino
83274730,11/11/2014,RN,110,MOSSORO,Outras,Capotamento,Com Vítimas Feridas,Pleno dia,Sol,Simples ,Rural ,Caminhão,Ileso       ,43.0,Masculino
83274768,10/11/2014,RN,101,NATAL,Outras,Colisão traseira,Sem Vítimas        ,Amanhecer,Ceu Claro,Dupla   ,Urbano,Automóvel,Ileso       ,59.0,Masculino
83274768,10/11/2014,RN,101,NATAL,Outras,Colisão traseira,Sem Vítimas        ,Amanhecer,Ceu Claro,Dupla   ,Urbano,Caminhonete,Ileso       ,28.0,Masculino
83274776,13/11/2014,RN,405,APODI,Outras,Saída de Pista,Com Vítimas Fatais ,Pleno dia,Ceu Claro,Simples ,Rural ,Caminhão,Morto       ,47.0,Masculino
83274894,13/11/2014,RN,101,PARNAMIRIM,Não guardar distância de segurança,Colisão traseira,Sem Vítimas        ,Pleno dia,Ceu Claro,Dupla   ,Urbano,Automóvel,Ileso       ,26.0,Masculino
83274894,13/11/2014,RN,101,PARNAMIRIM,Não guardar distância de segurança,Colisão traseira,Sem Vítimas        ,Pleno dia,Ceu Claro,Dupla   ,Urbano,Ônibus,Ileso       ,29.0,Masculino