id,data_inversa,uf,br,municipio,causa_acidente,tipo_acidente,classificacao_acidente,fase_dia,condicao_metereologica,tipo_pista,uso_solo,tipo_veiculo,estado_fisico,idade,sexo
83280765,24/11/2014,RN,101,PARNAMIRIM,Falta de atenção,Colisão traseira,Com Vítimas Feridas,Pleno dia,Ceu Claro,Dupla   ,Urbano,Motocicletas,Ileso       ,23.0,Masculino
83280765,24/11/2014,RN,101,PARNAMIRIM,Falta de atenção,Colisão traseira,Com Vítimas Feridas,Pleno dia,Ceu Claro,Dupla   ,Urbano,Motocicletas,Ferido Leve ,33.0,Feminino
83280765,24/11/2014,RN,101,PARNAMIRIM,Falta de atenção,Colisão traseira,Com Vítimas Feridas,Pleno dia,Ceu Claro,Dupla   ,Urbano,Motocicletas,Ferido Leve ,5.0,Feminino
83280828,28/11/2014,RN,101,SAO GONCALO DO AMARANTE,Não guardar distância de segurança,Colisão traseira,Sem Vítimas        ,Anoitecer,Ceu Claro,Simples ,Urbano,Automóvel,Ileso       ,30.0,Masculino
83280828,28/11/2014,RN,101,SAO GONCALO DO AMARANTE,Não guardar distância de segurança,Colisão traseira,Sem Vítimas        ,Anoitecer,Ceu Claro,Simples ,Urbano,Ônibus,Ileso       ,30.0,Masculino
83280831,28/11/2014,RN,101,NATAL,Não guardar distância de segurança,Colisão traseira,Sem Vítimas        ,Pleno dia,Sol,Múltipla,Urbano,Automóvel,Ileso       ,32.0,Masculino
83280831,28/11/2014,RN,101,NATAL,Não guardar distância de segurança,Colisão traseira,Sem Vítimas        ,Pleno dia,Sol,Múltipla,Urbano,Automóvel,Ileso       ,55.0,Masculino
83280841,28/11/2014,RN,101,PARNAMIRIM,Falta de atenção,Atropelamento de pessoa,Com Vítimas Feridas,Plena noite,Ceu Claro,Dupla   ,Urbano,(null),Ferido Grave,28.0,Masculino
83280841,28/11/2014,RN,101,PARNAMIRIM,Falta de atenção,Atropelamento de pessoa,Com Vítimas Feridas,Plena noite,Ceu Claro,Dupla   ,Urbano,Motocicletas,Ileso       ,28.0,Masculino
83280841,28/11/2014,RN,101,PARNAMIRIM,Falta de atenção,Atropelamento de pessoa,Com Vítimas Feridas,Plena noite,Ceu Claro,Dupla   ,Urbano,Automóvel,Ileso       ,21.0,Masculino
83280844,28/11/2014,RN,101,NATAL,Falta de atenção,Colisão traseira,Sem Vítimas        ,Pleno dia,Ceu Claro,Dupla   ,Urbano,Automóvel,Ileso       ,43.0,Masculino
83280844,28/11/2014,RN,101,NATAL,Falta de atenção,Colisão traseira,Sem Vítimas        ,Pleno dia,Ceu Claro,Dupla   ,Urbano,Automóvel,Ileso       ,26.0,Masculino
83280844,28/11/2014,RN,101,NATAL,Falta de atenção,Colisão traseira,Sem Vítimas        ,Pleno dia,Ceu Claro,Dupla   ,Urbano,Automóvel,Ileso       ,47.0,Feminino
83280850,28/11/2014,RN,101,PARNAMIRIM,Desobediência à sinalização,Colisão traseira,Com Vítimas Feridas,Pleno dia,Ceu Claro,Múltipla,Urbano,Motocicletas,Ferido Grave,26.0,Feminino
83280850,28/11/2014,RN,101,PARNAMIRIM,Desobediência à sinalização,Colisão traseira,Com Vítimas Feridas,Pleno dia,Ceu Claro,Múltipla,Urbano,Motocicletas,Ferido Leve ,17.0,Masculino
83280850,28/11/2014,RN,101,PARNAMIRIM,Desobediência à sinalização,Colisão traseira,Com Vítimas Feridas,Pleno dia,Ceu Claro,Múltipla,Urbano,Automóvel,Ignorado    ,-1.0,Inválido
83280856,28/11/2014,RN,304,MOSSORO,Falta de atenção,Colisão traseira,Com Vítimas Feridas,Pleno dia,Ceu Claro,Dupla   ,Urbano,Automóvel,Ileso       ,38.0,Masculino
83280856,28/11/2014,RN,304,MOSSORO,Falta de atenção,Colisão traseira,Com Vítimas Feridas,Pleno dia,Ceu Claro,Dupla   ,Urbano,Motocicletas,Ferido Leve ,33.0,Masculino
83280924,28/11/2014,RN,101,PARNAMIRIM,Falta de atenção,Atropelamento de pessoa,Com Vítimas Fatais ,Pleno dia,Ceu Claro,Dupla   ,Urbano,Caminhão,Ileso       ,44.0,Masculino
83280924,28/11/2014,RN,101,PARNAMIRIM,Falta de atenção,Atropelamento de pessoa,Com Vítimas Fatais ,Pleno dia,Ceu Claro,Dupla   ,Urbano,(null),Morto       ,-1.0,Masculino
83280965,28/11/2014,RN,101,PARNAMIRIM,Não guardar distância de segurança,Colisão traseira,Sem Vítimas        ,Plena noite,Ceu Claro,Múltipla,Urbano,Automóvel,Ileso       ,36.0,Masculino
83280965,28/11/2014,RN,101,PARNAMIRIM,Não guardar distância de segurança,Colisão traseira,Sem Vítimas        ,Plena noite,Ceu Claro,Múltipla,Urbano,Ônibus,Ileso       ,32.0,Masculino
83280966,24/11/2014,RN,406,SAO GONCALO DO AMARANTE,Não guardar distância de segurança,Colisão traseira,Com Vítimas Feridas,Pleno dia,Ceu Claro,Simples ,Urbano,Automóvel,Ileso       ,25.0,Feminino
83280966,24/11/2014,RN,406,SAO GONCALO DO AMARANTE,Não guardar distância de segurança,Colisão traseira,Com Vítimas Feridas,Pleno dia,Ceu Claro,Simples ,Urbano,Motocicletas,Ferido Grave,36.0,Masculino
83280969,28/11/2014,RN,304,MOSSORO,Falta de atenção,Colisão traseira,Sem Vítimas        ,Anoitecer,Ceu Claro,Dupla   ,Urbano,Automóvel,Ileso       ,31.0,Masculino
83280969,28/11/2014,RN,304,MOSSORO,Falta de atenção,Colisão traseira,Sem Vítimas        ,Anoitecer,Ceu Claro,Dupla   ,Urbano,Automóvel,Ileso       ,54.0,Feminino
83281097,28/11/2014,RN,406,JANDAIRA,Ultrapassagem indevida,Colisão frontal,Sem Vítimas        ,Plena noite,Ceu Claro,Simples ,Urbano,Automóvel,Ignorado    ,-1.0,Inválido
83281097,28/11/2014,RN,406,JANDAIRA,Ultrapassagem indevida,Colisão frontal,Sem Vítimas        ,Plena noite,Ceu Claro,Simples ,Urbano,Automóvel,Ileso       ,44.0,Masculino
83281188,24/11/2014,RN,101,PARNAMIRIM,Outras,Colisão traseira,Sem Vítimas        ,Pleno dia,Ceu Claro,Dupla   ,Urbano,Automóvel,Ileso       ,38.0,Masculino
83281188,24/11/2014,RN,101,PARNAMIRIM,Outras,Colisão traseira,Sem Vítimas        ,Pleno dia,Ceu Claro,Dupla   ,Urbano,Ônibus,Ileso       ,27.0,Masculino
83281188,24/11/2014,RN,101,PARNAMIRIM,Outras,Colisão traseira,Sem Vítimas        ,Pleno dia,Ceu Claro,Dupla   ,Urbano,Ônibus,Ileso       ,53.0,Masculino
83281224,25/11/2014,RN,101,NATAL,Falta de atenção,Colisão Transversal,Sem Vítimas        ,Plena noite,Nublado,Dupla   ,Urbano,Automóvel,Ileso       ,45.0,Masculino
83281224,25/11/2014,RN,101,NATAL,Falta de atenção,Colisão Transversal,Sem Vítimas        ,Plena noite,Nublado,Dupla   ,Urbano,Automóvel,Ileso       ,25.0,Masculino
83281357,17/11/2014,RN,101,CANGUARETAMA,Outras,Colisão traseira,Sem Vítimas        ,Pleno dia,Chuva,Dupla   ,Rural ,Automóvel,Ileso       ,37.0,Masculino
83281357,17/11/2014,RN,101,CANGUARETAMA,Outras,Colisão traseira,Sem Vítimas        ,Pleno dia,Chuva,Dupla   ,Rural ,Automóvel,Ileso       ,66.0,Masculino
83281424,25/11/2014,RN,101,PARNAMIRIM,Desobediência à sinalização,Colisão frontal,Com Vítimas Feridas,Plena noite,Ceu Claro,Dupla   ,Urbano,Motocicletas,Ferido Leve ,35.0,Masculino
83281424,25/11/2014,RN,101,PARNAMIRIM,Desobediência à sinalização,Colisão frontal,Com Vítimas Feridas,Plena noite,Ceu Claro,Dupla   ,Urbano,Bicicleta,Ferido Leve ,54.0,Masculino
83281463,29/11/2014,RN,405,SAO FRANCISCO DO OESTE,Outras,Colisão frontal,Com Vítimas Feridas,Pleno dia,Nublado,Simples ,Rural ,Ônibus,Ileso       ,50.0,Masculino
83281463,29/11/2014,RN,405,SAO FRANCISCO DO OESTE,Outras,Colisão frontal,Com Vítimas Feridas,Pleno dia,Nublado,Simples ,Rural ,Automóvel,Ferido Grave,24.0,Masculino
83281463,29/11/2014,RN,405,SAO FRANCISCO DO OESTE,Outras,Colisão frontal,Com Vítimas Feridas,Pleno dia,Nublado,Simples ,Rural ,Ônibus,Ferido Leve ,45.0,Masculino
83281463,29/11/2014,RN,405,SAO FRANCISCO DO OESTE,Outras,Colisão frontal,Com Vítimas Feridas,Pleno dia,Nublado,Simples ,Rural ,Ônibus,Ferido Leve ,-1.0,Masculino
83281463,29/11/2014,RN,405,SAO FRANCISCO DO OESTE,Outras,Colisão frontal,Com Vítimas Feridas,Pleno dia,Nublado,Simples ,Rural ,Ônibus,Ferido Leve ,-1.0,Feminino
83281463,29/11/2014,RN,405,SAO FRANCISCO DO OESTE,Outras,Colisão frontal,Com Vítimas Feridas,Pleno dia,Nublado,Simples ,Rural ,Ônibus,Ferido Leve ,-1.0,Masculino
83281508,29/11/2014,RN,304,MACAIBA,Não guardar distância de segurança,Colisão traseira,Sem Vítimas        ,Pleno dia,Sol,Simples ,Rural ,Utilitário,Ileso       ,32.0,Masculino
83281508,29/11/2014,RN,304,MACAIBA,Não guardar distância de segurança,Colisão traseira,Sem Vítimas        ,Pleno dia,Sol,Simples ,Rural ,Automóvel,Ileso       ,38.0,Masculino
83281508,29/11/2014,RN,304,MACAIBA,Não guardar distância de segurança,Colisão traseira,Sem Vítimas        ,Pleno dia,Sol,Simples ,Rural ,Automóvel,Ileso       ,35.0,Masculino
83281516,18/11/2014,RN,226,NATAL,Defeito mecânico em veículo,Colisão frontal,Sem Vítimas        ,Pleno dia,Nublado,Simples ,Urbano,Automóvel,Ileso       ,52.0,Masculino
83281516,18/11/2014,RN,226,NATAL,Defeito mecânico em veículo,Colisão frontal,Sem Vítimas        ,Pleno dia,Nublado,Simples ,Urbano,Automóvel,Ileso       ,58.0,Masculino
83281518,29/11/2014,RN,101,PARNAMIRIM,Defeito mecânico em veículo,Colisão traseira,Sem Vítimas        ,Pleno dia,Ceu Claro,Múltipla,Urbano,Motocicletas,Ileso       ,59.0,Masculino
83281518,29/11/2014,RN,101,PARNAMIRIM,Defeito mecânico em veículo,Colisão traseira,Sem Vítimas        ,Pleno dia,Ceu Claro,Múltipla,Urbano,Automóvel,Ileso       ,29.0,Feminino
83281518,29/11/2014,RN,101,PARNAMIRIM,Defeito mecânico em veículo,Colisão traseira,Sem Vítimas        ,Pleno dia,Ceu Claro,Múltipla,Urbano,Caminhão,Ileso       ,61.0,Masculino
83281538,29/11/2014,RN,101,NATAL,Não guardar distância de segurança,Colisão traseira,Sem Vítimas        ,Pleno dia,Ceu Claro,Dupla   ,Urbano,Ônibus,Ileso       ,40.0,Masculino
83281538,29/11/2014,RN,101,NATAL,Não guardar distância de segurança,Colisão traseira,Sem Vítimas        ,Pleno dia,Ceu Claro,Dupla   ,Urbano,Caminhonete,Ileso       ,58.0,Masculino
83281632,29/11/2014,RN,101,NATAL,Não guardar distância de segurança,Colisão traseira,Sem Vítimas        ,Pleno dia,Sol,Dupla   ,Urbano,Automóvel,Ileso       ,37.0,Masculino
83281632,29/11/2014,RN,101,NATAL,Não guardar distância de segurança,Colisão traseira,Sem Vítimas        ,Pleno dia,Sol,Dupla   ,Urbano,Automóvel,Ileso       ,26.0,Masculino
83281659,29/11/2014,RN,427,ACARI,Outras,Colisão Transversal,Sem Vítimas        ,Plena noite,Ceu Claro,Simples ,Rural ,Automóvel,Ileso       ,23.0,Masculino
83281659,29/11/2014,RN,427,ACARI,Outras,Colisão Transversal,Sem Vítimas        ,Plena noite,Ceu Claro,Simples ,Rural ,Automóvel,Ileso       ,18.0,Masculino
83281660,29/11/2014,RN,406,JOAO CAMARA,Outras,Colisão lateral,Com Vítimas Feridas,Pleno dia,Sol,Simples ,Urbano,Não identificado,Ferido Grave,41.0,Masculino
83281660,29/11/2014,RN,406,JOAO CAMARA,Outras,Colisão lateral,Com Vítimas Feridas,Pleno dia,Sol,Simples ,Urbano,Caminhão,Ileso       ,28.0,Masculino
83281818,24/11/2014,RN,304,RIACHUELO,Não guardar distância de segurança,Colisão traseira,Sem Vítimas        ,Plena noite,Ceu Claro,Simples ,Rural ,Caminhão-Trator,Ileso       ,25.0,Masculino
83281818,24/11/2014,RN,304,RIACHUELO,Não guardar distância de segurança,Colisão traseira,Sem Vítimas        ,Plena noite,Ceu Claro,Simples ,Rural ,Caminhonete,Ileso       ,33.0,Masculino
83281818,24/11/2014,RN,304,RIACHUELO,Não guardar distância de segurança,Colisão traseira,Sem Vítimas        ,Plena noite,Ceu Claro,Simples ,Rural ,Caminhonete,Ileso       ,33.0,Masculino
83281846,05/10/2014,RN,101,NATAL,Falta de atenção,Colisão traseira,Sem Vítimas        ,Plena noite,Chuva,Múltipla,Rural ,Ônibus,Ileso       ,-1.0,Masculino
83281846,05/10/2014,RN,101,NATAL,Falta de atenção,Colisão traseira,Sem Vítimas        ,Plena noite,Chuva,Múltipla,Rural ,Automóvel,Ileso       ,-1.0,Masculino
83281886,22/11/2014,RN,406,CEARA-MIRIM,Outras,Colisão frontal,Com Vítimas Feridas,Plena noite,Ceu Claro,Simples ,Urbano,Motoneta,Ferido Leve ,52.0,Masculino
83281886,22/11/2014,RN,406,CEARA-MIRIM,Outras,Colisão frontal,Com Vítimas Feridas,Plena noite,Ceu Claro,Simples ,Urbano,Motoneta,Ferido Leve ,-1.0,Feminino
83281908,18/11/2014,RN,101,NATAL,Falta de atenção,Colisão traseira,Sem Vítimas        ,Plena noite,Ceu Claro,Dupla   ,Urbano,Automóvel,Ileso       ,41.0,Feminino
83281908,18/11/2014,RN,101,NATAL,Falta de atenção,Colisão traseira,Sem Vítimas        ,Plena noite,Ceu Claro,Dupla   ,Urbano,Automóvel,Ileso       ,21.0,Masculino
83281908,18/11/2014,RN,101,NATAL,Falta de atenção,Colisão traseira,Sem Vítimas        ,Plena noite,Ceu Claro,Dupla   ,Urbano,Automóvel,Ileso       ,-1.0,Masculino
83281953,22/11/2014,RN,304,MOSSORO,Ingestão de álcool,Saída de Pista,Com Vítimas Feridas,Plena noite,Ceu Claro,Simples ,Rural ,Motocicletas,Ferido Leve ,34.0,Masculino
83282026,22/11/2014,RN,101,SAO JOSE DE MIPIBU,Velocidade incompatível,Saída de Pista,Com Vítimas Feridas,Plena noite,Ceu Claro,Dupla   ,Rural ,Caminhão-Trator,Ferido Leve ,24.0,Masculino
83282029,26/11/2014,RN,101,NATAL,Ingestão de álcool,Colisão traseira,Sem Vítimas        ,Plena noite,Ceu Claro,Múltipla,Urbano,Automóvel,Ileso       ,-1.0,Masculino
83282029,26/11/2014,RN,101,NATAL,Ingestão de álcool,Colisão traseira,Sem Vítimas        ,Plena noite,Ceu Claro,Múltipla,Urbano,Automóvel,Ileso       ,-1.0,Masculino
83282048,18/11/2014,RN,101,PARNAMIRIM,Falta de atenção,Capotamento,Com Vítimas Feridas,Plena noite,Ceu Claro,Dupla   ,Urbano,Automóvel,Ileso       ,29.0,Masculino
83282048,18/11/2014,RN,101,PARNAMIRIM,Falta de atenção,Capotamento,Com Vítimas Feridas,Plena noite,Ceu Claro,Dupla   ,Urbano,Automóvel,Ferido Leve ,31.0,Feminino
83282069,27/11/2014,RN,101,NATAL,Falta de atenção,Colisão lateral,Sem Vítimas        ,Pleno dia,Ceu Claro,Dupla   ,Urbano,Ônibus,Ileso       ,48.0,Masculino
83282069,27/11/2014,RN,101,NATAL,Falta de atenção,Colisão lateral,Sem Vítimas        ,Pleno dia,Ceu Claro,Dupla   ,Urbano,Automóvel,Ileso       ,74.0,Masculino
83282095,30/11/2014,RN,101,SAO JOSE DE MIPIBU,Outras,Atropelamento de pessoa,Com Vítimas Feridas,Pleno dia,Ceu Claro,Dupla   ,Rural ,Caminhão,Ileso       ,44.0,Masculino
83282095,30/11/2014,RN,101,SAO JOSE DE MIPIBU,Outras,Atropelamento de pessoa,Com Vítimas Feridas,Pleno dia,Ceu Claro,Dupla   ,Rural ,(null),Ferido Grave,24.0,Masculino
83282118,22/11/2014,RN,101,NATAL,Desobediência à sinalização,Colisão com objeto fixo,Com Vítimas Feridas,Pleno dia,Ceu Claro,Múltipla,Urbano,Caminhão-Trator,Ferido Leve ,-1.0,Masculino
83282185,22/11/2014,RN,405,MOSSORO,Não guardar distância de segurança,Colisão traseira,Sem Vítimas        ,Pleno dia,Ceu Claro,Dupla   ,Urbano,Caminhão,Ileso       ,58.0,Masculino
83282185,22/11/2014,RN,405,MOSSORO,Não guardar distância de segurança,Colisão traseira,Sem Vítimas        ,Pleno dia,Ceu Claro,Dupla   ,Urbano,Automóvel,Ileso       ,39.0,Feminino
83282305,30/11/2014,RN,304,MOSSORO,Outras,Colisão traseira,Com Vítimas Feridas,Anoitecer,Ceu Claro,Dupla   ,Urbano,Automóvel,Ileso       ,18.0,Feminino
83282305,30/11/2014,RN,304,MOSSORO,Outras,Colisão traseira,Com Vítimas Feridas,Anoitecer,Ceu Claro,Dupla   ,Urbano,Ciclomotor,Ferido Leve ,-1.0,Masculino
83282305,30/11/2014,RN,304,MOSSORO,Outras,Colisão traseira,Com Vítimas Feridas,Anoitecer,Ceu Claro,Dupla   ,Urbano,Ciclomotor,Ferido Grave,-1.0,Feminino
83282337,22/10/2014,RN,406,CEARA-MIRIM,Outras,Colisão Transversal,Com Vítimas Fatais ,Pleno dia,Ceu Claro,Simples ,Rural ,Camioneta,Ferido Leve ,22.0,Masculino
83282337,22/10/2014,RN,406,CEARA-MIRIM,Outras,Colisão Transversal,Com Vítimas Fatais ,Pleno dia,Ceu Claro,Simples ,Rural ,Caminhonete,Ferido Leve ,13.0,Masculino
83282337,22/10/2014,RN,406,CEARA-MIRIM,Outras,Colisão Transversal,Com Vítimas Fatais ,Pleno dia,Ceu Claro,Simples ,Rural ,Motoneta,Morto       ,32.0,Masculino
83282337,22/10/2014,RN,406,CEARA-MIRIM,Outras,Colisão Transversal,Com Vítimas Fatais ,Pleno dia,Ceu Claro,Simples ,Rural ,Motoneta,Ferido Grave,33.0,Masculino
83282342,30/11/2014,RN,101,NATAL,Não guardar distância de segurança,Colisão traseira,Com Vítimas Feridas,Plena noite,Ceu Claro,Dupla   ,Urbano,Automóvel,Ileso       ,55.0,Feminino
83282342,30/11/2014,RN,101,NATAL,Não guardar distância de segurança,Colisão traseira,Com Vítimas Feridas,Plena noite,Ceu Claro,Dupla   ,Urbano,Automóvel,Ferido Leve ,47.0,Masculino
83282409,30/11/2014,RN,405,MOSSORO,Outras,Colisão lateral,Sem Vítimas        ,Plena noite,Ceu Claro,Dupla   ,Urbano,Automóvel,Ileso       ,23.0,Masculino
83282409,30/11/2014,RN,405,MOSSORO,Outras,Colisão lateral,Sem Vítimas        ,Plena noite,Ceu Claro,Dupla   ,Urbano,Caminhão,Ileso       ,40.0,Masculino
83282409,30/11/2014,RN,405,MOSSORO,Outras,Colisão lateral,Sem Vítimas        ,Plena noite,Ceu Claro,Dupla   ,Urbano,Utilitário,Ileso       ,41.0,Masculino
83282506,27/11/2014,RN,304,MACAIBA,Não guardar distância de segurança,Colisão traseira,Com Vítimas Feridas,Pleno dia,Ceu Claro,Dupla   ,Urbano,Caminhonete,Ileso       ,43.0,Masculino
83282506,27/11/2014,RN,304,MACAIBA,Não guardar distância de segurança,Colisão traseira,Com Vítimas Feridas,Pleno dia,Ceu Claro,Dupla   ,Urbano,Motocicletas,Ferido Leve ,56.0,Masculino
83282551,24/11/2014,RN,101,NATAL,Não guardar distância de segurança,Colisão traseira,Sem Vítimas        ,Pleno dia,Sol,Dupla   ,Urbano,Automóvel,Ileso       ,32.0,Masculino
83282551,24/11/2014,RN,101,NATAL,Não guardar distância de segurança,Colisão traseira,Sem Vítimas        ,Pleno dia,Sol,Dupla   ,Urbano,Caminhonete,Ileso       ,29.0,Masculino
83282586,24/11/2014,RN,101,NATAL,Falta de atenção,Colisão traseira,Sem Vítimas        ,Pleno dia,Sol,Dupla   ,Urbano,Automóvel,Ileso       ,24.0,Masculino
83282586,24/11/2014,RN,101,NATAL,Falta de atenção,Colisão traseira,Sem Vítimas        ,Pleno dia,Sol,Dupla   ,Urbano,Utilitário,Ileso       ,31.0,Feminino
83282586,24/11/2014,RN,101,NATAL,Falta de atenção,Colisão traseira,Sem Vítimas        ,Pleno dia,Sol,Dupla   ,Urbano,Automóvel,Ileso       ,29.0,Masculino
83282631,21/11/2014,RN,101,RIO DO FOGO,Falta de atenção,Colisão lateral,Sem Vítimas        ,Anoitecer,Ceu Claro,Simples ,Rural ,Automóvel,Ileso       ,53.0,Masculino
83282631,21/11/2014,RN,101,RIO DO FOGO,Falta de atenção,Colisão lateral,Sem Vítimas        ,Anoitecer,Ceu Claro,Simples ,Rural ,Automóvel,Ileso       ,32.0,Masculino
83282635,24/11/2014,RN,101,NATAL,Não guardar distância de segurança,Colisão traseira,Sem Vítimas        ,Pleno dia,Sol,Dupla   ,Urbano,Automóvel,Ileso       ,37.0,Feminino
83282635,24/11/2014,RN,101,NATAL,Não guardar distância de segurança,Colisão traseira,Sem Vítimas        ,Pleno dia,Sol,Dupla   ,Urbano,Caminhonete,Ileso       ,41.0,Masculino
83282635,24/11/2014,RN,101,NATAL,Não guardar distância de segurança,Colisão traseira,Sem Vítimas        ,Pleno dia,Sol,Dupla   ,Urbano,Caminhonete,Ileso       ,40.0,Masculino
83282636,16/11/2014,RN,101,ARES,Outras,Saída de Pista,Com Vítimas Feridas,Pleno dia,Ceu Claro,Dupla   ,Rural ,Automóvel,Ferido Leve ,23.0,Masculino
83282636,16/11/2014,RN,101,ARES,Outras,Saída de Pista,Com Vítimas Feridas,Pleno dia,Ceu Claro,Dupla   ,Rural ,Automóvel,Ferido Leve ,32.0,Masculino
83282644,24/11/2014,RN,101,PARNAMIRIM,Não guardar distância de segurança,Colisão lateral,Sem Vítimas        ,Pleno dia,Sol,Dupla   ,Urbano,Caminhão-Trator,Ileso       ,24.0,Masculino
83282644,24/11/2014,RN,101,PARNAMIRIM,Não guardar distância de segurança,Colisão lateral,Sem Vítimas        ,Pleno dia,Sol,Dupla   ,Urbano,Automóvel,Ileso       ,42.0,Feminino
83282648,25/11/2014,RN,101,NATAL,Outras,Queda de motocicleta / bicicleta / veículo,Com Vítimas Feridas,Plena noite,Ceu Claro,Dupla   ,Urbano,Motocicletas,Ferido Leve ,23.0,Masculino
83282660,27/11/2014,RN,101,PARNAMIRIM,Não guardar distância de segurança,Colisão lateral,Com Vítimas Feridas,Anoitecer,Ceu Claro,Dupla   ,Urbano,Ônibus,Ignorado    ,-1.0,Inválido
83282660,27/11/2014,RN,101,PARNAMIRIM,Não guardar distância de segurança,Colisão lateral,Com Vítimas Feridas,Anoitecer,Ceu Claro,Dupla   ,Urbano,Motocicletas,Ferido Leve ,34.0,Masculino
83282805,01/12/2014,RN,304,MOSSORO,Ultrapassagem indevida,Colisão frontal,Com Vítimas Feridas,Pleno dia,Sol,Simples ,Urbano,Motocicletas,Ferido Leve ,41.0,Masculino
83282805,01/12/2014,RN,304,MOSSORO,Ultrapassagem indevida,Colisão frontal,Com Vítimas Feridas,Pleno dia,Sol,Simples ,Urbano,Motocicletas,Ferido Grave,18.0,Feminino
83282805,01/12/2014,RN,304,MOSSORO,Ultrapassagem indevida,Colisão frontal,Com Vítimas Feridas,Pleno dia,Sol,Simples ,Urbano,Camioneta,Ileso       ,38.0,Masculino
83282805,01/12/2014,RN,304,MOSSORO,Ultrapassagem indevida,Colisão frontal,Com Vítimas Feridas,Pleno dia,Sol,Simples ,Urbano,Não identificado,Ignorado    ,-1.0,Inválido
83282922,01/12/2014,RN,304,MACAIBA,Falta de atenção,Colisão traseira,Com Vítimas Feridas,Pleno dia,Ceu Claro,Dupla   ,Rural ,Motocicletas,Ferido Grave,33.0,Masculino
83282922,01/12/2014,RN,304,MACAIBA,Falta de atenção,Colisão traseira,Com Vítimas Feridas,Pleno dia,Ceu Claro,Dupla   ,Rural ,Automóvel,Ileso       ,50.0,Masculino
83282975,01/12/2014,RN,101,PARNAMIRIM,Não guardar distância de segurança,Colisão traseira,Sem Vítimas        ,Pleno dia,Ceu Claro,Múltipla,Urbano,Caminhonete,Ileso       ,52.0,Masculino
83282975,01/12/2014,RN,101,PARNAMIRIM,Não guardar distância de segurança,Colisão traseira,Sem Vítimas        ,Pleno dia,Ceu Claro,Múltipla,Urbano,Automóvel,Ileso       ,35.0,Feminino
83282975,01/12/2014,RN,101,PARNAMIRIM,Não guardar distância de segurança,Colisão traseira,Sem Vítimas        ,Pleno dia,Ceu Claro,Múltipla,Urbano,Automóvel,Ileso       ,36.0,Masculino
83283210,02/12/2014,RN,427,JARDIM DO SERIDO,Defeito mecânico em veículo,Colisão com objeto fixo,Sem Vítimas        ,Amanhecer,Ceu Claro,Simples ,Urbano,Caminhão,Ileso       ,-1.0,Masculino
83283284,02/12/2014,RN,226,MACAIBA,Falta de atenção,Colisão traseira,Sem Vítimas        ,Pleno dia,Sol,Simples ,Urbano,Caminhão-Trator,Ileso       ,55.0,Masculino
83283284,02/12/2014,RN,226,MACAIBA,Falta de atenção,Colisão traseira,Sem Vítimas        ,Pleno dia,Sol,Simples ,Urbano,Automóvel,Ileso       ,71.0,Masculino
83283343,02/12/2014,RN,101,NATAL,Não guardar distância de segurança,Colisão traseira,Sem Vítimas        ,Pleno dia,Ceu Claro,Simples ,Urbano,Automóvel,Ileso       ,64.0,Masculino
83283343,02/12/2014,RN,101,NATAL,Não guardar distância de segurança,Colisão traseira,Sem Vítimas        ,Pleno dia,Ceu Claro,Simples ,Urbano,Caminhão,Ileso       ,53.0,Masculino
83283365,02/12/2014,RN,110,MOSSORO,Não guardar distância de segurança,Colisão traseira,Sem Vítimas        ,Pleno dia,Sol,Dupla   ,Urbano,Automóvel,Ileso       ,37.0,Feminino
83283365,02/12/2014,RN,110,MOSSORO,Não guardar distância de segurança,Colisão traseira,Sem Vítimas        ,Pleno dia,Sol,Dupla   ,Urbano,Caminhão,Ileso       ,59.0,Masculino
83283413,02/12/2014,RN,101,PARNAMIRIM,Desobediência à sinalização,Colisão lateral,Sem Vítimas        ,Pleno dia,Sol,Dupla   ,Urbano,Motocicletas,Ileso       ,34.0,Masculino
83283413,02/12/2014,RN,101,PARNAMIRIM,Desobediência à sinalização,Colisão lateral,Sem Vítimas        ,Pleno dia,Sol,Dupla   ,Urbano,Automóvel,Ileso       ,37.0,Masculino
83283516,24/11/2014,RN,226,MACAIBA,Desobediência à sinalização,Colisão lateral,Com Vítimas Feridas,Anoitecer,Ceu Claro,Simples ,Urbano,Motocicletas,Ferido Leve ,24.0,Masculino
83283516,24/11/2014,RN,226,MACAIBA,Desobediência à sinalização,Colisão lateral,Com Vítimas Feridas,Anoitecer,Ceu Claro,Simples ,Urbano,Caminhonete,Ileso       ,66.0,Masculino
83283570,02/12/2014,RN,101,PARNAMIRIM,Defeito mecânico em veículo,Tombamento,Com Vítimas Feridas,Plena noite,Ceu Claro,Dupla   ,Urbano,Motocicletas,Ferido Leve ,22.0,Masculino
83283570,02/12/2014,RN,101,PARNAMIRIM,Defeito mecânico em veículo,Tombamento,Com Vítimas Feridas,Plena noite,Ceu Claro,Dupla   ,Urbano,Motocicletas,Ferido Leve ,28.0,Feminino
83283608,02/12/2014,RN,304,MACAIBA,Falta de atenção,Colisão traseira,Com Vítimas Feridas,Pleno dia,Ceu Claro,Simples ,Urbano,Caminhonete,Ileso       ,54.0,Masculino