id,data_inversa,uf,br,municipio,causa_acidente,tipo_acidente,classificacao_acidente,fase_dia,condicao_metereologica,tipo_pista,uso_solo,tipo_veiculo,estado_fisico,idade,sexo
83291379,18/12/2014,RN,101,NATAL,Falta de atenção,Colisão lateral,Com Vítimas Feridas,Pleno dia,Ceu Claro,Múltipla,Urbano,Automóvel,Ileso       ,-1.0,Masculino
83291379,18/12/2014,RN,101,NATAL,Falta de atenção,Colisão lateral,Com Vítimas Feridas,Pleno dia,Ceu Claro,Múltipla,Urbano,Motocicletas,Ferido Leve ,-1.0,Masculino
83291436,18/12/2014,RN,101,SAO GONCALO DO AMARANTE,Não guardar distância de segurança,Colisão traseira,Com Vítimas Feridas,Pleno dia,Ceu Claro,Dupla   ,Urbano,Motocicletas,Ferido Leve ,53.0,Masculino
83291436,18/12/2014,RN,101,SAO GONCALO DO AMARANTE,Não guardar distância de segurança,Colisão traseira,Com Vítimas Feridas,Pleno dia,Ceu Claro,Dupla   ,Urbano,Motocicletas,Ferido Leve ,46.0,Feminino
83291436,18/12/2014,RN,101,SAO GONCALO DO AMARANTE,Não guardar distância de segurança,Colisão traseira,Com Vítimas Feridas,Pleno dia,Ceu Claro,Dupla   ,Urbano,Automóvel,Ileso       ,25.0,Masculino
83291440,18/12/2014,RN,101,NATAL,Não guardar distância de segurança,Colisão traseira,Sem Vítimas        ,Anoitecer,Ceu Claro,Dupla   ,Urbano,Automóvel,Ileso       ,47.0,Masculino
83291440,18/12/2014,RN,101,NATAL,Não guardar distância de segurança,Colisão traseira,Sem Vítimas        ,Anoitecer,Ceu Claro,Dupla   ,Urbano,Motocicletas,Ileso       ,-1.0,Masculino
83291478,18/12/2014,RN,101,NATAL,Não guardar distância de segurança,Colisão traseira,Sem Vítimas        ,Plena noite,Ceu Claro,Múltipla,Urbano,Automóvel,Ileso       ,18.0,Masculino
83291478,18/12/2014,RN,101,NATAL,Não guardar distância de segurança,Colisão traseira,Sem Vítimas        ,Plena noite,Ceu Claro,Múltipla,Urbano,Automóvel,Ileso       ,35.0,Feminino
83291478,18/12/2014,RN,101,NATAL,Não guardar distância de segurança,Colisão traseira,Sem Vítimas        ,Plena noite,Ceu Claro,Múltipla,Urbano,Camioneta,Ileso       ,58.0,Masculino
83291712,19/12/2014,RN,101,NATAL,Outras,Colisão Transversal,Sem Vítimas        ,Pleno dia,Chuva,Dupla   ,Urbano,Automóvel,Ileso       ,32.0,Masculino
83291712,19/12/2014,RN,101,NATAL,Outras,Colisão Transversal,Sem Vítimas        ,Pleno dia,Chuva,Dupla   ,Urbano,Motocicletas,Ileso       ,50.0,Masculino
83291740,19/12/2014,RN,304,MACAIBA,Não guardar distância de segurança,Colisão traseira,Sem Vítimas        ,Pleno dia,Sol,Simples ,Urbano,Automóvel,Ileso       ,37.0,Masculino
83291740,19/12/2014,RN,304,MACAIBA,Não guardar distância de segurança,Colisão traseira,Sem Vítimas        ,Pleno dia,Sol,Simples ,Urbano,Automóvel,Ileso       ,20.0,Masculino
83291745,18/12/2014,RN,101,PARNAMIRIM,Não guardar distância de segurança,Colisão Transversal,Sem Vítimas        ,Pleno dia,Ceu Claro,Dupla   ,Urbano,Automóvel,Ileso       ,33.0,Feminino
83291745,18/12/2014,RN,101,PARNAMIRIM,Não guardar distância de segurança,Colisão Transversal,Sem Vítimas        ,Pleno dia,Ceu Claro,Dupla   ,Urbano,Caminhão,Ileso       ,24.0,Masculino
83291746,19/12/2014,RN,101,PARNAMIRIM,Outras,Colisão traseira,Com Vítimas Feridas,Amanhecer,Chuva,Múltipla,Rural ,Motocicletas,Ferido Leve ,-1.0,Masculino
83291746,19/12/2014,RN,101,PARNAMIRIM,Outras,Colisão traseira,Com Vítimas Feridas,Amanhecer,Chuva,Múltipla,Rural ,Ônibus,Ileso       ,-1.0,Masculino
83291824,19/12/2014,RN,101,SAO GONCALO DO AMARANTE,Falta de atenção,Colisão traseira,Com Vítimas Feridas,Pleno dia,Ceu Claro,Múltipla,Urbano,Microônibus,Ileso       ,57.0,Masculino
83291824,19/12/2014,RN,101,SAO GONCALO DO AMARANTE,Falta de atenção,Colisão traseira,Com Vítimas Feridas,Pleno dia,Ceu Claro,Múltipla,Urbano,Automóvel,Ileso       ,39.0,Masculino
83291824,19/12/2014,RN,101,SAO GONCALO DO AMARANTE,Falta de atenção,Colisão traseira,Com Vítimas Feridas,Pleno dia,Ceu Claro,Múltipla,Urbano,Motoneta,Ferido Leve ,34.0,Masculino
83291824,19/12/2014,RN,101,SAO GONCALO DO AMARANTE,Falta de atenção,Colisão traseira,Com Vítimas Feridas,Pleno dia,Ceu Claro,Múltipla,Urbano,Motoneta,Ferido Leve ,34.0,Masculino
83291829,19/12/2014,RN,101,PARNAMIRIM,Não guardar distância de segurança,Colisão traseira,Sem Vítimas        ,Pleno dia,Nublado,Simples ,Urbano,Automóvel,Ileso       ,37.0,Masculino
83291829,19/12/2014,RN,101,PARNAMIRIM,Não guardar distância de segurança,Colisão traseira,Sem Vítimas        ,Pleno dia,Nublado,Simples ,Urbano,Automóvel,Ileso       ,58.0,Masculino
83291946,19/12/2014,RN,226,CAMPO REDONDO,Ingestão de álcool,Saída de Pista,Com Vítimas Feridas,Pleno dia,Ceu Claro,Simples ,Rural ,Motocicletas,Ferido Grave,44.0,Masculino
83292150,15/12/2014,RN,101,PARNAMIRIM,Falta de atenção,Colisão traseira,Sem Vítimas        ,Pleno dia,Ceu Claro,Dupla   ,Urbano,Automóvel,Ileso       ,36.0,Feminino
83292150,15/12/2014,RN,101,PARNAMIRIM,Falta de atenção,Colisão traseira,Sem Vítimas        ,Pleno dia,Ceu Claro,Dupla   ,Urbano,Motocicletas,Ileso       ,32.0,Masculino
83292178,19/12/2014,RN,406,SAO GONCALO DO AMARANTE,Outras,Atropelamento de pessoa,Com Vítimas Feridas,Plena noite,Ceu Claro,Simples ,Rural ,Automóvel,Ileso       ,25.0,Feminino
83292178,19/12/2014,RN,406,SAO GONCALO DO AMARANTE,Outras,Atropelamento de pessoa,Com Vítimas Feridas,Plena noite,Ceu Claro,Simples ,Rural ,(null),Ferido Grave,57.0,Masculino
83292342,20/12/2014,RN,101,NATAL,Ingestão de álcool,Colisão com objeto fixo,Sem Vítimas        ,Pleno dia,Ceu Claro,Simples ,Urbano,Automóvel,Ileso       ,44.0,Masculino
83292345,20/12/2014,RN,101,PARNAMIRIM,Não guardar distância de segurança,Colisão traseira,Sem Vítimas        ,Pleno dia,Chuva,Dupla   ,Urbano,Caminhonete,Ileso       ,53.0,Masculino
83292345,20/12/2014,RN,101,PARNAMIRIM,Não guardar distância de segurança,Colisão traseira,Sem Vítimas        ,Pleno dia,Chuva,Dupla   ,Urbano,Automóvel,Ileso       ,53.0,Masculino
83292345,20/12/2014,RN,101,PARNAMIRIM,Não guardar distância de segurança,Colisão traseira,Sem Vítimas        ,Pleno dia,Chuva,Dupla   ,Urbano,Automóvel,Ileso       ,40.0,Masculino
83292409,20/12/2014,RN,406,CEARA-MIRIM,Outras,Colisão traseira,Sem Vítimas        ,Pleno dia,Ceu Claro,Simples ,Rural ,Automóvel,Ileso       ,70.0,Masculino
83292409,20/12/2014,RN,406,CEARA-MIRIM,Outras,Colisão traseira,Sem Vítimas        ,Pleno dia,Ceu Claro,Simples ,Rural ,Caminhão-Trator,Ileso       ,36.0,Masculino
83292479,20/12/2014,RN,101,GOIANINHA,Velocidade incompatível,Capotamento,Sem Vítimas        ,Pleno dia,Chuva,Dupla   ,Rural ,Automóvel,Ileso       ,45.0,Masculino
83292633,20/12/2014,RN,101,SAO GONCALO DO AMARANTE,Defeito mecânico em veículo,Incêndio,Sem Vítimas        ,Pleno dia,Nublado,Dupla   ,Urbano,Camioneta,Ileso       ,57.0,Masculino
83292680,20/12/2014,RN,101,NATAL,Outras,Colisão lateral,Sem Vítimas        ,Plena noite,Ceu Claro,Dupla   ,Urbano,Automóvel,Ileso       ,21.0,Masculino
83292680,20/12/2014,RN,101,NATAL,Outras,Colisão lateral,Sem Vítimas        ,Plena noite,Ceu Claro,Dupla   ,Urbano,Automóvel,Ileso       ,19.0,Masculino
83292686,20/12/2014,RN,101,GOIANINHA,Ingestão de álcool,Colisão traseira,Com Vítimas Feridas,Pleno dia,Ceu Claro,Dupla   ,Urbano,Motocicletas,Ferido Leve ,24.0,Masculino
83292686,20/12/2014,RN,101,GOIANINHA,Ingestão de álcool,Colisão traseira,Com Vítimas Feridas,Pleno dia,Ceu Claro,Dupla   ,Urbano,Automóvel,Ileso       ,45.0,Masculino
83292730,20/12/2014,RN,226,TANGARA,Ingestão de álcool,Colisão Transversal,Sem Vítimas        ,Pleno dia,Ceu Claro,Simples ,Rural ,Camioneta,Ileso       ,33.0,Masculino
83292730,20/12/2014,RN,226,TANGARA,Ingestão de álcool,Colisão Transversal,Sem Vítimas        ,Pleno dia,Ceu Claro,Simples ,Rural ,Caminhonete,Ileso       ,55.0,Masculino
83292772,07/12/2014,RN,405,MOSSORO,Outras,Queda de motocicleta / bicicleta / veículo,Com Vítimas Feridas,Pleno dia,Ceu Claro,Simples ,Urbano,Não identificado,Ferido Leve ,-1.0,Masculino
83292783,11/12/2014,RN,304,MOSSORO,Falta de atenção,Colisão lateral,Sem Vítimas        ,Plena noite,Ceu Claro,Dupla   ,Urbano,Automóvel,Ileso       ,50.0,Feminino
83292783,11/12/2014,RN,304,MOSSORO,Falta de atenção,Colisão lateral,Sem Vítimas        ,Plena noite,Ceu Claro,Dupla   ,Urbano,Automóvel,Ileso       ,49.0,Masculino
83292860,17/12/2014,RN,101,NATAL,Falta de atenção,Colisão traseira,Sem Vítimas        ,Plena noite,Ceu Claro,Dupla   ,Urbano,Automóvel,Ileso       ,36.0,Masculino
83292860,17/12/2014,RN,101,NATAL,Falta de atenção,Colisão traseira,Sem Vítimas        ,Plena noite,Ceu Claro,Dupla   ,Urbano,Automóvel,Ileso       ,31.0,Feminino
83292927,17/12/2014,RN,101,NATAL,Não guardar distância de segurança,Colisão traseira,Sem Vítimas        ,Pleno dia,Ceu Claro,Dupla   ,Urbano,Automóvel,Ileso       ,30.0,Feminino
83292927,17/12/2014,RN,101,NATAL,Não guardar distância de segurança,Colisão traseira,Sem Vítimas        ,Pleno dia,Ceu Claro,Dupla   ,Urbano,Automóvel,Ileso       ,37.0,Masculino
83293028,21/12/2014,RN,304,PARNAMIRIM,Falta de atenção,Colisão lateral,Com Vítimas Feridas,Pleno dia,Ceu Claro,Múltipla,Urbano,Motocicletas,Ferido Leve ,-1.0,Masculino
83293028,21/12/2014,RN,304,PARNAMIRIM,Falta de atenção,Colisão lateral,Com Vítimas Feridas,Pleno dia,Ceu Claro,Múltipla,Urbano,Caminhão,Ignorado    ,-1.0,Inválido
83293028,21/12/2014,RN,304,PARNAMIRIM,Falta de atenção,Colisão lateral,Com Vítimas Feridas,Pleno dia,Ceu Claro,Múltipla,Urbano,Motocicletas,Ferido Grave,27.0,Feminino
83293057,21/12/2014,RN,101,PARNAMIRIM,Outras,Colisão com objeto fixo,Ignorado           ,Pleno dia,Ceu Claro,Dupla   ,Urbano,Caminhão-Trator,Ignorado    ,-1.0,Inválido
83293150,21/12/2014,RN,304,MACAIBA,Falta de atenção,Colisão traseira,Sem Vítimas        ,Anoitecer,Ceu Claro,Simples ,Urbano,Utilitário,Ileso       ,78.0,Masculino
83293150,21/12/2014,RN,304,MACAIBA,Falta de atenção,Colisão traseira,Sem Vítimas        ,Anoitecer,Ceu Claro,Simples ,Urbano,Automóvel,Ileso       ,26.0,Masculino
83293150,21/12/2014,RN,304,MACAIBA,Falta de atenção,Colisão traseira,Sem Vítimas        ,Anoitecer,Ceu Claro,Simples ,Urbano,Automóvel,Ileso       ,28.0,Masculino
83293212,21/12/2014,RN,101,NATAL,Falta de atenção,Colisão lateral,Sem Vítimas        ,Anoitecer,Ceu Claro,Múltipla,Urbano,Automóvel,Ileso       ,44.0,Feminino
83293212,21/12/2014,RN,101,NATAL,Falta de atenção,Colisão lateral,Sem Vítimas        ,Anoitecer,Ceu Claro,Múltipla,Urbano,Ônibus,Ileso       ,50.0,Masculino
83293225,21/12/2014,RN,101,PARNAMIRIM,Outras,Colisão traseira,Com Vítimas Feridas,Anoitecer,Ceu Claro,Múltipla,Urbano,Motocicletas,Ferido Leve ,28.0,Masculino
83293225,21/12/2014,RN,101,PARNAMIRIM,Outras,Colisão traseira,Com Vítimas Feridas,Anoitecer,Ceu Claro,Múltipla,Urbano,Automóvel,Ileso       ,24.0,Masculino
83293225,21/12/2014,RN,101,PARNAMIRIM,Outras,Colisão traseira,Com Vítimas Feridas,Anoitecer,Ceu Claro,Múltipla,Urbano,Motocicletas,Ferido Leve ,26.0,Feminino
83293310,21/12/2014,RN,304,MOSSORO,Ingestão de álcool,Saída de Pista,Com Vítimas Feridas,Plena noite,Ceu Claro,Dupla   ,Urbano,Motocicletas,Ferido Leve ,22.0,Masculino
83293384,22/12/2014,RN,304,MOSSORO,Animais na Pista,Atropelamento de animal,Sem Vítimas        ,Plena noite,Ignorada,Simples ,Rural ,Caminhão-Trator,Ileso       ,49.0,Masculino
83293384,22/12/2014,RN,304,MOSSORO,Animais na Pista,Atropelamento de animal,Sem Vítimas        ,Plena noite,Ignorada,Simples ,Rural ,Caminhão-Trator,Ileso       ,26.0,Masculino
83293440,18/12/2014,RN,101,GOIANINHA,Outras,Colisão com objeto fixo,Sem Vítimas        ,Pleno dia,Ceu Claro,Dupla   ,Urbano,Automóvel,Ileso       ,37.0,Feminino
83293484,14/12/2014,RN,304,CAICARA DO RIO DO VENTO,Outras,Colisão frontal,Com Vítimas Fatais ,Plena noite,Ceu Claro,Simples ,Rural ,Motocicletas,Morto       ,50.0,Masculino
83293484,14/12/2014,RN,304,CAICARA DO RIO DO VENTO,Outras,Colisão frontal,Com Vítimas Fatais ,Plena noite,Ceu Claro,Simples ,Rural ,Não identificado,Ignorado    ,-1.0,Inválido
83293487,10/10/2014,RN,226,CURRAIS NOVOS,Outras,Atropelamento de pessoa,Com Vítimas Feridas,Plena noite,Ceu Claro,Dupla   ,Urbano,Automóvel,Ileso       ,49.0,Masculino
83293487,10/10/2014,RN,226,CURRAIS NOVOS,Outras,Atropelamento de pessoa,Com Vítimas Feridas,Plena noite,Ceu Claro,Dupla   ,Urbano,(null),Ferido Grave,56.0,Masculino
83293515,22/12/2014,RN,304,RIACHUELO,Desobediência à sinalização,Colisão lateral,Sem Vítimas        ,Pleno dia,Ceu Claro,Simples ,Rural ,Caminhão,Ileso       ,25.0,Masculino
83293515,22/12/2014,RN,304,RIACHUELO,Desobediência à sinalização,Colisão lateral,Sem Vítimas        ,Pleno dia,Ceu Claro,Simples ,Rural ,Caminhonete,Ileso       ,69.0,Masculino
83293569,21/12/2014,RN,304,LAJES,Outras,Capotamento,Com Vítimas Feridas,Plena noite,Ceu Claro,Simples ,Rural ,Automóvel,Ileso       ,34.0,Masculino
83293569,21/12/2014,RN,304,LAJES,Outras,Capotamento,Com Vítimas Feridas,Plena noite,Ceu Claro,Simples ,Rural ,Automóvel,Ferido Leve ,26.0,Feminino
83293569,21/12/2014,RN,304,LAJES,Outras,Capotamento,Com Vítimas Feridas,Plena noite,Ceu Claro,Simples ,Rural ,Automóvel,Ferido Leve ,34.0,Feminino
83293623,18/12/2014,RN,427,CURRAIS NOVOS,Outras,Colisão traseira,Com Vítimas Feridas,Pleno dia,Ceu Claro,Simples ,Urbano,Caminhão,Ileso       ,-1.0,Masculino
83293623,18/12/2014,RN,427,CURRAIS NOVOS,Outras,Colisão traseira,Com Vítimas Feridas,Pleno dia,Ceu Claro,Simples ,Urbano,Caminhão,Ferido Grave,-1.0,Masculino
83293731,06/12/2014,RN,101,PARNAMIRIM,Não guardar distância de segurança,Colisão traseira,Sem Vítimas        ,Pleno dia,Ceu Claro,Dupla   ,Urbano,Camioneta,Ileso       ,24.0,Masculino
83293731,06/12/2014,RN,101,PARNAMIRIM,Não guardar distância de segurança,Colisão traseira,Sem Vítimas        ,Pleno dia,Ceu Claro,Dupla   ,Urbano,Caminhão,Ileso       ,33.0,Masculino
83293830,22/12/2014,RN,304,MOSSORO,Não guardar distância de segurança,Colisão traseira,Sem Vítimas        ,Pleno dia,Ceu Claro,Dupla   ,Urbano,Automóvel,Ileso       ,49.0,Masculino
83293830,22/12/2014,RN,304,MOSSORO,Não guardar distância de segurança,Colisão traseira,Sem Vítimas        ,Pleno dia,Ceu Claro,Dupla   ,Urbano,Automóvel,Ileso       ,37.0,Masculino
83293858,22/12/2014,RN,304,MACAIBA,Não guardar distância de segurança,Colisão Transversal,Sem Vítimas        ,Pleno dia,Ceu Claro,Simples ,Urbano,Automóvel,Ileso       ,30.0,Masculino
83293858,22/12/2014,RN,304,MACAIBA,Não guardar distância de segurança,Colisão Transversal,Sem Vítimas        ,Pleno dia,Ceu Claro,Simples ,Urbano,Automóvel,Ileso       ,61.0,Masculino
83293863,22/12/2014,RN,226,NATAL,Desobediência à sinalização,Colisão Transversal,Sem Vítimas        ,Pleno dia,Sol,Simples ,Urbano,Caminhonete,Ileso       ,53.0,Masculino
83293863,22/12/2014,RN,226,NATAL,Desobediência à sinalização,Colisão Transversal,Sem Vítimas        ,Pleno dia,Sol,Simples ,Urbano,Automóvel,Ileso       ,32.0,Masculino
83293866,20/12/2014,RN,101,NATAL,Falta de atenção,Colisão lateral,Sem Vítimas        ,Plena noite,Ceu Claro,Dupla   ,Urbano,Caminhonete,Ileso       ,27.0,Masculino
83293866,20/12/2014,RN,101,NATAL,Falta de atenção,Colisão lateral,Sem Vítimas        ,Plena noite,Ceu Claro,Dupla   ,Urbano,Automóvel,Ileso       ,59.0,Feminino
83293939,22/12/2014,RN,101,NATAL,Não guardar distância de segurança,Colisão traseira,Sem Vítimas        ,Pleno dia,Sol,Múltipla,Urbano,Automóvel,Ileso       ,60.0,Masculino
83293939,22/12/2014,RN,101,NATAL,Não guardar distância de segurança,Colisão traseira,Sem Vítimas        ,Pleno dia,Sol,Múltipla,Urbano,Caminhonete,Ileso       ,38.0,Masculino
83293939,22/12/2014,RN,101,NATAL,Não guardar distância de segurança,Colisão traseira,Sem Vítimas        ,Pleno dia,Sol,Múltipla,Urbano,Utilitário,Ileso       ,36.0,Feminino
83293939,22/12/2014,RN,101,NATAL,Não guardar distância de segurança,Colisão traseira,Sem Vítimas        ,Pleno dia,Sol,Múltipla,Urbano,Automóvel,Ileso       ,36.0,Feminino
83293939,22/12/2014,RN,101,NATAL,Não guardar distância de segurança,Colisão traseira,Sem Vítimas        ,Pleno dia,Sol,Múltipla,Urbano,Automóvel,Ileso       ,28.0,Masculino
83293947,22/12/2014,RN,304,MACAIBA,Não guardar distância de segurança,Colisão traseira,Com Vítimas Feridas,Pleno dia,Ceu Claro,Simples ,Rural ,Automóvel,Ileso       ,41.0,Masculino
83293947,22/12/2014,RN,304,MACAIBA,Não guardar distância de segurança,Colisão traseira,Com Vítimas Feridas,Pleno dia,Ceu Claro,Simples ,Rural ,Motocicletas,Ferido Leve ,26.0,Masculino
83293953,21/12/2014,RN,304,MACAIBA,Outras,Capotamento,Com Vítimas Feridas,Plena noite,Vento,Dupla   ,Rural ,Automóvel,Ileso       ,46.0,Masculino
83293953,21/12/2014,RN,304,MACAIBA,Outras,Capotamento,Com Vítimas Feridas,Plena noite,Vento,Dupla   ,Rural ,Automóvel,Ferido Grave,23.0,Masculino
83293957,22/12/2014,RN,427,CURRAIS NOVOS,Falta de atenção,Colisão traseira,Sem Vítimas        ,Pleno dia,Sol,Simples ,Urbano,Caminhão-Trator,Ileso       ,63.0,Masculino
83293957,22/12/2014,RN,427,CURRAIS NOVOS,Falta de atenção,Colisão traseira,Sem Vítimas        ,Pleno dia,Sol,Simples ,Urbano,Automóvel,Ileso       ,76.0,Masculino
83293957,22/12/2014,RN,427,CURRAIS NOVOS,Falta de atenção,Colisão traseira,Sem Vítimas        ,Pleno dia,Sol,Simples ,Urbano,Automóvel,Ileso       ,54.0,Masculino
83293968,22/12/2014,RN,101,NATAL,Desobediência à sinalização,Atropelamento de pessoa,Com Vítimas Feridas,Pleno dia,Ceu Claro,Múltipla,Urbano,Automóvel,Ileso       ,35.0,Masculino
83293968,22/12/2014,RN,101,NATAL,Desobediência à sinalização,Atropelamento de pessoa,Com Vítimas Feridas,Pleno dia,Ceu Claro,Múltipla,Urbano,(null),Ferido Grave,-1.0,Masculino
83294020,22/12/2014,RN,304,ASSU,Animais na Pista,Atropelamento de animal,Sem Vítimas        ,Plena noite,Ceu Claro,Simples ,Rural ,Camioneta,Ileso       ,45.0,Masculino
83294020,22/12/2014,RN,304,ASSU,Animais na Pista,Atropelamento de animal,Sem Vítimas        ,Plena noite,Ceu Claro,Simples ,Rural ,Camioneta,Ileso       ,-1.0,Masculino
83294148,20/12/2014,RN,101,NATAL,Ingestão de álcool,Colisão lateral,Sem Vítimas        ,Amanhecer,Ceu Claro,Simples ,Urbano,Automóvel,Ileso       ,34.0,Masculino
83294148,20/12/2014,RN,101,NATAL,Ingestão de álcool,Colisão lateral,Sem Vítimas        ,Amanhecer,Ceu Claro,Simples ,Urbano,Automóvel,Ileso       ,21.0,Masculino
83294256,23/12/2014,RN,101,SAO GONCALO DO AMARANTE,Não guardar distância de segurança,Colisão traseira,Sem Vítimas        ,Pleno dia,Ceu Claro,Dupla   ,Urbano,Automóvel,Ileso       ,36.0,Masculino
83294256,23/12/2014,RN,101,SAO GONCALO DO AMARANTE,Não guardar distância de segurança,Colisão traseira,Sem Vítimas        ,Pleno dia,Ceu Claro,Dupla   ,Urbano,Automóvel,Ileso       ,31.0,Masculino
83294256,23/12/2014,RN,101,SAO GONCALO DO AMARANTE,Não guardar distância de segurança,Colisão traseira,Sem Vítimas        ,Pleno dia,Ceu Claro,Dupla   ,Urbano,Automóvel,Ileso       ,29.0,Masculino
83294256,23/12/2014,RN,101,SAO GONCALO DO AMARANTE,Não guardar distância de segurança,Colisão traseira,Sem Vítimas        ,Pleno dia,Ceu Claro,Dupla   ,Urbano,Automóvel,Ileso       ,42.0,Masculino
83294256,23/12/2014,RN,101,SAO GONCALO DO AMARANTE,Não guardar distância de segurança,Colisão traseira,Sem Vítimas        ,Pleno dia,Ceu Claro,Dupla   ,Urbano,Caminhonete,Ileso       ,44.0,Masculino
83294285,19/12/2014,RN,427,CAICO,Animais na Pista,Tombamento,Sem Vítimas        ,Plena noite,Ceu Claro,Simples ,Rural ,Caminhão,Ileso       ,42.0,Masculino
83294352,19/12/2014,RN,101,NATAL,Falta de atenção,Colisão traseira,Sem Vítimas        ,Anoitecer,Ceu Claro,Dupla   ,Urbano,Automóvel,Ignorado    ,-1.0,Inválido
83294352,19/12/2014,RN,101,NATAL,Falta de atenção,Colisão traseira,Sem Vítimas        ,Anoitecer,Ceu Claro,Dupla   ,Urbano,Automóvel,Ileso       ,-1.0,Feminino
83294352,19/12/2014,RN,101,NATAL,Falta de atenção,Colisão traseira,Sem Vítimas        ,Anoitecer,Ceu Claro,Dupla   ,Urbano,Automóvel,Ileso       ,-1.0,Feminino
83294352,19/12/2014,RN,101,NATAL,Falta de atenção,Colisão traseira,Sem Vítimas        ,Anoitecer,Ceu Claro,Dupla   ,Urbano,Automóvel,Ignorado    ,-1.0,Inválido
83294365,23/12/2014,RN,101,PARNAMIRIM,Não guardar distância de segurança,Colisão traseira,Sem Vítimas        ,Pleno dia,Ceu Claro,Dupla   ,Urbano,Automóvel,Ileso       ,47.0,Masculino
83294365,23/12/2014,RN,101,PARNAMIRIM,Não guardar distância de segurança,Colisão traseira,Sem Vítimas        ,Pleno dia,Ceu Claro,Dupla   ,Urbano,Caminhão-Trator,Ignorado    ,-1.0,Masculino
83294455,23/12/2014,RN,110,MOSSORO,Falta de atenção,Colisão lateral,Com Vítimas Feridas,Pleno dia,Ceu Claro,Dupla   ,Urbano,Automóvel,Ileso       ,54.0,Feminino
83294455,23/12/2014,RN,110,MOSSORO,Falta de atenção,Colisão lateral,Com Vítimas Feridas,Pleno dia,Ceu Claro,Dupla   ,Urbano,Ciclomotor,Ferido Leve ,-1.0,Feminino
83294499,23/12/2014,RN,304,MOSSORO,Falta de atenção,Saída de Pista,Sem Vítimas        ,Anoitecer,Ceu Claro,Simples ,Rural ,Automóvel,Ileso       ,24.0,Masculino
83294499,23/12/2014,RN,304,MOSSORO,Falta de atenção,Saída de Pista,Sem Vítimas        ,Anoitecer,Ceu Claro,Simples ,Rural ,Automóvel,Ileso       ,40.0,Feminino
83294543,19/12/2014,RN,101,GOIANINHA,Velocidade incompatível,Saída de Pista,Com Vítimas Feridas,Pleno dia,Chuva,Simples ,Rural ,Automóvel,Ferido Leve ,-1.0,Feminino
83294570,23/12/2014,RN,304,MOSSORO,Outras,Queda de motocicleta / bicicleta / veículo,Com Vítimas Feridas,Plena noite,Ceu Claro,Dupla   ,Urbano,Motocicletas,Ferido Grave,33.0,Feminino
83294570,23/12/2014,RN,304,MOSSORO,Outras,Queda de motocicleta / bicicleta / veículo,Com Vítimas Feridas,Plena noite,Ceu Claro,Dupla   ,Urbano,Motocicletas,Ferido Leve ,33.0,Feminino
83294570,23/12/2014,RN,304,MOSSORO,Outras,Queda de motocicleta / bicicleta / veículo,Com Vítimas Feridas,Plena noite,Ceu Claro,Dupla   ,Urbano,Motocicletas,Ileso       ,-1.0,Masculino
83294570,23/12/2014,RN,304,MOSSORO,Outras,Queda de motocicleta / bicicleta / veículo,Com Vítimas Feridas,Plena noite,Ceu Claro,Dupla   ,Urbano,Motocicletas,Ileso       ,-1.0,Masculino
83294571,19/12/2014,RN,101,NATAL,Ultrapassagem indevida,Colisão lateral,Com Vítimas Feridas,Pleno dia,Sol,Dupla   ,Urbano,Automóvel,Ileso       ,25.0,Masculino
83294571,19/12/2014,RN,101,NATAL,Ultrapassagem indevida,Colisão lateral,Com Vítimas Feridas,Pleno dia,Sol,Dupla   ,Urbano,Motocicletas,Ferido Leve ,32.0,Masculino
83294633,20/12/2014,RN,101,PARNAMIRIM,Outras,Colisão traseira,Sem Vítimas        ,Pleno dia,Sol,Dupla   ,Urbano,Automóvel,Ileso       ,34.0,Masculino
83294633,20/12/2014,RN,101,PARNAMIRIM,Outras,Colisão traseira,Sem Vítimas        ,Pleno dia,Sol,Dupla   ,Urbano,Automóvel,Ileso       ,41.0,Masculino
83294654,23/12/2014,RN,405,FELIPE GUERRA,Dormindo,Saída de Pista,Sem Vítimas        ,Pleno dia,Ceu Claro,Simples ,Rural ,Automóvel,Ileso       ,57.0,Masculino
83294765,20/12/2014,RN,304,MOSSORO,Outras,Colisão traseira,Com Vítimas Feridas,Plena noite,Ceu Claro,Simples ,Urbano,Automóvel,Ileso       ,33.0,Masculino
83294765,20/12/2014,RN,304,MOSSORO,Outras,Colisão traseira,Com Vítimas Feridas,Plena noite,Ceu Claro,Simples ,Urbano,Ciclomotor,Ferido Grave,47.0,Masculino
83294852,24/12/2014,RN,226,NATAL,Outras,Colisão lateral,Sem Vítimas        ,Pleno dia,Sol,Dupla   ,Urbano,Camioneta,Ileso       ,46.0,Masculino
83294852,24/12/2014,RN,226,NATAL,Outras,Colisão lateral,Sem Vítimas        ,Pleno dia,Sol,Dupla   ,Urbano,Automóvel,Ileso       ,59.0,Masculino
83294870,24/12/2014,RN,406,CEARA-MIRIM,Ultrapassagem indevida,Colisão frontal,Com Vítimas Feridas,Pleno dia,Ceu Claro,Simples ,Rural ,Automóvel,Ileso       ,31.0,Masculino